Workbook

Sheet 안내
A1: 모델하우스 컨피규레이터 · QA / 버그 리포트 / 회귀 테스트
A3: 진행 순서
A4: ① 전체 QA (기능 검증): 'QA 체크리스트' 시트에서 TC를 하나씩 실행하고 결과를 적는다. 실패하면 '버그 리포트'에 등록하고 버그 ID를 적는다.
A5: ② 리팩토링: 버그 수정·코드 정리. 커밋마다 관련 버그 ID를 메시지에 적는다 (예: fix: BUG-03 …).
A6: ③ 회귀 테스트: 리팩토링 후 '회귀 테스트' 시트에서 같은 TC를 다시 실행해 동작이 똑같이 유지되는지 확인한다.
A8: 버그 리포트 작성 항목
A9: 제목: 버그를 한 줄로 요약
A10: 환경: OS, 빌드 버전(Unity 6000.4.0f1 / 커밋 해시 / 에디터 or 빌드), 디바이스
A11: 재현 단계: 버그를 다시 발생시킬 수 있는 구체적 절차 (번호 매겨서)
A12: 예상 결과: 정상 동작 시 기대되는 결과
A13: 실제 결과: 실제로 발생한 현상
A14: 스크린샷/로그: F12 화면 캡처, F11 이벤트 기록 저장 → C:\Unity\COM_Evidence\ 파일 이름을 적는다. Console 에러는 복사해 붙인다.
... A20: 낮음: 문구·표시·사소한 시각 문제

Sheet QA 체크리스트
A1: 전체 QA (기능 검증) | J1: 통과 | K1: =COUNTIF(G5:G38,"통과") -> 30 | L1: 미실행
A2: 환경 | B2: Windows 11 (10.0.26200) / Unity 6000.4.0f1 / feature/chanjung-qa (develop dfe46d6 + 오민 10/13) / 에디터 Play · 자동 점검: Tools → COM → QA 자동 점검 | J2: 실패 | K2: =COUNTIF(G5:G38,"실패") -> 0 | L2: =COUNTIF(G5:G38,"미실행")&" / "&COUNTA(A5:A38) -> 0 / 34
A4: TC | B4: 요구사항 | C4: 담당 | D4: 기능 | E4: 재현 단계 (시험 절차) | F4: 예상 결과 | G4: 결과 | H4: 실제 결과 (실패 시) | I4: 버그 ID | J4: 시험자 | K4: 시험일 | L4: 증거 파일
A5: TC-01 | B5: FR-01 | C5: 권오민 | D5: 이동·시점 | E5: 1) Play → 현관에서 WASD로 거실·주방·침실 이동 2) 벽·가구로 계속 걸어가기 3) 우클릭 누른 채/뗀 채 마우스 이동 | F5: 4개 구역 모두 이동, 벽·물체 통과 안 함, 우클릭 중에만 시점 회전 | G5: 통과
A6: TC-02 | B6: FR-02 | C6: 권오민 | D6: 구역 정보 창 | E6: 1) 현관 → 거실 → 주방 → 침실 순서로 들어가기 | F6: 들어갈 때마다 그 구역 정보 창이 3초 표시, 구역이 바뀌면 교체 | G6: 통과 | H6: 거실 진입 0.3초에 표시, '거실' 글자, 2.7초 유지·3.3초 사라짐 | J6: 김찬중(자동) | K6: 2026-10-13 | L6: 20261013_115854_QA자동점검.txt
A7: TC-03 | B7: FR-03 | C7: 권오민 | D7: 부분 선택 | E7: 1) 부록 A-3 부분(벽·바닥·상판·소파·러그·액자·화분)에 5m 안/밖에서 조준·클릭 | F7: 5m 안에서만 테두리 강조, 클릭하면 그 부분 옵션 목록 열림 | G7: 통과
A8: TC-04 | B8: FR-04 | C8: 김찬중 | D8: 재실 조명 | E8: 1) 구역 밖에서 구역 안으로 들어가기 (4개 구역) 2) 기록 패널에서 '방 진입'·'조명 켜기 시작' 확인 | F8: 1초 이내 밝기 100% | G8: 통과 | H8: 1.00초 | J8: 김찬중(자동) | K8: 2026-10-13 | L8: 20261013_115854_QA자동점검.txt
A9: TC-05 | B9: FR-05 | C9: 김찬중 | D9: 퇴실 조명 | E9: 1) 구역 안에서 밖으로 나가 기다리기 | F9: 3초 뒤 어두워지기 시작, 4초에 0%, '조명 꺼짐' 기록 | G9: 통과 | H9: 감광 시작 3.04초, 0% 4.04초 | J9: 김찬중(자동) | K9: 2026-10-13 | L9: 20261013_115854_QA자동점검.txt
A10: TC-06 | B10: FR-05 | C10: 김찬중 | D10: 재진입(2초) | E10: 1) 구역에서 나가고 2초 뒤 다시 들어가기 | F10: 조명이 꺼지지 않고 켜진 채 유지 | G10: 통과 | H10: 재진입 후 3초 최저 밝기 1.00 | J10: 김찬중(자동) | K10: 2026-10-13 | L10: 20261013_115854_QA자동점검.txt
A11: TC-07 | B11: FR-04/05 | C11: 김찬중 | D11: 재진입(3.5초) | E11: 1) 구역에서 나가고 3.5초 뒤(어두워지는 중) 다시 들어가기 | F11: 1초 이내 밝기 100%로 복귀 | G11: 통과 | H11: 밝기 0.51에서 재진입 → 0.49초에 100% | J11: 김찬중(자동) | K11: 2026-10-13 | L11: 20261013_115854_QA자동점검.txt
A12: TC-14 | B12: FR-11 | C12: 권오민 | D12: 메뉴·패널 | E12: 1) 좌측 상단 [옵션]·[기록] 버튼 번갈아 누르기 2) 패널 열린 채 WASD 이동 | F12: 0.5초 이내 패널 열림, 다른 패널 닫힘, 열린 채 이동 가능 | G12: 통과 | H12: 옵션 패널 16ms에 열림, 기록 전환 시 옵션 닫힘, timeScale 1, 다시 누르면 닫힘 | J12: 김찬중(자동) | K12: 2026-10-13 | L12: 20261013_115854_QA자동점검.txt
A13: TC-16 | B13: FR-13 | C13: 김찬중 | D13: 커피 시연 | E13: 1) 로봇팔 근처에서 로봇팔 클릭 또는 C 2) 받침대 빈 상태 시간 측정 3) 2·3·4번째 실행 | F13: 보관대 컵→추출구 5초→받침대, 빈 받침대 30초·정리 포함 60초 이내, 2번째부터 지난 잔 싱크대, 4번째에 컵 3개 보관대로 복귀 | G13: 통과 | H13: 빈 받침대 26.1초, 정리 포함 37.1초, 싱크대 정리 확인 | J13: 김찬중(자동) | K13: 2026-10-13 | L13: 20261013_115854_QA자동점검.txt
A14: TC-16-P | B14: FR-13 (피드백) | C14: 김찬중 | D14: 일시정지 X | E14: 1) 커피 작업 중(컵 든 상태) X 2) 몇 초 뒤 다시 X | F14: 팔·추출 시간·김이 멈추고, 다시 X에 하던 곳부터 이어서 진행, '커피 작업 일시정지/이어서 진행' 기록 | G14: 통과 | H14: 추출 직전 일시정지 3초 동안 멈춤 → 이어서 완료 | J14: 김찬중(자동) | K14: 2026-10-13 | L14: 20261013_115854_QA자동점검.txt
A15: TC-16-S | B15: FR-13 (피드백) | C15: 김찬중 | D15: 정지 Z | E15: 1) 컵을 든 상태에서 Z 2) 컵 집기 전·추출 중에도 각각 Z | F15: 든 컵은 집었던 자리에 내려놓고 홈 → 대기, 컵이 공중에 남지 않음, '커피 작업 정지' 기록 | G15: 통과 | H15: 제자리 내려놓음 기록, 공중 컵 없음, 대기 | J15: 김찬중(자동) | K15: 2026-10-13 | L15: 20261013_115854_QA자동점검.txt
A16: TC-16-U | B16: FR-13 (피드백) | C16: 김찬중 | D16: 조작 패널·안내판 | E16: 1) 로봇팔에서 2.5m 밖 → 안으로 이동 2) 패널 [동작]/[일시정지]/[정지] 클릭 3) 식탁 안내판 확인 | F16: 2.5m 안에서만 패널이 뜸, 버튼이 C/X/Z와 같게 동작, 안내판에 Z/X/C 안내 | G16: 통과 | H16: 멀리 0.00 / 1.5m 1.00(2.5m 안에서만), 버튼 동작(C)·일시정지(X)·정지(Z), 안내판 Z·X·C | J16: 김찬중(자동) | K16: 2026-10-13 | L16: 20261013_115854_QA자동점검.txt
A17: TC-18 | B17: FR-15 | C17: 김찬중 | D17: 도달·실패 | E17: 1) 보관대 3곳 컵으로 커피 실행 (추출구 위치 오차 확인) 2) 컵 하나를 밑동에서 0.62m 밖으로 옮기고 실행 | F17: 추출구 아래 2cm 이내 정지, 0.62m 밖 컵은 '작업 실패' → 컵 보관대·홈 → 대기 | G17: 통과 | H17: 0.70m 컵 → 작업 실패, 컵 보관대 복귀, 대기 | J17: 김찬중(자동) | K17: 2026-10-13 | L17: 20261013_115854_QA자동점검.txt
A18: TC-33 | B18: FR-25 | C18: 김찬중 | D18: 커피 기록 | E18: 1) 커피 실행 후 기록 패널 열기 | F18: '커피 만들기 시작' → '로봇팔 상태 변경: …' → '커피 완료' 순서 | G18: 통과 | H18: 시작 → 상태 변경 → 완료 순서 | J18: 김찬중(자동) | K18: 2026-10-13 | L18: 20261013_115854_QA자동점검.txt
A19: TC-34 | B19: FR-26 | C19: 권오민·김찬중 | D19: 위치·옵션 초기화 | E19: 1) 커피 작업 중 [위치 초기화] 2) 옵션 몇 개 바꾼 뒤 [위치 초기화] 3) [옵션 초기화] | F19: 위치 초기화: 옵션 유지, 나머지(위치·조명·로봇·시각) 처음 상태. 옵션 초기화: 모든 파트 기본, 합계 0원 | G19: 통과 | H19: 위치 초기화: 옵션 유지·12시·현관·커피 대기 / 옵션 초기화: 기본·0원·원래 재질 | J19: 김찬중(자동) | K19: 2026-10-13 | L19: 20261013_115854_QA자동점검.txt
... A30: TC-54 | B30: FR-04/05 | C30: 김찬중 | D30: 재실 판정 | E30: 1) 두 구역 경계에 서 있기 2) Play 시작 직후·[위치 초기화] 직후 확인 | F30: 시점 위치 구역만 입실, 시작·초기화 후 현관 입실·조명 켜짐 | G30: 통과 | H30: 현관 재실 True, 현관 조명 1.00 | J30: 김찬중(자동) | K30: 2026-10-13 | L30: 20261013_115854_QA자동점검.txt
A31: TC-37 | B31: NFR-01 | C31: 김찬중 | D31: FPS | E31: 1) 빌드 실행 파일로 전체 시나리오 진행, Profiler 측정 | F31: 1920x1080 평균 60 / 최저 30 FPS | G31: 보류 | H31: 에디터 점검 중 평균 76 FPS(참고). 빌드 실행 파일 + Profiler 측정 필요 (5.05·5.09)
A32: TC-38 | B32: NFR-02 | C32: 김찬중 | D32: 반응 시간 | E32: 1) 기록의 '방 진입'과 '조명 켜기 시작' 시각 차이 계산 | F32: 0.5초 이내 | G32: 통과 | H32: 0ms | J32: 김찬중(자동) | K32: 2026-10-13 | L32: 20261013_115854_QA자동점검.txt
A33: TC-39 | B33: NFR-03 | C33: 권오민 | D33: 스케일 | E33: 1) 공간 에셋 배율·문 높이 검사 | F33: 배율 1, 문 높이 약 2.5m | G33: 통과 | H33: 문 4개 2.51~2.55m. 공간 루트 배율 1 (소품 일부는 에셋 원본 배치에 크기·좌우 반전 있음) | J33: 김찬중(자동) | K33: 2026-10-13 | L33: 20261013_115854_QA자동점검.txt
A34: TC-41 | B34: NFR-05 | C34: 김찬중 | D34: 데이터 소스 교체 | E34: 1) 시험용 데이터 소스로 바꾸고 고친 파일 목록 확인 | F34: 소비자 코드 수정 없음 | G34: 보류 | H34: 시험용 데이터 소스 교체 수행 기록 없음 (5.07). 수행했으면 통과로 바꾸고 증거 기재
A35: TC-42 | B35: NFR-06 | C35: 김찬중 | D35: 로봇 교체 | E35: 1) 시험용 로봇팔 추가 후 커피·초기화 실행 | F35: 코드 수정 없이 동작 | G35: 보류 | H35: 시험용 로봇팔 교체 수행 기록 없음 (5.07). 수행했으면 통과로 바꾸고 증거 기재
A36: TC-43 | B36: NFR-07 | C36: 권오민 | D36: 클릭 수 | E36: 1) 옵션 변경, 커피 만들기까지 클릭 수 세기 | F36: 각각 3클릭 이내 | G36: 통과
A37: TC-44 | B37: NFR-08 | C37: 김찬중 | D37: OS 호환 | E37: 1) Windows 10, 11에서 실행 파일 실행 | F37: 두 OS 모두 실행 (미확보 시 미검증 명시) | G37: 보류 | H37: Windows 11(10.0.26200)에서만 확인. Windows 10 PC 미확보 시 '미검증'으로 기재
A38: TC-45 | B38: NFR-09 | C38: 권오민 | D38: 10분 연속 | E38: 1) 전체 시나리오 10분 연속 + 초기화 반복 | F38: 강제 종료·중복 실행 없음 | G38: 통과

Sheet 버그 리포트
A1: 버그 리포트 | E1: 열린 버그 | F1: =COUNTIFS(B5:B44,"<>",M5:M44,"<>재시험 통과",M5:M44,"<>보류",M5:M44,"<>재현 안 됨") -> 0
A3: 버그 ID | B3: 제목 (한 줄 요약) | C3: 관련 TC | D3: 심각도 | E3: 환경 (OS·빌드·디바이스) | F3: 재현 단계 | G3: 예상 결과 | H3: 실제 결과 | I3: 스크린샷/로그 | J3: 발견자 | K3: 발견일 | L3: 담당 | M3: 상태 | N3: 수정 커밋 | O3: 재시험 결과
A4: BUG-예시 | B4: (예) 컵을 든 채 X를 누르면 추출이 일시정지되지 않음 | C4: TC-16-P | D4: 높음 | E4: Windows 11 / Unity 6000.4.0f1 / 커밋 dfe46d6 / 에디터 | F4: 1) Play 2) 로봇팔 앞에서 C 3) 컵이 추출구 아래 도착한 순간 X | G4: 팔·추출·김이 멈추고, X를 다시 누르면 이어서 진행 | H4: 팔은 멈추지만 5초 뒤 '커피 추출 끝' 기록이 남음 | I4: 20261013_103000_화면.png 20261013_103010_기록.txt | J4: 김찬중 | K4: 2026-10-13 | L4: 김찬중 | M4: 수정 완료 | N4: abc1234 | O4: 통과
A5: BUG-01
A6: BUG-02
A7: BUG-03
A8: BUG-04
A9: BUG-05
A10: BUG-06
A11: BUG-07
A12: BUG-08
A13: BUG-09
A14: BUG-10
A15: BUG-11
A16: BUG-12
... A44: BUG-40

Sheet 회귀 테스트
A1: 회귀 테스트 (리팩토링 후 동작이 똑같이 유지되는지) | H1: 후 통과 | I1: =COUNTIF(E5:E38,"통과")&" / "&COUNTA(A5:A38) -> 0 / 34
A2: 리팩토링 커밋
A4: TC | B4: 기능 | C4: 담당 | D4: 리팩토링 전 결과 (QA) | E4: 리팩토링 후 결과 | F4: 달라진 점 | G4: 버그 ID | H4: 시험자 | I4: 시험일
A5: TC-01 | B5: 이동·시점 | C5: 권오민 | D5: ='QA 체크리스트'!G5 -> 통과 | E5: 미실행
A6: TC-02 | B6: 구역 정보 창 | C6: 권오민 | D6: ='QA 체크리스트'!G6 -> 통과 | E6: 미실행
A7: TC-03 | B7: 부분 선택 | C7: 권오민 | D7: ='QA 체크리스트'!G7 -> 통과 | E7: 미실행
A8: TC-04 | B8: 재실 조명 | C8: 김찬중 | D8: ='QA 체크리스트'!G8 -> 통과 | E8: 미실행
A9: TC-05 | B9: 퇴실 조명 | C9: 김찬중 | D9: ='QA 체크리스트'!G9 -> 통과 | E9: 미실행
A10: TC-06 | B10: 재진입(2초) | C10: 김찬중 | D10: ='QA 체크리스트'!G10 -> 통과 | E10: 미실행
A11: TC-07 | B11: 재진입(3.5초) | C11: 김찬중 | D11: ='QA 체크리스트'!G11 -> 통과 | E11: 미실행
A12: TC-14 | B12: 메뉴·패널 | C12: 권오민 | D12: ='QA 체크리스트'!G12 -> 통과 | E12: 미실행
A13: TC-16 | B13: 커피 시연 | C13: 김찬중 | D13: ='QA 체크리스트'!G13 -> 통과 | E13: 미실행
A14: TC-16-P | B14: 일시정지 X | C14: 김찬중 | D14: ='QA 체크리스트'!G14 -> 통과 | E14: 미실행
A15: TC-16-S | B15: 정지 Z | C15: 김찬중 | D15: ='QA 체크리스트'!G15 -> 통과 | E15: 미실행
A16: TC-16-U | B16: 조작 패널·안내판 | C16: 김찬중 | D16: ='QA 체크리스트'!G16 -> 통과 | E16: 미실행
... A38: TC-45 | B38: 10분 연속 | C38: 권오민 | D38: ='QA 체크리스트'!G38 -> 통과 | E38: 미실행
