Workbook

Sheet 프로젝트WBS
B1: 모델하우스 컨피규레이터 | K1: 실적기준일 | L1: 46308 | M1: ="실적 미입력 "&(83-COUNT(T6:T88))&" / 83건" -> 실적 미입력 0 / 83건 | T1: SPI | U1: =IF(OR(U5="",S5=0),"",U5/S5) -> 0.85018293 | V1: =IF(U1="","미확인",IF(U1<0.75,"위험",IF(U1<0.85,"경고",IF(U1<0.95,"주의","양호")))) -> 주의
B3: 단계 | F3: TASK | H3: 담당 | J3: 산출물 / 완료 기준 | K3: 계획 시작일 | L3: 예상 완료일 | M3: 실제 시작일 | N3: 실제 완료(예정)일 | O3: 계획 기간 | P3: 실제 기간 | Q3: 계획 진행 | R3: 실제 진행 | S3: 계획 완료율 | T3: 작업 완료율 | U3: 프로젝트 실적 | W3: 일정 | AF3: 실적 입력
H4: 주담당 | I4: 검토 | U4: 진척률 | V4: 차이(%p) | W4: 2026년 10월 | AF4: 작업 상태 | AG4: 전체 작업량 | AH4: 완료 작업량
B5: 번호 | C5: 가중치 | D5: 수행단계 | K5: =MIN(K6:K88) -> 46301 | L5: =MAX(L6:L88) -> 46309 | M5: =IF(COUNT(M6:M88)=0,"",MIN(M6:M88)) -> 46301 | N5: =IF(COUNT(N6:N88)=0,"",MAX(N6:N88)) -> 46308 | O5: =SUM(O6:O88) -> 83 | P5: =IF(COUNT(P6:P88)=0,"",SUM(P6:P88)) -> 78 | Q5: =SUM(Q6:Q88) -> 69 | R5: =IF(COUNT(R6:R88)=0,"",SUM(R6:R88)) -> 84 | S5: =AVERAGE(S6:S10)*C6+AVERAGE(S11:S22)*C11+AVERAGE(S23:S39)*C23+AVERAGE(S40:S63)*C40+AVERAGE(S64:S74)*C64+AVERAGE(S75:S88)*C75 -> 0.81818182 | T5: =IF(COUNT(T6:T88)<83,"",AVERAGE(T6:T88)) -> 0.73192771 | U5: =IF(COUNT(T6:T88)<83,"",AVERAGE(T6:T10)*C6+AVERAGE(T11:T22)*C11+AVERAGE(T23:T39)*C23+AVERAGE(T40:T63)*C40+AVERAGE(T64:T74)*C64+AVERAGE(T75:T88)*C75) -> 0.69560421 | V5: =IF(U5="","",U5-S5) -> -0.12257761 | W5: 46301 | X5: 46302 | Y5: 46303 | Z5: 46304 | AA5: 46305 | AB5: 46306 | AC5: 46307 | AD5: 46308 | AE5: 46309
B6: 1 | C6: 0.090909091 | D6: 기획·설계 | F6: 1.01 SRS 범위 및 Must 확정 (v2.7: 13개) | H6: 권오민 | I6: 김찬중 | J6: 전체 삭제 요구사항 제외, FR-29 하위 7개와 부모 중복 집계 없음 v2.7: 강사 피드백(정지·일시정지·옵션 초기화) 반영 | K6: 46301 | L6: 46301 | M6: 46301 | N6: 46307 | O6: =IF(OR(K6="",L6=""),"",IF(L6<K6,"날짜 확인",NETWORKDAYS(K6,L6,휴일!$A$2:$A$2))) -> 1 | P6: =IF(OR(M6="",N6=""),"",IF(N6<M6,"날짜 확인",NETWORKDAYS(M6,N6,휴일!$A$2:$A$2))) -> 4 | Q6: =IF(O6="","",IF($L$1<K6,0,NETWORKDAYS(K6,MIN($L$1,L6),휴일!$A$2:$A$2))) -> 1 | R6: =IF(M6="","",IF($L$1<M6,0,NETWORKDAYS(M6,IF(N6="",$L$1,MIN($L$1,N6)),휴일!$A$2:$A$2))) -> 4 | S6: =IF(O6="","",IF(O6=0,0,Q6/O6)) -> 1 | T6: =IF(OR(AND(AG6<>"",OR(NOT(ISNUMBER(AG6)),AG6<=0)),AND(AH6<>"",OR(NOT(ISNUMBER(AH6)),AH6<0)),AND(ISNUMBER(AG6),ISNUMBER(AH6),AH6>AG6)),"수량 확인",IF(AF6="완료",1,IF(AF6="미착수",0,IF(AND(ISNUMBER(AG6),ISNUMBER(AH6)),AH6/AG6,"")))) -> 1 | U6: =IF(T6="","",T6) -> 1 | V6: =IF(OR(U6="",S6=""),"",U6-S6) -> 0 | W6: =IF(AND(ISNUMBER($M6),W$5>=$M6,W$5<=IF($N6="",$L$1,$N6),WEEKDAY(W$5,2)<6,COUNTIF(휴일!$A$2:$A$2,W$5)=0),2,IF(AND(ISNUMBER($K6),W$5>=$K6,W$5<=$L6,WEEKDAY(W$5,2)<6,COUNTIF(휴일!$A$2:$A$2,W$5)=0),1,"")) -> 2 | X6: =IF(AND(ISNUMBER($M6),X$5>=$M6,X$5<=IF($N6="",$L$1,$N6),WEEKDAY(X$5,2)<6,COUNTIF(휴일!$A$2:$A$2,X$5)=0),2,IF(AND(ISNUMBER($K6),X$5>=$K6,X$5<=$L6,WEEKDAY(X$5,2)<6,COUNTIF(휴일!$A$2:$A$2,X$5)=0),1,"")) -> 2 | Y6: =IF(AND(ISNUMBER($M6),Y$5>=$M6,Y$5<=IF($N6="",$L$1,$N6),WEEKDAY(Y$5,2)<6,COUNTIF(휴일!$A$2:$A$2,Y$5)=0),2,IF(AND(ISNUMBER($K6),Y$5>=$K6,Y$5<=$L6,WEEKDAY(Y$5,2)<6,COUNTIF(휴일!$A$2:$A$2,Y$5)=0),1,"")) -> 2 | Z6: =IF(AND(ISNUMBER($M6),Z$5>=$M6,Z$5<=IF($N6="",$L$1,$N6),WEEKDAY(Z$5,2)<6,COUNTIF(휴일!$A$2:$A$2,Z$5)=0),2,IF(AND(ISNUMBER($K6),Z$5>=$K6,Z$5<=$L6,WEEKDAY(Z$5,2)<6,COUNTIF(휴일!$A$2:$A$2,Z$5)=0),1,"")) | AA6: =IF(AND(ISNUMBER($M6),AA$5>=$M6,AA$5<=IF($N6="",$L$1,$N6),WEEKDAY(AA$5,2)<6,COUNTIF(휴일!$A$2:$A$2,AA$5)=0),2,IF(AND(ISNUMBER($K6),AA$5>=$K6,AA$5<=$L6,WEEKDAY(AA$5,2)<6,COUNTIF(휴일!$A$2:$A$2,AA$5)=0),1,"")) | AB6: =IF(AND(ISNUMBER($M6),AB$5>=$M6,AB$5<=IF($N6="",$L$1,$N6),WEEKDAY(AB$5,2)<6,COUNTIF(휴일!$A$2:$A$2,AB$5)=0),2,IF(AND(ISNUMBER($K6),AB$5>=$K6,AB$5<=$L6,WEEKDAY(AB$5,2)<6,COUNTIF(휴일!$A$2:$A$2,AB$5)=0),1,"")) | AC6: =IF(AND(ISNUMBER($M6),AC$5>=$M6,AC$5<=IF($N6="",$L$1,$N6),WEEKDAY(AC$5,2)<6,COUNTIF(휴일!$A$2:$A$2,AC$5)=0),2,IF(AND(ISNUMBER($K6),AC$5>=$K6,AC$5<=$L6,WEEKDAY(AC$5,2)<6,COUNTIF(휴일!$A$2:$A$2,AC$5)=0),1,"")) -> 2 | AD6: =IF(AND(ISNUMBER($M6),AD$5>=$M6,AD$5<=IF($N6="",$L$1,$N6),WEEKDAY(AD$5,2)<6,COUNTIF(휴일!$A$2:$A$2,AD$5)=0),2,IF(AND(ISNUMBER($K6),AD$5>=$K6,AD$5<=$L6,WEEKDAY(AD$5,2)<6,COUNTIF(휴일!$A$2:$A$2,AD$5)=0),1,"")) | AE6: =IF(AND(ISNUMBER($M6),AE$5>=$M6,AE$5<=IF($N6="",$L$1,$N6),WEEKDAY(AE$5,2)<6,COUNTIF(휴일!$A$2:$A$2,AE$5)=0),2,IF(AND(ISNUMBER($K6),AE$5>=$K6,AE$5<=$L6,WEEKDAY(AE$5,2)<6,COUNTIF(휴일!$A$2:$A$2,AE$5)=0),1,"")) | AF6: 완료
F7: 1.02 이벤트·상태·장치 인터페이스 설계 | H7: 김찬중 | I7: 권오민 | J7: NFR-05/06 HomeEvents, 상태 DTO, 로봇 인터페이스 합의 | K7: 46301 | L7: 46301 | M7: 46301 | N7: 46303 | O7: =IF(OR(K7="",L7=""),"",IF(L7<K7,"날짜 확인",NETWORKDAYS(K7,L7,휴일!$A$2:$A$2))) -> 1 | P7: =IF(OR(M7="",N7=""),"",IF(N7<M7,"날짜 확인",NETWORKDAYS(M7,N7,휴일!$A$2:$A$2))) -> 3 | Q7: =IF(O7="","",IF($L$1<K7,0,NETWORKDAYS(K7,MIN($L$1,L7),휴일!$A$2:$A$2))) -> 1 | R7: =IF(M7="","",IF($L$1<M7,0,NETWORKDAYS(M7,IF(N7="",$L$1,MIN($L$1,N7)),휴일!$A$2:$A$2))) -> 3 | S7: =IF(O7="","",IF(O7=0,0,Q7/O7)) -> 1 | T7: =IF(OR(AND(AG7<>"",OR(NOT(ISNUMBER(AG7)),AG7<=0)),AND(AH7<>"",OR(NOT(ISNUMBER(AH7)),AH7<0)),AND(ISNUMBER(AG7),ISNUMBER(AH7),AH7>AG7)),"수량 확인",IF(AF7="완료",1,IF(AF7="미착수",0,IF(AND(ISNUMBER(AG7),ISNUMBER(AH7)),AH7/AG7,"")))) -> 1 | U7: =IF(T7="","",T7) -> 1 | V7: =IF(OR(U7="",S7=""),"",U7-S7) -> 0 | W7: =IF(AND(ISNUMBER($M7),W$5>=$M7,W$5<=IF($N7="",$L$1,$N7),WEEKDAY(W$5,2)<6,COUNTIF(휴일!$A$2:$A$2,W$5)=0),2,IF(AND(ISNUMBER($K7),W$5>=$K7,W$5<=$L7,WEEKDAY(W$5,2)<6,COUNTIF(휴일!$A$2:$A$2,W$5)=0),1,"")) -> 2 | X7: =IF(AND(ISNUMBER($M7),X$5>=$M7,X$5<=IF($N7="",$L$1,$N7),WEEKDAY(X$5,2)<6,COUNTIF(휴일!$A$2:$A$2,X$5)=0),2,IF(AND(ISNUMBER($K7),X$5>=$K7,X$5<=$L7,WEEKDAY(X$5,2)<6,COUNTIF(휴일!$A$2:$A$2,X$5)=0),1,"")) -> 2 | Y7: =IF(AND(ISNUMBER($M7),Y$5>=$M7,Y$5<=IF($N7="",$L$1,$N7),WEEKDAY(Y$5,2)<6,COUNTIF(휴일!$A$2:$A$2,Y$5)=0),2,IF(AND(ISNUMBER($K7),Y$5>=$K7,Y$5<=$L7,WEEKDAY(Y$5,2)<6,COUNTIF(휴일!$A$2:$A$2,Y$5)=0),1,"")) -> 2 | Z7: =IF(AND(ISNUMBER($M7),Z$5>=$M7,Z$5<=IF($N7="",$L$1,$N7),WEEKDAY(Z$5,2)<6,COUNTIF(휴일!$A$2:$A$2,Z$5)=0),2,IF(AND(ISNUMBER($K7),Z$5>=$K7,Z$5<=$L7,WEEKDAY(Z$5,2)<6,COUNTIF(휴일!$A$2:$A$2,Z$5)=0),1,"")) | AA7: =IF(AND(ISNUMBER($M7),AA$5>=$M7,AA$5<=IF($N7="",$L$1,$N7),WEEKDAY(AA$5,2)<6,COUNTIF(휴일!$A$2:$A$2,AA$5)=0),2,IF(AND(ISNUMBER($K7),AA$5>=$K7,AA$5<=$L7,WEEKDAY(AA$5,2)<6,COUNTIF(휴일!$A$2:$A$2,AA$5)=0),1,"")) | AB7: =IF(AND(ISNUMBER($M7),AB$5>=$M7,AB$5<=IF($N7="",$L$1,$N7),WEEKDAY(AB$5,2)<6,COUNTIF(휴일!$A$2:$A$2,AB$5)=0),2,IF(AND(ISNUMBER($K7),AB$5>=$K7,AB$5<=$L7,WEEKDAY(AB$5,2)<6,COUNTIF(휴일!$A$2:$A$2,AB$5)=0),1,"")) | AC7: =IF(AND(ISNUMBER($M7),AC$5>=$M7,AC$5<=IF($N7="",$L$1,$N7),WEEKDAY(AC$5,2)<6,COUNTIF(휴일!$A$2:$A$2,AC$5)=0),2,IF(AND(ISNUMBER($K7),AC$5>=$K7,AC$5<=$L7,WEEKDAY(AC$5,2)<6,COUNTIF(휴일!$A$2:$A$2,AC$5)=0),1,"")) | AD7: =IF(AND(ISNUMBER($M7),AD$5>=$M7,AD$5<=IF($N7="",$L$1,$N7),WEEKDAY(AD$5,2)<6,COUNTIF(휴일!$A$2:$A$2,AD$5)=0),2,IF(AND(ISNUMBER($K7),AD$5>=$K7,AD$5<=$L7,WEEKDAY(AD$5,2)<6,COUNTIF(휴일!$A$2:$A$2,AD$5)=0),1,"")) | AE7: =IF(AND(ISNUMBER($M7),AE$5>=$M7,AE$5<=IF($N7="",$L$1,$N7),WEEKDAY(AE$5,2)<6,COUNTIF(휴일!$A$2:$A$2,AE$5)=0),2,IF(AND(ISNUMBER($K7),AE$5>=$K7,AE$5<=$L7,WEEKDAY(AE$5,2)<6,COUNTIF(휴일!$A$2:$A$2,AE$5)=0),1,"")) | AF7: 완료
F8: 1.03 화면 흐름·메뉴·시연 동선 설계 | H8: 권오민 | I8: 김찬중 | J8: FR-01/11/34 현관부터 커피·옵션·시간대까지 동선 확정 | K8: 46301 | L8: 46301 | M8: 46301 | N8: 46302 | O8: =IF(OR(K8="",L8=""),"",IF(L8<K8,"날짜 확인",NETWORKDAYS(K8,L8,휴일!$A$2:$A$2))) -> 1 | P8: =IF(OR(M8="",N8=""),"",IF(N8<M8,"날짜 확인",NETWORKDAYS(M8,N8,휴일!$A$2:$A$2))) -> 2 | Q8: =IF(O8="","",IF($L$1<K8,0,NETWORKDAYS(K8,MIN($L$1,L8),휴일!$A$2:$A$2))) -> 1 | R8: =IF(M8="","",IF($L$1<M8,0,NETWORKDAYS(M8,IF(N8="",$L$1,MIN($L$1,N8)),휴일!$A$2:$A$2))) -> 2 | S8: =IF(O8="","",IF(O8=0,0,Q8/O8)) -> 1 | T8: =IF(OR(AND(AG8<>"",OR(NOT(ISNUMBER(AG8)),AG8<=0)),AND(AH8<>"",OR(NOT(ISNUMBER(AH8)),AH8<0)),AND(ISNUMBER(AG8),ISNUMBER(AH8),AH8>AG8)),"수량 확인",IF(AF8="완료",1,IF(AF8="미착수",0,IF(AND(ISNUMBER(AG8),ISNUMBER(AH8)),AH8/AG8,"")))) -> 1 | U8: =IF(T8="","",T8) -> 1 | V8: =IF(OR(U8="",S8=""),"",U8-S8) -> 0 | W8: =IF(AND(ISNUMBER($M8),W$5>=$M8,W$5<=IF($N8="",$L$1,$N8),WEEKDAY(W$5,2)<6,COUNTIF(휴일!$A$2:$A$2,W$5)=0),2,IF(AND(ISNUMBER($K8),W$5>=$K8,W$5<=$L8,WEEKDAY(W$5,2)<6,COUNTIF(휴일!$A$2:$A$2,W$5)=0),1,"")) -> 2 | X8: =IF(AND(ISNUMBER($M8),X$5>=$M8,X$5<=IF($N8="",$L$1,$N8),WEEKDAY(X$5,2)<6,COUNTIF(휴일!$A$2:$A$2,X$5)=0),2,IF(AND(ISNUMBER($K8),X$5>=$K8,X$5<=$L8,WEEKDAY(X$5,2)<6,COUNTIF(휴일!$A$2:$A$2,X$5)=0),1,"")) -> 2 | Y8: =IF(AND(ISNUMBER($M8),Y$5>=$M8,Y$5<=IF($N8="",$L$1,$N8),WEEKDAY(Y$5,2)<6,COUNTIF(휴일!$A$2:$A$2,Y$5)=0),2,IF(AND(ISNUMBER($K8),Y$5>=$K8,Y$5<=$L8,WEEKDAY(Y$5,2)<6,COUNTIF(휴일!$A$2:$A$2,Y$5)=0),1,"")) | Z8: =IF(AND(ISNUMBER($M8),Z$5>=$M8,Z$5<=IF($N8="",$L$1,$N8),WEEKDAY(Z$5,2)<6,COUNTIF(휴일!$A$2:$A$2,Z$5)=0),2,IF(AND(ISNUMBER($K8),Z$5>=$K8,Z$5<=$L8,WEEKDAY(Z$5,2)<6,COUNTIF(휴일!$A$2:$A$2,Z$5)=0),1,"")) | AA8: =IF(AND(ISNUMBER($M8),AA$5>=$M8,AA$5<=IF($N8="",$L$1,$N8),WEEKDAY(AA$5,2)<6,COUNTIF(휴일!$A$2:$A$2,AA$5)=0),2,IF(AND(ISNUMBER($K8),AA$5>=$K8,AA$5<=$L8,WEEKDAY(AA$5,2)<6,COUNTIF(휴일!$A$2:$A$2,AA$5)=0),1,"")) | AB8: =IF(AND(ISNUMBER($M8),AB$5>=$M8,AB$5<=IF($N8="",$L$1,$N8),WEEKDAY(AB$5,2)<6,COUNTIF(휴일!$A$2:$A$2,AB$5)=0),2,IF(AND(ISNUMBER($K8),AB$5>=$K8,AB$5<=$L8,WEEKDAY(AB$5,2)<6,COUNTIF(휴일!$A$2:$A$2,AB$5)=0),1,"")) | AC8: =IF(AND(ISNUMBER($M8),AC$5>=$M8,AC$5<=IF($N8="",$L$1,$N8),WEEKDAY(AC$5,2)<6,COUNTIF(휴일!$A$2:$A$2,AC$5)=0),2,IF(AND(ISNUMBER($K8),AC$5>=$K8,AC$5<=$L8,WEEKDAY(AC$5,2)<6,COUNTIF(휴일!$A$2:$A$2,AC$5)=0),1,"")) | AD8: =IF(AND(ISNUMBER($M8),AD$5>=$M8,AD$5<=IF($N8="",$L$1,$N8),WEEKDAY(AD$5,2)<6,COUNTIF(휴일!$A$2:$A$2,AD$5)=0),2,IF(AND(ISNUMBER($K8),AD$5>=$K8,AD$5<=$L8,WEEKDAY(AD$5,2)<6,COUNTIF(휴일!$A$2:$A$2,AD$5)=0),1,"")) | AE8: =IF(AND(ISNUMBER($M8),AE$5>=$M8,AE$5<=IF($N8="",$L$1,$N8),WEEKDAY(AE$5,2)<6,COUNTIF(휴일!$A$2:$A$2,AE$5)=0),2,IF(AND(ISNUMBER($K8),AE$5>=$K8,AE$5<=$L8,WEEKDAY(AE$5,2)<6,COUNTIF(휴일!$A$2:$A$2,AE$5)=0),1,"")) | AF8: 완료
F9: 1.04 인수 기준 및 테스트 환경 정리 | H9: 김찬중 | I9: 권오민 | J9: 전체 시연 PC 사양·Windows 10/11 확보 여부 기록 | K9: 46301 | L9: 46301 | M9: 46301 | N9: 46302 | O9: =IF(OR(K9="",L9=""),"",IF(L9<K9,"날짜 확인",NETWORKDAYS(K9,L9,휴일!$A$2:$A$2))) -> 1 | P9: =IF(OR(M9="",N9=""),"",IF(N9<M9,"날짜 확인",NETWORKDAYS(M9,N9,휴일!$A$2:$A$2))) -> 2 | Q9: =IF(O9="","",IF($L$1<K9,0,NETWORKDAYS(K9,MIN($L$1,L9),휴일!$A$2:$A$2))) -> 1 | R9: =IF(M9="","",IF($L$1<M9,0,NETWORKDAYS(M9,IF(N9="",$L$1,MIN($L$1,N9)),휴일!$A$2:$A$2))) -> 2 | S9: =IF(O9="","",IF(O9=0,0,Q9/O9)) -> 1 | T9: =IF(OR(AND(AG9<>"",OR(NOT(ISNUMBER(AG9)),AG9<=0)),AND(AH9<>"",OR(NOT(ISNUMBER(AH9)),AH9<0)),AND(ISNUMBER(AG9),ISNUMBER(AH9),AH9>AG9)),"수량 확인",IF(AF9="완료",1,IF(AF9="미착수",0,IF(AND(ISNUMBER(AG9),ISNUMBER(AH9)),AH9/AG9,"")))) -> 1 | U9: =IF(T9="","",T9) -> 1 | V9: =IF(OR(U9="",S9=""),"",U9-S9) -> 0 | W9: =IF(AND(ISNUMBER($M9),W$5>=$M9,W$5<=IF($N9="",$L$1,$N9),WEEKDAY(W$5,2)<6,COUNTIF(휴일!$A$2:$A$2,W$5)=0),2,IF(AND(ISNUMBER($K9),W$5>=$K9,W$5<=$L9,WEEKDAY(W$5,2)<6,COUNTIF(휴일!$A$2:$A$2,W$5)=0),1,"")) -> 2 | X9: =IF(AND(ISNUMBER($M9),X$5>=$M9,X$5<=IF($N9="",$L$1,$N9),WEEKDAY(X$5,2)<6,COUNTIF(휴일!$A$2:$A$2,X$5)=0),2,IF(AND(ISNUMBER($K9),X$5>=$K9,X$5<=$L9,WEEKDAY(X$5,2)<6,COUNTIF(휴일!$A$2:$A$2,X$5)=0),1,"")) -> 2 | Y9: =IF(AND(ISNUMBER($M9),Y$5>=$M9,Y$5<=IF($N9="",$L$1,$N9),WEEKDAY(Y$5,2)<6,COUNTIF(휴일!$A$2:$A$2,Y$5)=0),2,IF(AND(ISNUMBER($K9),Y$5>=$K9,Y$5<=$L9,WEEKDAY(Y$5,2)<6,COUNTIF(휴일!$A$2:$A$2,Y$5)=0),1,"")) | Z9: =IF(AND(ISNUMBER($M9),Z$5>=$M9,Z$5<=IF($N9="",$L$1,$N9),WEEKDAY(Z$5,2)<6,COUNTIF(휴일!$A$2:$A$2,Z$5)=0),2,IF(AND(ISNUMBER($K9),Z$5>=$K9,Z$5<=$L9,WEEKDAY(Z$5,2)<6,COUNTIF(휴일!$A$2:$A$2,Z$5)=0),1,"")) | AA9: =IF(AND(ISNUMBER($M9),AA$5>=$M9,AA$5<=IF($N9="",$L$1,$N9),WEEKDAY(AA$5,2)<6,COUNTIF(휴일!$A$2:$A$2,AA$5)=0),2,IF(AND(ISNUMBER($K9),AA$5>=$K9,AA$5<=$L9,WEEKDAY(AA$5,2)<6,COUNTIF(휴일!$A$2:$A$2,AA$5)=0),1,"")) | AB9: =IF(AND(ISNUMBER($M9),AB$5>=$M9,AB$5<=IF($N9="",$L$1,$N9),WEEKDAY(AB$5,2)<6,COUNTIF(휴일!$A$2:$A$2,AB$5)=0),2,IF(AND(ISNUMBER($K9),AB$5>=$K9,AB$5<=$L9,WEEKDAY(AB$5,2)<6,COUNTIF(휴일!$A$2:$A$2,AB$5)=0),1,"")) | AC9: =IF(AND(ISNUMBER($M9),AC$5>=$M9,AC$5<=IF($N9="",$L$1,$N9),WEEKDAY(AC$5,2)<6,COUNTIF(휴일!$A$2:$A$2,AC$5)=0),2,IF(AND(ISNUMBER($K9),AC$5>=$K9,AC$5<=$L9,WEEKDAY(AC$5,2)<6,COUNTIF(휴일!$A$2:$A$2,AC$5)=0),1,"")) | AD9: =IF(AND(ISNUMBER($M9),AD$5>=$M9,AD$5<=IF($N9="",$L$1,$N9),WEEKDAY(AD$5,2)<6,COUNTIF(휴일!$A$2:$A$2,AD$5)=0),2,IF(AND(ISNUMBER($K9),AD$5>=$K9,AD$5<=$L9,WEEKDAY(AD$5,2)<6,COUNTIF(휴일!$A$2:$A$2,AD$5)=0),1,"")) | AE9: =IF(AND(ISNUMBER($M9),AE$5>=$M9,AE$5<=IF($N9="",$L$1,$N9),WEEKDAY(AE$5,2)<6,COUNTIF(휴일!$A$2:$A$2,AE$5)=0),2,IF(AND(ISNUMBER($K9),AE$5>=$K9,AE$5<=$L9,WEEKDAY(AE$5,2)<6,COUNTIF(휴일!$A$2:$A$2,AE$5)=0),1,"")) | AF9: 완료
F10: 1.05 담당·브랜치·씬 소유권 합의 | H10: 권오민 | I10: 김찬중 | J10: 관리 Main은 권오민만 편집, 로봇은 독립 프리팹으로 전달 | K10: 46301 | L10: 46301 | M10: 46301 | N10: 46302 | O10: =IF(OR(K10="",L10=""),"",IF(L10<K10,"날짜 확인",NETWORKDAYS(K10,L10,휴일!$A$2:$A$2))) -> 1 | P10: =IF(OR(M10="",N10=""),"",IF(N10<M10,"날짜 확인",NETWORKDAYS(M10,N10,휴일!$A$2:$A$2))) -> 2 | Q10: =IF(O10="","",IF($L$1<K10,0,NETWORKDAYS(K10,MIN($L$1,L10),휴일!$A$2:$A$2))) -> 1 | R10: =IF(M10="","",IF($L$1<M10,0,NETWORKDAYS(M10,IF(N10="",$L$1,MIN($L$1,N10)),휴일!$A$2:$A$2))) -> 2 | S10: =IF(O10="","",IF(O10=0,0,Q10/O10)) -> 1 | T10: =IF(OR(AND(AG10<>"",OR(NOT(ISNUMBER(AG10)),AG10<=0)),AND(AH10<>"",OR(NOT(ISNUMBER(AH10)),AH10<0)),AND(ISNUMBER(AG10),ISNUMBER(AH10),AH10>AG10)),"수량 확인",IF(AF10="완료",1,IF(AF10="미착수",0,IF(AND(ISNUMBER(AG10),ISNUMBER(AH10)),AH10/AG10,"")))) -> 1 | U10: =IF(T10="","",T10) -> 1 | V10: =IF(OR(U10="",S10=""),"",U10-S10) -> 0 | W10: =IF(AND(ISNUMBER($M10),W$5>=$M10,W$5<=IF($N10="",$L$1,$N10),WEEKDAY(W$5,2)<6,COUNTIF(휴일!$A$2:$A$2,W$5)=0),2,IF(AND(ISNUMBER($K10),W$5>=$K10,W$5<=$L10,WEEKDAY(W$5,2)<6,COUNTIF(휴일!$A$2:$A$2,W$5)=0),1,"")) -> 2 | X10: =IF(AND(ISNUMBER($M10),X$5>=$M10,X$5<=IF($N10="",$L$1,$N10),WEEKDAY(X$5,2)<6,COUNTIF(휴일!$A$2:$A$2,X$5)=0),2,IF(AND(ISNUMBER($K10),X$5>=$K10,X$5<=$L10,WEEKDAY(X$5,2)<6,COUNTIF(휴일!$A$2:$A$2,X$5)=0),1,"")) -> 2 | Y10: =IF(AND(ISNUMBER($M10),Y$5>=$M10,Y$5<=IF($N10="",$L$1,$N10),WEEKDAY(Y$5,2)<6,COUNTIF(휴일!$A$2:$A$2,Y$5)=0),2,IF(AND(ISNUMBER($K10),Y$5>=$K10,Y$5<=$L10,WEEKDAY(Y$5,2)<6,COUNTIF(휴일!$A$2:$A$2,Y$5)=0),1,"")) | Z10: =IF(AND(ISNUMBER($M10),Z$5>=$M10,Z$5<=IF($N10="",$L$1,$N10),WEEKDAY(Z$5,2)<6,COUNTIF(휴일!$A$2:$A$2,Z$5)=0),2,IF(AND(ISNUMBER($K10),Z$5>=$K10,Z$5<=$L10,WEEKDAY(Z$5,2)<6,COUNTIF(휴일!$A$2:$A$2,Z$5)=0),1,"")) | AA10: =IF(AND(ISNUMBER($M10),AA$5>=$M10,AA$5<=IF($N10="",$L$1,$N10),WEEKDAY(AA$5,2)<6,COUNTIF(휴일!$A$2:$A$2,AA$5)=0),2,IF(AND(ISNUMBER($K10),AA$5>=$K10,AA$5<=$L10,WEEKDAY(AA$5,2)<6,COUNTIF(휴일!$A$2:$A$2,AA$5)=0),1,"")) | AB10: =IF(AND(ISNUMBER($M10),AB$5>=$M10,AB$5<=IF($N10="",$L$1,$N10),WEEKDAY(AB$5,2)<6,COUNTIF(휴일!$A$2:$A$2,AB$5)=0),2,IF(AND(ISNUMBER($K10),AB$5>=$K10,AB$5<=$L10,WEEKDAY(AB$5,2)<6,COUNTIF(휴일!$A$2:$A$2,AB$5)=0),1,"")) | AC10: =IF(AND(ISNUMBER($M10),AC$5>=$M10,AC$5<=IF($N10="",$L$1,$N10),WEEKDAY(AC$5,2)<6,COUNTIF(휴일!$A$2:$A$2,AC$5)=0),2,IF(AND(ISNUMBER($K10),AC$5>=$K10,AC$5<=$L10,WEEKDAY(AC$5,2)<6,COUNTIF(휴일!$A$2:$A$2,AC$5)=0),1,"")) | AD10: =IF(AND(ISNUMBER($M10),AD$5>=$M10,AD$5<=IF($N10="",$L$1,$N10),WEEKDAY(AD$5,2)<6,COUNTIF(휴일!$A$2:$A$2,AD$5)=0),2,IF(AND(ISNUMBER($K10),AD$5>=$K10,AD$5<=$L10,WEEKDAY(AD$5,2)<6,COUNTIF(휴일!$A$2:$A$2,AD$5)=0),1,"")) | AE10: =IF(AND(ISNUMBER($M10),AE$5>=$M10,AE$5<=IF($N10="",$L$1,$N10),WEEKDAY(AE$5,2)<6,COUNTIF(휴일!$A$2:$A$2,AE$5)=0),2,IF(AND(ISNUMBER($K10),AE$5>=$K10,AE$5<=$L10,WEEKDAY(AE$5,2)<6,COUNTIF(휴일!$A$2:$A$2,AE$5)=0),1,"")) | AF10: 완료
B11: 2 | C11: 0.15289256 | D11: 환경·공간 구축 | F11: 2.01 Unity 버전·프로젝트·패키지 확인 | H11: 김찬중 | I11: 권오민 | J11: 환경 6000.4.0f1, URP 및 필요한 패키지 버전 고정 | K11: 46302 | L11: 46302 | M11: 46302 | N11: 46302 | O11: =IF(OR(K11="",L11=""),"",IF(L11<K11,"날짜 확인",NETWORKDAYS(K11,L11,휴일!$A$2:$A$2))) -> 1 | P11: =IF(OR(M11="",N11=""),"",IF(N11<M11,"날짜 확인",NETWORKDAYS(M11,N11,휴일!$A$2:$A$2))) -> 1 | Q11: =IF(O11="","",IF($L$1<K11,0,NETWORKDAYS(K11,MIN($L$1,L11),휴일!$A$2:$A$2))) -> 1 | R11: =IF(M11="","",IF($L$1<M11,0,NETWORKDAYS(M11,IF(N11="",$L$1,MIN($L$1,N11)),휴일!$A$2:$A$2))) -> 1 | S11: =IF(O11="","",IF(O11=0,0,Q11/O11)) -> 1 | T11: =IF(OR(AND(AG11<>"",OR(NOT(ISNUMBER(AG11)),AG11<=0)),AND(AH11<>"",OR(NOT(ISNUMBER(AH11)),AH11<0)),AND(ISNUMBER(AG11),ISNUMBER(AH11),AH11>AG11)),"수량 확인",IF(AF11="완료",1,IF(AF11="미착수",0,IF(AND(ISNUMBER(AG11),ISNUMBER(AH11)),AH11/AG11,"")))) -> 1 | U11: =IF(T11="","",T11) -> 1 | V11: =IF(OR(U11="",S11=""),"",U11-S11) -> 0 | W11: =IF(AND(ISNUMBER($M11),W$5>=$M11,W$5<=IF($N11="",$L$1,$N11),WEEKDAY(W$5,2)<6,COUNTIF(휴일!$A$2:$A$2,W$5)=0),2,IF(AND(ISNUMBER($K11),W$5>=$K11,W$5<=$L11,WEEKDAY(W$5,2)<6,COUNTIF(휴일!$A$2:$A$2,W$5)=0),1,"")) | X11: =IF(AND(ISNUMBER($M11),X$5>=$M11,X$5<=IF($N11="",$L$1,$N11),WEEKDAY(X$5,2)<6,COUNTIF(휴일!$A$2:$A$2,X$5)=0),2,IF(AND(ISNUMBER($K11),X$5>=$K11,X$5<=$L11,WEEKDAY(X$5,2)<6,COUNTIF(휴일!$A$2:$A$2,X$5)=0),1,"")) -> 2 | Y11: =IF(AND(ISNUMBER($M11),Y$5>=$M11,Y$5<=IF($N11="",$L$1,$N11),WEEKDAY(Y$5,2)<6,COUNTIF(휴일!$A$2:$A$2,Y$5)=0),2,IF(AND(ISNUMBER($K11),Y$5>=$K11,Y$5<=$L11,WEEKDAY(Y$5,2)<6,COUNTIF(휴일!$A$2:$A$2,Y$5)=0),1,"")) | Z11: =IF(AND(ISNUMBER($M11),Z$5>=$M11,Z$5<=IF($N11="",$L$1,$N11),WEEKDAY(Z$5,2)<6,COUNTIF(휴일!$A$2:$A$2,Z$5)=0),2,IF(AND(ISNUMBER($K11),Z$5>=$K11,Z$5<=$L11,WEEKDAY(Z$5,2)<6,COUNTIF(휴일!$A$2:$A$2,Z$5)=0),1,"")) | AA11: =IF(AND(ISNUMBER($M11),AA$5>=$M11,AA$5<=IF($N11="",$L$1,$N11),WEEKDAY(AA$5,2)<6,COUNTIF(휴일!$A$2:$A$2,AA$5)=0),2,IF(AND(ISNUMBER($K11),AA$5>=$K11,AA$5<=$L11,WEEKDAY(AA$5,2)<6,COUNTIF(휴일!$A$2:$A$2,AA$5)=0),1,"")) | AB11: =IF(AND(ISNUMBER($M11),AB$5>=$M11,AB$5<=IF($N11="",$L$1,$N11),WEEKDAY(AB$5,2)<6,COUNTIF(휴일!$A$2:$A$2,AB$5)=0),2,IF(AND(ISNUMBER($K11),AB$5>=$K11,AB$5<=$L11,WEEKDAY(AB$5,2)<6,COUNTIF(휴일!$A$2:$A$2,AB$5)=0),1,"")) | AC11: =IF(AND(ISNUMBER($M11),AC$5>=$M11,AC$5<=IF($N11="",$L$1,$N11),WEEKDAY(AC$5,2)<6,COUNTIF(휴일!$A$2:$A$2,AC$5)=0),2,IF(AND(ISNUMBER($K11),AC$5>=$K11,AC$5<=$L11,WEEKDAY(AC$5,2)<6,COUNTIF(휴일!$A$2:$A$2,AC$5)=0),1,"")) | AD11: =IF(AND(ISNUMBER($M11),AD$5>=$M11,AD$5<=IF($N11="",$L$1,$N11),WEEKDAY(AD$5,2)<6,COUNTIF(휴일!$A$2:$A$2,AD$5)=0),2,IF(AND(ISNUMBER($K11),AD$5>=$K11,AD$5<=$L11,WEEKDAY(AD$5,2)<6,COUNTIF(휴일!$A$2:$A$2,AD$5)=0),1,"")) | AE11: =IF(AND(ISNUMBER($M11),AE$5>=$M11,AE$5<=IF($N11="",$L$1,$N11),WEEKDAY(AE$5,2)<6,COUNTIF(휴일!$A$2:$A$2,AE$5)=0),2,IF(AND(ISNUMBER($K11),AE$5>=$K11,AE$5<=$L11,WEEKDAY(AE$5,2)<6,COUNTIF(휴일!$A$2:$A$2,AE$5)=0),1,"")) | AF11: 완료
F12: 2.02 Git 제외 경로·메타 관리 설정 | H12: 김찬중 | I12: 권오민 | J12: 환경 Library·빌드·ThirdParty 제외, 메타와 원본 쌍 확인 | K12: 46302 | L12: 46302 | M12: 46302 | N12: 46302 | O12: =IF(OR(K12="",L12=""),"",IF(L12<K12,"날짜 확인",NETWORKDAYS(K12,L12,휴일!$A$2:$A$2))) -> 1 | P12: =IF(OR(M12="",N12=""),"",IF(N12<M12,"날짜 확인",NETWORKDAYS(M12,N12,휴일!$A$2:$A$2))) -> 1 | Q12: =IF(O12="","",IF($L$1<K12,0,NETWORKDAYS(K12,MIN($L$1,L12),휴일!$A$2:$A$2))) -> 1 | R12: =IF(M12="","",IF($L$1<M12,0,NETWORKDAYS(M12,IF(N12="",$L$1,MIN($L$1,N12)),휴일!$A$2:$A$2))) -> 1 | S12: =IF(O12="","",IF(O12=0,0,Q12/O12)) -> 1 | T12: =IF(OR(AND(AG12<>"",OR(NOT(ISNUMBER(AG12)),AG12<=0)),AND(AH12<>"",OR(NOT(ISNUMBER(AH12)),AH12<0)),AND(ISNUMBER(AG12),ISNUMBER(AH12),AH12>AG12)),"수량 확인",IF(AF12="완료",1,IF(AF12="미착수",0,IF(AND(ISNUMBER(AG12),ISNUMBER(AH12)),AH12/AG12,"")))) -> 1 | U12: =IF(T12="","",T12) -> 1 | V12: =IF(OR(U12="",S12=""),"",U12-S12) -> 0 | W12: =IF(AND(ISNUMBER($M12),W$5>=$M12,W$5<=IF($N12="",$L$1,$N12),WEEKDAY(W$5,2)<6,COUNTIF(휴일!$A$2:$A$2,W$5)=0),2,IF(AND(ISNUMBER($K12),W$5>=$K12,W$5<=$L12,WEEKDAY(W$5,2)<6,COUNTIF(휴일!$A$2:$A$2,W$5)=0),1,"")) | X12: =IF(AND(ISNUMBER($M12),X$5>=$M12,X$5<=IF($N12="",$L$1,$N12),WEEKDAY(X$5,2)<6,COUNTIF(휴일!$A$2:$A$2,X$5)=0),2,IF(AND(ISNUMBER($K12),X$5>=$K12,X$5<=$L12,WEEKDAY(X$5,2)<6,COUNTIF(휴일!$A$2:$A$2,X$5)=0),1,"")) -> 2 | Y12: =IF(AND(ISNUMBER($M12),Y$5>=$M12,Y$5<=IF($N12="",$L$1,$N12),WEEKDAY(Y$5,2)<6,COUNTIF(휴일!$A$2:$A$2,Y$5)=0),2,IF(AND(ISNUMBER($K12),Y$5>=$K12,Y$5<=$L12,WEEKDAY(Y$5,2)<6,COUNTIF(휴일!$A$2:$A$2,Y$5)=0),1,"")) | Z12: =IF(AND(ISNUMBER($M12),Z$5>=$M12,Z$5<=IF($N12="",$L$1,$N12),WEEKDAY(Z$5,2)<6,COUNTIF(휴일!$A$2:$A$2,Z$5)=0),2,IF(AND(ISNUMBER($K12),Z$5>=$K12,Z$5<=$L12,WEEKDAY(Z$5,2)<6,COUNTIF(휴일!$A$2:$A$2,Z$5)=0),1,"")) | AA12: =IF(AND(ISNUMBER($M12),AA$5>=$M12,AA$5<=IF($N12="",$L$1,$N12),WEEKDAY(AA$5,2)<6,COUNTIF(휴일!$A$2:$A$2,AA$5)=0),2,IF(AND(ISNUMBER($K12),AA$5>=$K12,AA$5<=$L12,WEEKDAY(AA$5,2)<6,COUNTIF(휴일!$A$2:$A$2,AA$5)=0),1,"")) | AB12: =IF(AND(ISNUMBER($M12),AB$5>=$M12,AB$5<=IF($N12="",$L$1,$N12),WEEKDAY(AB$5,2)<6,COUNTIF(휴일!$A$2:$A$2,AB$5)=0),2,IF(AND(ISNUMBER($K12),AB$5>=$K12,AB$5<=$L12,WEEKDAY(AB$5,2)<6,COUNTIF(휴일!$A$2:$A$2,AB$5)=0),1,"")) | AC12: =IF(AND(ISNUMBER($M12),AC$5>=$M12,AC$5<=IF($N12="",$L$1,$N12),WEEKDAY(AC$5,2)<6,COUNTIF(휴일!$A$2:$A$2,AC$5)=0),2,IF(AND(ISNUMBER($K12),AC$5>=$K12,AC$5<=$L12,WEEKDAY(AC$5,2)<6,COUNTIF(휴일!$A$2:$A$2,AC$5)=0),1,"")) | AD12: =IF(AND(ISNUMBER($M12),AD$5>=$M12,AD$5<=IF($N12="",$L$1,$N12),WEEKDAY(AD$5,2)<6,COUNTIF(휴일!$A$2:$A$2,AD$5)=0),2,IF(AND(ISNUMBER($K12),AD$5>=$K12,AD$5<=$L12,WEEKDAY(AD$5,2)<6,COUNTIF(휴일!$A$2:$A$2,AD$5)=0),1,"")) | AE12: =IF(AND(ISNUMBER($M12),AE$5>=$M12,AE$5<=IF($N12="",$L$1,$N12),WEEKDAY(AE$5,2)<6,COUNTIF(휴일!$A$2:$A$2,AE$5)=0),2,IF(AND(ISNUMBER($K12),AE$5>=$K12,AE$5<=$L12,WEEKDAY(AE$5,2)<6,COUNTIF(휴일!$A$2:$A$2,AE$5)=0),1,"")) | AF12: 완료
F13: 2.03 아파트 에셋 가져오기·Main 구성 | H13: 권오민 | I13: 김찬중 | J13: NFR-03 누락 재질 없이 Main 실행, 원본 별도 보관 | K13: 46302 | L13: 46302 | M13: 46302 | N13: 46303 | O13: =IF(OR(K13="",L13=""),"",IF(L13<K13,"날짜 확인",NETWORKDAYS(K13,L13,휴일!$A$2:$A$2))) -> 1 | P13: =IF(OR(M13="",N13=""),"",IF(N13<M13,"날짜 확인",NETWORKDAYS(M13,N13,휴일!$A$2:$A$2))) -> 2 | Q13: =IF(O13="","",IF($L$1<K13,0,NETWORKDAYS(K13,MIN($L$1,L13),휴일!$A$2:$A$2))) -> 1 | R13: =IF(M13="","",IF($L$1<M13,0,NETWORKDAYS(M13,IF(N13="",$L$1,MIN($L$1,N13)),휴일!$A$2:$A$2))) -> 2 | S13: =IF(O13="","",IF(O13=0,0,Q13/O13)) -> 1 | T13: =IF(OR(AND(AG13<>"",OR(NOT(ISNUMBER(AG13)),AG13<=0)),AND(AH13<>"",OR(NOT(ISNUMBER(AH13)),AH13<0)),AND(ISNUMBER(AG13),ISNUMBER(AH13),AH13>AG13)),"수량 확인",IF(AF13="완료",1,IF(AF13="미착수",0,IF(AND(ISNUMBER(AG13),ISNUMBER(AH13)),AH13/AG13,"")))) -> 1 | U13: =IF(T13="","",T13) -> 1 | V13: =IF(OR(U13="",S13=""),"",U13-S13) -> 0 | W13: =IF(AND(ISNUMBER($M13),W$5>=$M13,W$5<=IF($N13="",$L$1,$N13),WEEKDAY(W$5,2)<6,COUNTIF(휴일!$A$2:$A$2,W$5)=0),2,IF(AND(ISNUMBER($K13),W$5>=$K13,W$5<=$L13,WEEKDAY(W$5,2)<6,COUNTIF(휴일!$A$2:$A$2,W$5)=0),1,"")) | X13: =IF(AND(ISNUMBER($M13),X$5>=$M13,X$5<=IF($N13="",$L$1,$N13),WEEKDAY(X$5,2)<6,COUNTIF(휴일!$A$2:$A$2,X$5)=0),2,IF(AND(ISNUMBER($K13),X$5>=$K13,X$5<=$L13,WEEKDAY(X$5,2)<6,COUNTIF(휴일!$A$2:$A$2,X$5)=0),1,"")) -> 2 | Y13: =IF(AND(ISNUMBER($M13),Y$5>=$M13,Y$5<=IF($N13="",$L$1,$N13),WEEKDAY(Y$5,2)<6,COUNTIF(휴일!$A$2:$A$2,Y$5)=0),2,IF(AND(ISNUMBER($K13),Y$5>=$K13,Y$5<=$L13,WEEKDAY(Y$5,2)<6,COUNTIF(휴일!$A$2:$A$2,Y$5)=0),1,"")) -> 2 | Z13: =IF(AND(ISNUMBER($M13),Z$5>=$M13,Z$5<=IF($N13="",$L$1,$N13),WEEKDAY(Z$5,2)<6,COUNTIF(휴일!$A$2:$A$2,Z$5)=0),2,IF(AND(ISNUMBER($K13),Z$5>=$K13,Z$5<=$L13,WEEKDAY(Z$5,2)<6,COUNTIF(휴일!$A$2:$A$2,Z$5)=0),1,"")) | AA13: =IF(AND(ISNUMBER($M13),AA$5>=$M13,AA$5<=IF($N13="",$L$1,$N13),WEEKDAY(AA$5,2)<6,COUNTIF(휴일!$A$2:$A$2,AA$5)=0),2,IF(AND(ISNUMBER($K13),AA$5>=$K13,AA$5<=$L13,WEEKDAY(AA$5,2)<6,COUNTIF(휴일!$A$2:$A$2,AA$5)=0),1,"")) | AB13: =IF(AND(ISNUMBER($M13),AB$5>=$M13,AB$5<=IF($N13="",$L$1,$N13),WEEKDAY(AB$5,2)<6,COUNTIF(휴일!$A$2:$A$2,AB$5)=0),2,IF(AND(ISNUMBER($K13),AB$5>=$K13,AB$5<=$L13,WEEKDAY(AB$5,2)<6,COUNTIF(휴일!$A$2:$A$2,AB$5)=0),1,"")) | AC13: =IF(AND(ISNUMBER($M13),AC$5>=$M13,AC$5<=IF($N13="",$L$1,$N13),WEEKDAY(AC$5,2)<6,COUNTIF(휴일!$A$2:$A$2,AC$5)=0),2,IF(AND(ISNUMBER($K13),AC$5>=$K13,AC$5<=$L13,WEEKDAY(AC$5,2)<6,COUNTIF(휴일!$A$2:$A$2,AC$5)=0),1,"")) | AD13: =IF(AND(ISNUMBER($M13),AD$5>=$M13,AD$5<=IF($N13="",$L$1,$N13),WEEKDAY(AD$5,2)<6,COUNTIF(휴일!$A$2:$A$2,AD$5)=0),2,IF(AND(ISNUMBER($K13),AD$5>=$K13,AD$5<=$L13,WEEKDAY(AD$5,2)<6,COUNTIF(휴일!$A$2:$A$2,AD$5)=0),1,"")) | AE13: =IF(AND(ISNUMBER($M13),AE$5>=$M13,AE$5<=IF($N13="",$L$1,$N13),WEEKDAY(AE$5,2)<6,COUNTIF(휴일!$A$2:$A$2,AE$5)=0),2,IF(AND(ISNUMBER($K13),AE$5>=$K13,AE$5<=$L13,WEEKDAY(AE$5,2)<6,COUNTIF(휴일!$A$2:$A$2,AE$5)=0),1,"")) | AF13: 완료
F14: 2.04 스케일·문 높이·충돌체 정리 | H14: 권오민 | I14: 김찬중 | J14: FR-01,NFR-03 1unit=1m, scale1, 문 높이 에셋 기본(약 2.5m), 벽 관통 방지 | K14: 46302 | L14: 46302 | M14: 46303 | N14: 46307 | O14: =IF(OR(K14="",L14=""),"",IF(L14<K14,"날짜 확인",NETWORKDAYS(K14,L14,휴일!$A$2:$A$2))) -> 1 | P14: =IF(OR(M14="",N14=""),"",IF(N14<M14,"날짜 확인",NETWORKDAYS(M14,N14,휴일!$A$2:$A$2))) -> 2 | Q14: =IF(O14="","",IF($L$1<K14,0,NETWORKDAYS(K14,MIN($L$1,L14),휴일!$A$2:$A$2))) -> 1 | R14: =IF(M14="","",IF($L$1<M14,0,NETWORKDAYS(M14,IF(N14="",$L$1,MIN($L$1,N14)),휴일!$A$2:$A$2))) -> 2 | S14: =IF(O14="","",IF(O14=0,0,Q14/O14)) -> 1 | T14: =IF(OR(AND(AG14<>"",OR(NOT(ISNUMBER(AG14)),AG14<=0)),AND(AH14<>"",OR(NOT(ISNUMBER(AH14)),AH14<0)),AND(ISNUMBER(AG14),ISNUMBER(AH14),AH14>AG14)),"수량 확인",IF(AF14="완료",1,IF(AF14="미착수",0,IF(AND(ISNUMBER(AG14),ISNUMBER(AH14)),AH14/AG14,"")))) -> 1 | U14: =IF(T14="","",T14) -> 1 | V14: =IF(OR(U14="",S14=""),"",U14-S14) -> 0 | W14: =IF(AND(ISNUMBER($M14),W$5>=$M14,W$5<=IF($N14="",$L$1,$N14),WEEKDAY(W$5,2)<6,COUNTIF(휴일!$A$2:$A$2,W$5)=0),2,IF(AND(ISNUMBER($K14),W$5>=$K14,W$5<=$L14,WEEKDAY(W$5,2)<6,COUNTIF(휴일!$A$2:$A$2,W$5)=0),1,"")) | X14: =IF(AND(ISNUMBER($M14),X$5>=$M14,X$5<=IF($N14="",$L$1,$N14),WEEKDAY(X$5,2)<6,COUNTIF(휴일!$A$2:$A$2,X$5)=0),2,IF(AND(ISNUMBER($K14),X$5>=$K14,X$5<=$L14,WEEKDAY(X$5,2)<6,COUNTIF(휴일!$A$2:$A$2,X$5)=0),1,"")) -> 1 | Y14: =IF(AND(ISNUMBER($M14),Y$5>=$M14,Y$5<=IF($N14="",$L$1,$N14),WEEKDAY(Y$5,2)<6,COUNTIF(휴일!$A$2:$A$2,Y$5)=0),2,IF(AND(ISNUMBER($K14),Y$5>=$K14,Y$5<=$L14,WEEKDAY(Y$5,2)<6,COUNTIF(휴일!$A$2:$A$2,Y$5)=0),1,"")) -> 2 | Z14: =IF(AND(ISNUMBER($M14),Z$5>=$M14,Z$5<=IF($N14="",$L$1,$N14),WEEKDAY(Z$5,2)<6,COUNTIF(휴일!$A$2:$A$2,Z$5)=0),2,IF(AND(ISNUMBER($K14),Z$5>=$K14,Z$5<=$L14,WEEKDAY(Z$5,2)<6,COUNTIF(휴일!$A$2:$A$2,Z$5)=0),1,"")) | AA14: =IF(AND(ISNUMBER($M14),AA$5>=$M14,AA$5<=IF($N14="",$L$1,$N14),WEEKDAY(AA$5,2)<6,COUNTIF(휴일!$A$2:$A$2,AA$5)=0),2,IF(AND(ISNUMBER($K14),AA$5>=$K14,AA$5<=$L14,WEEKDAY(AA$5,2)<6,COUNTIF(휴일!$A$2:$A$2,AA$5)=0),1,"")) | AB14: =IF(AND(ISNUMBER($M14),AB$5>=$M14,AB$5<=IF($N14="",$L$1,$N14),WEEKDAY(AB$5,2)<6,COUNTIF(휴일!$A$2:$A$2,AB$5)=0),2,IF(AND(ISNUMBER($K14),AB$5>=$K14,AB$5<=$L14,WEEKDAY(AB$5,2)<6,COUNTIF(휴일!$A$2:$A$2,AB$5)=0),1,"")) | AC14: =IF(AND(ISNUMBER($M14),AC$5>=$M14,AC$5<=IF($N14="",$L$1,$N14),WEEKDAY(AC$5,2)<6,COUNTIF(휴일!$A$2:$A$2,AC$5)=0),2,IF(AND(ISNUMBER($K14),AC$5>=$K14,AC$5<=$L14,WEEKDAY(AC$5,2)<6,COUNTIF(휴일!$A$2:$A$2,AC$5)=0),1,"")) -> 2 | AD14: =IF(AND(ISNUMBER($M14),AD$5>=$M14,AD$5<=IF($N14="",$L$1,$N14),WEEKDAY(AD$5,2)<6,COUNTIF(휴일!$A$2:$A$2,AD$5)=0),2,IF(AND(ISNUMBER($K14),AD$5>=$K14,AD$5<=$L14,WEEKDAY(AD$5,2)<6,COUNTIF(휴일!$A$2:$A$2,AD$5)=0),1,"")) | AE14: =IF(AND(ISNUMBER($M14),AE$5>=$M14,AE$5<=IF($N14="",$L$1,$N14),WEEKDAY(AE$5,2)<6,COUNTIF(휴일!$A$2:$A$2,AE$5)=0),2,IF(AND(ISNUMBER($K14),AE$5>=$K14,AE$5<=$L14,WEEKDAY(AE$5,2)<6,COUNTIF(휴일!$A$2:$A$2,AE$5)=0),1,"")) | AF14: 완료
F15: 2.05 4개 구역·입구·거실주방 경계 배치 | H15: 권오민 | I15: 김찬중 | J15: FR-02/04/05 현관·거실·주방·침실 구역과 통과 방향 지정 | K15: 46302 | L15: 46302 | M15: 46303 | N15: 46303 | O15: =IF(OR(K15="",L15=""),"",IF(L15<K15,"날짜 확인",NETWORKDAYS(K15,L15,휴일!$A$2:$A$2))) -> 1 | P15: =IF(OR(M15="",N15=""),"",IF(N15<M15,"날짜 확인",NETWORKDAYS(M15,N15,휴일!$A$2:$A$2))) -> 1 | Q15: =IF(O15="","",IF($L$1<K15,0,NETWORKDAYS(K15,MIN($L$1,L15),휴일!$A$2:$A$2))) -> 1 | R15: =IF(M15="","",IF($L$1<M15,0,NETWORKDAYS(M15,IF(N15="",$L$1,MIN($L$1,N15)),휴일!$A$2:$A$2))) -> 1 | S15: =IF(O15="","",IF(O15=0,0,Q15/O15)) -> 1 | T15: =IF(OR(AND(AG15<>"",OR(NOT(ISNUMBER(AG15)),AG15<=0)),AND(AH15<>"",OR(NOT(ISNUMBER(AH15)),AH15<0)),AND(ISNUMBER(AG15),ISNUMBER(AH15),AH15>AG15)),"수량 확인",IF(AF15="완료",1,IF(AF15="미착수",0,IF(AND(ISNUMBER(AG15),ISNUMBER(AH15)),AH15/AG15,"")))) -> 1 | U15: =IF(T15="","",T15) -> 1 | V15: =IF(OR(U15="",S15=""),"",U15-S15) -> 0 | W15: =IF(AND(ISNUMBER($M15),W$5>=$M15,W$5<=IF($N15="",$L$1,$N15),WEEKDAY(W$5,2)<6,COUNTIF(휴일!$A$2:$A$2,W$5)=0),2,IF(AND(ISNUMBER($K15),W$5>=$K15,W$5<=$L15,WEEKDAY(W$5,2)<6,COUNTIF(휴일!$A$2:$A$2,W$5)=0),1,"")) | X15: =IF(AND(ISNUMBER($M15),X$5>=$M15,X$5<=IF($N15="",$L$1,$N15),WEEKDAY(X$5,2)<6,COUNTIF(휴일!$A$2:$A$2,X$5)=0),2,IF(AND(ISNUMBER($K15),X$5>=$K15,X$5<=$L15,WEEKDAY(X$5,2)<6,COUNTIF(휴일!$A$2:$A$2,X$5)=0),1,"")) -> 1 | Y15: =IF(AND(ISNUMBER($M15),Y$5>=$M15,Y$5<=IF($N15="",$L$1,$N15),WEEKDAY(Y$5,2)<6,COUNTIF(휴일!$A$2:$A$2,Y$5)=0),2,IF(AND(ISNUMBER($K15),Y$5>=$K15,Y$5<=$L15,WEEKDAY(Y$5,2)<6,COUNTIF(휴일!$A$2:$A$2,Y$5)=0),1,"")) -> 2 | Z15: =IF(AND(ISNUMBER($M15),Z$5>=$M15,Z$5<=IF($N15="",$L$1,$N15),WEEKDAY(Z$5,2)<6,COUNTIF(휴일!$A$2:$A$2,Z$5)=0),2,IF(AND(ISNUMBER($K15),Z$5>=$K15,Z$5<=$L15,WEEKDAY(Z$5,2)<6,COUNTIF(휴일!$A$2:$A$2,Z$5)=0),1,"")) | AA15: =IF(AND(ISNUMBER($M15),AA$5>=$M15,AA$5<=IF($N15="",$L$1,$N15),WEEKDAY(AA$5,2)<6,COUNTIF(휴일!$A$2:$A$2,AA$5)=0),2,IF(AND(ISNUMBER($K15),AA$5>=$K15,AA$5<=$L15,WEEKDAY(AA$5,2)<6,COUNTIF(휴일!$A$2:$A$2,AA$5)=0),1,"")) | AB15: =IF(AND(ISNUMBER($M15),AB$5>=$M15,AB$5<=IF($N15="",$L$1,$N15),WEEKDAY(AB$5,2)<6,COUNTIF(휴일!$A$2:$A$2,AB$5)=0),2,IF(AND(ISNUMBER($K15),AB$5>=$K15,AB$5<=$L15,WEEKDAY(AB$5,2)<6,COUNTIF(휴일!$A$2:$A$2,AB$5)=0),1,"")) | AC15: =IF(AND(ISNUMBER($M15),AC$5>=$M15,AC$5<=IF($N15="",$L$1,$N15),WEEKDAY(AC$5,2)<6,COUNTIF(휴일!$A$2:$A$2,AC$5)=0),2,IF(AND(ISNUMBER($K15),AC$5>=$K15,AC$5<=$L15,WEEKDAY(AC$5,2)<6,COUNTIF(휴일!$A$2:$A$2,AC$5)=0),1,"")) | AD15: =IF(AND(ISNUMBER($M15),AD$5>=$M15,AD$5<=IF($N15="",$L$1,$N15),WEEKDAY(AD$5,2)<6,COUNTIF(휴일!$A$2:$A$2,AD$5)=0),2,IF(AND(ISNUMBER($K15),AD$5>=$K15,AD$5<=$L15,WEEKDAY(AD$5,2)<6,COUNTIF(휴일!$A$2:$A$2,AD$5)=0),1,"")) | AE15: =IF(AND(ISNUMBER($M15),AE$5>=$M15,AE$5<=IF($N15="",$L$1,$N15),WEEKDAY(AE$5,2)<6,COUNTIF(휴일!$A$2:$A$2,AE$5)=0),2,IF(AND(ISNUMBER($K15),AE$5>=$K15,AE$5<=$L15,WEEKDAY(AE$5,2)<6,COUNTIF(휴일!$A$2:$A$2,AE$5)=0),1,"")) | AF15: 완료
F16: 2.06 벽·바닥 등 옵션 대상 7종 분리 | H16: 권오민 | I16: 김찬중 | J16: FR-29 모든 교체 대상 등록, 원본 공유 재질 보존 | K16: 46302 | L16: 46302 | M16: 46303 | N16: 46307 | O16: =IF(OR(K16="",L16=""),"",IF(L16<K16,"날짜 확인",NETWORKDAYS(K16,L16,휴일!$A$2:$A$2))) -> 1 | P16: =IF(OR(M16="",N16=""),"",IF(N16<M16,"날짜 확인",NETWORKDAYS(M16,N16,휴일!$A$2:$A$2))) -> 2 | Q16: =IF(O16="","",IF($L$1<K16,0,NETWORKDAYS(K16,MIN($L$1,L16),휴일!$A$2:$A$2))) -> 1 | R16: =IF(M16="","",IF($L$1<M16,0,NETWORKDAYS(M16,IF(N16="",$L$1,MIN($L$1,N16)),휴일!$A$2:$A$2))) -> 2 | S16: =IF(O16="","",IF(O16=0,0,Q16/O16)) -> 1 | T16: =IF(OR(AND(AG16<>"",OR(NOT(ISNUMBER(AG16)),AG16<=0)),AND(AH16<>"",OR(NOT(ISNUMBER(AH16)),AH16<0)),AND(ISNUMBER(AG16),ISNUMBER(AH16),AH16>AG16)),"수량 확인",IF(AF16="완료",1,IF(AF16="미착수",0,IF(AND(ISNUMBER(AG16),ISNUMBER(AH16)),AH16/AG16,"")))) -> 1 | U16: =IF(T16="","",T16) -> 1 | V16: =IF(OR(U16="",S16=""),"",U16-S16) -> 0 | W16: =IF(AND(ISNUMBER($M16),W$5>=$M16,W$5<=IF($N16="",$L$1,$N16),WEEKDAY(W$5,2)<6,COUNTIF(휴일!$A$2:$A$2,W$5)=0),2,IF(AND(ISNUMBER($K16),W$5>=$K16,W$5<=$L16,WEEKDAY(W$5,2)<6,COUNTIF(휴일!$A$2:$A$2,W$5)=0),1,"")) | X16: =IF(AND(ISNUMBER($M16),X$5>=$M16,X$5<=IF($N16="",$L$1,$N16),WEEKDAY(X$5,2)<6,COUNTIF(휴일!$A$2:$A$2,X$5)=0),2,IF(AND(ISNUMBER($K16),X$5>=$K16,X$5<=$L16,WEEKDAY(X$5,2)<6,COUNTIF(휴일!$A$2:$A$2,X$5)=0),1,"")) -> 1 | Y16: =IF(AND(ISNUMBER($M16),Y$5>=$M16,Y$5<=IF($N16="",$L$1,$N16),WEEKDAY(Y$5,2)<6,COUNTIF(휴일!$A$2:$A$2,Y$5)=0),2,IF(AND(ISNUMBER($K16),Y$5>=$K16,Y$5<=$L16,WEEKDAY(Y$5,2)<6,COUNTIF(휴일!$A$2:$A$2,Y$5)=0),1,"")) -> 2 | Z16: =IF(AND(ISNUMBER($M16),Z$5>=$M16,Z$5<=IF($N16="",$L$1,$N16),WEEKDAY(Z$5,2)<6,COUNTIF(휴일!$A$2:$A$2,Z$5)=0),2,IF(AND(ISNUMBER($K16),Z$5>=$K16,Z$5<=$L16,WEEKDAY(Z$5,2)<6,COUNTIF(휴일!$A$2:$A$2,Z$5)=0),1,"")) | AA16: =IF(AND(ISNUMBER($M16),AA$5>=$M16,AA$5<=IF($N16="",$L$1,$N16),WEEKDAY(AA$5,2)<6,COUNTIF(휴일!$A$2:$A$2,AA$5)=0),2,IF(AND(ISNUMBER($K16),AA$5>=$K16,AA$5<=$L16,WEEKDAY(AA$5,2)<6,COUNTIF(휴일!$A$2:$A$2,AA$5)=0),1,"")) | AB16: =IF(AND(ISNUMBER($M16),AB$5>=$M16,AB$5<=IF($N16="",$L$1,$N16),WEEKDAY(AB$5,2)<6,COUNTIF(휴일!$A$2:$A$2,AB$5)=0),2,IF(AND(ISNUMBER($K16),AB$5>=$K16,AB$5<=$L16,WEEKDAY(AB$5,2)<6,COUNTIF(휴일!$A$2:$A$2,AB$5)=0),1,"")) | AC16: =IF(AND(ISNUMBER($M16),AC$5>=$M16,AC$5<=IF($N16="",$L$1,$N16),WEEKDAY(AC$5,2)<6,COUNTIF(휴일!$A$2:$A$2,AC$5)=0),2,IF(AND(ISNUMBER($K16),AC$5>=$K16,AC$5<=$L16,WEEKDAY(AC$5,2)<6,COUNTIF(휴일!$A$2:$A$2,AC$5)=0),1,"")) -> 2 | AD16: =IF(AND(ISNUMBER($M16),AD$5>=$M16,AD$5<=IF($N16="",$L$1,$N16),WEEKDAY(AD$5,2)<6,COUNTIF(휴일!$A$2:$A$2,AD$5)=0),2,IF(AND(ISNUMBER($K16),AD$5>=$K16,AD$5<=$L16,WEEKDAY(AD$5,2)<6,COUNTIF(휴일!$A$2:$A$2,AD$5)=0),1,"")) | AE16: =IF(AND(ISNUMBER($M16),AE$5>=$M16,AE$5<=IF($N16="",$L$1,$N16),WEEKDAY(AE$5,2)<6,COUNTIF(휴일!$A$2:$A$2,AE$5)=0),2,IF(AND(ISNUMBER($K16),AE$5>=$K16,AE$5<=$L16,WEEKDAY(AE$5,2)<6,COUNTIF(휴일!$A$2:$A$2,AE$5)=0),1,"")) | AF16: 완료
F17: 2.07 6축 관절·그리퍼 프리팹 구성 | H17: 김찬중 | I17: 권오민 | J17: FR-15 축·회전 제한·홈 자세 기록, 테스트 씬 분리 | K17: 46302 | L17: 46302 | M17: 46303 | N17: 46307 | O17: =IF(OR(K17="",L17=""),"",IF(L17<K17,"날짜 확인",NETWORKDAYS(K17,L17,휴일!$A$2:$A$2))) -> 1 | P17: =IF(OR(M17="",N17=""),"",IF(N17<M17,"날짜 확인",NETWORKDAYS(M17,N17,휴일!$A$2:$A$2))) -> 2 | Q17: =IF(O17="","",IF($L$1<K17,0,NETWORKDAYS(K17,MIN($L$1,L17),휴일!$A$2:$A$2))) -> 1 | R17: =IF(M17="","",IF($L$1<M17,0,NETWORKDAYS(M17,IF(N17="",$L$1,MIN($L$1,N17)),휴일!$A$2:$A$2))) -> 2 | S17: =IF(O17="","",IF(O17=0,0,Q17/O17)) -> 1 | T17: =IF(OR(AND(AG17<>"",OR(NOT(ISNUMBER(AG17)),AG17<=0)),AND(AH17<>"",OR(NOT(ISNUMBER(AH17)),AH17<0)),AND(ISNUMBER(AG17),ISNUMBER(AH17),AH17>AG17)),"수량 확인",IF(AF17="완료",1,IF(AF17="미착수",0,IF(AND(ISNUMBER(AG17),ISNUMBER(AH17)),AH17/AG17,"")))) -> 1 | U17: =IF(T17="","",T17) -> 1 | V17: =IF(OR(U17="",S17=""),"",U17-S17) -> 0 | W17: =IF(AND(ISNUMBER($M17),W$5>=$M17,W$5<=IF($N17="",$L$1,$N17),WEEKDAY(W$5,2)<6,COUNTIF(휴일!$A$2:$A$2,W$5)=0),2,IF(AND(ISNUMBER($K17),W$5>=$K17,W$5<=$L17,WEEKDAY(W$5,2)<6,COUNTIF(휴일!$A$2:$A$2,W$5)=0),1,"")) | X17: =IF(AND(ISNUMBER($M17),X$5>=$M17,X$5<=IF($N17="",$L$1,$N17),WEEKDAY(X$5,2)<6,COUNTIF(휴일!$A$2:$A$2,X$5)=0),2,IF(AND(ISNUMBER($K17),X$5>=$K17,X$5<=$L17,WEEKDAY(X$5,2)<6,COUNTIF(휴일!$A$2:$A$2,X$5)=0),1,"")) -> 1 | Y17: =IF(AND(ISNUMBER($M17),Y$5>=$M17,Y$5<=IF($N17="",$L$1,$N17),WEEKDAY(Y$5,2)<6,COUNTIF(휴일!$A$2:$A$2,Y$5)=0),2,IF(AND(ISNUMBER($K17),Y$5>=$K17,Y$5<=$L17,WEEKDAY(Y$5,2)<6,COUNTIF(휴일!$A$2:$A$2,Y$5)=0),1,"")) -> 2 | Z17: =IF(AND(ISNUMBER($M17),Z$5>=$M17,Z$5<=IF($N17="",$L$1,$N17),WEEKDAY(Z$5,2)<6,COUNTIF(휴일!$A$2:$A$2,Z$5)=0),2,IF(AND(ISNUMBER($K17),Z$5>=$K17,Z$5<=$L17,WEEKDAY(Z$5,2)<6,COUNTIF(휴일!$A$2:$A$2,Z$5)=0),1,"")) | AA17: =IF(AND(ISNUMBER($M17),AA$5>=$M17,AA$5<=IF($N17="",$L$1,$N17),WEEKDAY(AA$5,2)<6,COUNTIF(휴일!$A$2:$A$2,AA$5)=0),2,IF(AND(ISNUMBER($K17),AA$5>=$K17,AA$5<=$L17,WEEKDAY(AA$5,2)<6,COUNTIF(휴일!$A$2:$A$2,AA$5)=0),1,"")) | AB17: =IF(AND(ISNUMBER($M17),AB$5>=$M17,AB$5<=IF($N17="",$L$1,$N17),WEEKDAY(AB$5,2)<6,COUNTIF(휴일!$A$2:$A$2,AB$5)=0),2,IF(AND(ISNUMBER($K17),AB$5>=$K17,AB$5<=$L17,WEEKDAY(AB$5,2)<6,COUNTIF(휴일!$A$2:$A$2,AB$5)=0),1,"")) | AC17: =IF(AND(ISNUMBER($M17),AC$5>=$M17,AC$5<=IF($N17="",$L$1,$N17),WEEKDAY(AC$5,2)<6,COUNTIF(휴일!$A$2:$A$2,AC$5)=0),2,IF(AND(ISNUMBER($K17),AC$5>=$K17,AC$5<=$L17,WEEKDAY(AC$5,2)<6,COUNTIF(휴일!$A$2:$A$2,AC$5)=0),1,"")) -> 2 | AD17: =IF(AND(ISNUMBER($M17),AD$5>=$M17,AD$5<=IF($N17="",$L$1,$N17),WEEKDAY(AD$5,2)<6,COUNTIF(휴일!$A$2:$A$2,AD$5)=0),2,IF(AND(ISNUMBER($K17),AD$5>=$K17,AD$5<=$L17,WEEKDAY(AD$5,2)<6,COUNTIF(휴일!$A$2:$A$2,AD$5)=0),1,"")) | AE17: =IF(AND(ISNUMBER($M17),AE$5>=$M17,AE$5<=IF($N17="",$L$1,$N17),WEEKDAY(AE$5,2)<6,COUNTIF(휴일!$A$2:$A$2,AE$5)=0),2,IF(AND(ISNUMBER($K17),AE$5>=$K17,AE$5<=$L17,WEEKDAY(AE$5,2)<6,COUNTIF(휴일!$A$2:$A$2,AE$5)=0),1,"")) | AF17: 완료
F18: 2.08 커피머신·컵·목표 지점 배치 | H18: 김찬중 | I18: 권오민 | J18: FR-13/15 컵 보관대(컵3)·찻잔 받침대·커피 머신·싱크대, 밑동에서 0.60m 이내 | K18: 46302 | L18: 46302 | M18: 46303 | N18: 46307 | O18: =IF(OR(K18="",L18=""),"",IF(L18<K18,"날짜 확인",NETWORKDAYS(K18,L18,휴일!$A$2:$A$2))) -> 1 | P18: =IF(OR(M18="",N18=""),"",IF(N18<M18,"날짜 확인",NETWORKDAYS(M18,N18,휴일!$A$2:$A$2))) -> 2 | Q18: =IF(O18="","",IF($L$1<K18,0,NETWORKDAYS(K18,MIN($L$1,L18),휴일!$A$2:$A$2))) -> 1 | R18: =IF(M18="","",IF($L$1<M18,0,NETWORKDAYS(M18,IF(N18="",$L$1,MIN($L$1,N18)),휴일!$A$2:$A$2))) -> 2 | S18: =IF(O18="","",IF(O18=0,0,Q18/O18)) -> 1 | T18: =IF(OR(AND(AG18<>"",OR(NOT(ISNUMBER(AG18)),AG18<=0)),AND(AH18<>"",OR(NOT(ISNUMBER(AH18)),AH18<0)),AND(ISNUMBER(AG18),ISNUMBER(AH18),AH18>AG18)),"수량 확인",IF(AF18="완료",1,IF(AF18="미착수",0,IF(AND(ISNUMBER(AG18),ISNUMBER(AH18)),AH18/AG18,"")))) -> 1 | U18: =IF(T18="","",T18) -> 1 | V18: =IF(OR(U18="",S18=""),"",U18-S18) -> 0 | W18: =IF(AND(ISNUMBER($M18),W$5>=$M18,W$5<=IF($N18="",$L$1,$N18),WEEKDAY(W$5,2)<6,COUNTIF(휴일!$A$2:$A$2,W$5)=0),2,IF(AND(ISNUMBER($K18),W$5>=$K18,W$5<=$L18,WEEKDAY(W$5,2)<6,COUNTIF(휴일!$A$2:$A$2,W$5)=0),1,"")) | X18: =IF(AND(ISNUMBER($M18),X$5>=$M18,X$5<=IF($N18="",$L$1,$N18),WEEKDAY(X$5,2)<6,COUNTIF(휴일!$A$2:$A$2,X$5)=0),2,IF(AND(ISNUMBER($K18),X$5>=$K18,X$5<=$L18,WEEKDAY(X$5,2)<6,COUNTIF(휴일!$A$2:$A$2,X$5)=0),1,"")) -> 1 | Y18: =IF(AND(ISNUMBER($M18),Y$5>=$M18,Y$5<=IF($N18="",$L$1,$N18),WEEKDAY(Y$5,2)<6,COUNTIF(휴일!$A$2:$A$2,Y$5)=0),2,IF(AND(ISNUMBER($K18),Y$5>=$K18,Y$5<=$L18,WEEKDAY(Y$5,2)<6,COUNTIF(휴일!$A$2:$A$2,Y$5)=0),1,"")) -> 2 | Z18: =IF(AND(ISNUMBER($M18),Z$5>=$M18,Z$5<=IF($N18="",$L$1,$N18),WEEKDAY(Z$5,2)<6,COUNTIF(휴일!$A$2:$A$2,Z$5)=0),2,IF(AND(ISNUMBER($K18),Z$5>=$K18,Z$5<=$L18,WEEKDAY(Z$5,2)<6,COUNTIF(휴일!$A$2:$A$2,Z$5)=0),1,"")) | AA18: =IF(AND(ISNUMBER($M18),AA$5>=$M18,AA$5<=IF($N18="",$L$1,$N18),WEEKDAY(AA$5,2)<6,COUNTIF(휴일!$A$2:$A$2,AA$5)=0),2,IF(AND(ISNUMBER($K18),AA$5>=$K18,AA$5<=$L18,WEEKDAY(AA$5,2)<6,COUNTIF(휴일!$A$2:$A$2,AA$5)=0),1,"")) | AB18: =IF(AND(ISNUMBER($M18),AB$5>=$M18,AB$5<=IF($N18="",$L$1,$N18),WEEKDAY(AB$5,2)<6,COUNTIF(휴일!$A$2:$A$2,AB$5)=0),2,IF(AND(ISNUMBER($K18),AB$5>=$K18,AB$5<=$L18,WEEKDAY(AB$5,2)<6,COUNTIF(휴일!$A$2:$A$2,AB$5)=0),1,"")) | AC18: =IF(AND(ISNUMBER($M18),AC$5>=$M18,AC$5<=IF($N18="",$L$1,$N18),WEEKDAY(AC$5,2)<6,COUNTIF(휴일!$A$2:$A$2,AC$5)=0),2,IF(AND(ISNUMBER($K18),AC$5>=$K18,AC$5<=$L18,WEEKDAY(AC$5,2)<6,COUNTIF(휴일!$A$2:$A$2,AC$5)=0),1,"")) -> 2 | AD18: =IF(AND(ISNUMBER($M18),AD$5>=$M18,AD$5<=IF($N18="",$L$1,$N18),WEEKDAY(AD$5,2)<6,COUNTIF(휴일!$A$2:$A$2,AD$5)=0),2,IF(AND(ISNUMBER($K18),AD$5>=$K18,AD$5<=$L18,WEEKDAY(AD$5,2)<6,COUNTIF(휴일!$A$2:$A$2,AD$5)=0),1,"")) | AE18: =IF(AND(ISNUMBER($M18),AE$5>=$M18,AE$5<=IF($N18="",$L$1,$N18),WEEKDAY(AE$5,2)<6,COUNTIF(휴일!$A$2:$A$2,AE$5)=0),2,IF(AND(ISNUMBER($K18),AE$5>=$K18,AE$5<=$L18,WEEKDAY(AE$5,2)<6,COUNTIF(휴일!$A$2:$A$2,AE$5)=0),1,"")) | AF18: 완료
F19: 2.09 HomeEvents 발행·구독 구현 | H19: 김찬중 | I19: 권오민 | J19: NFR-05 입퇴실·옵션·시간·로봇 이벤트 형식 통일 | K19: 46302 | L19: 46302 | M19: 46302 | N19: 46302 | O19: =IF(OR(K19="",L19=""),"",IF(L19<K19,"날짜 확인",NETWORKDAYS(K19,L19,휴일!$A$2:$A$2))) -> 1 | P19: =IF(OR(M19="",N19=""),"",IF(N19<M19,"날짜 확인",NETWORKDAYS(M19,N19,휴일!$A$2:$A$2))) -> 1 | Q19: =IF(O19="","",IF($L$1<K19,0,NETWORKDAYS(K19,MIN($L$1,L19),휴일!$A$2:$A$2))) -> 1 | R19: =IF(M19="","",IF($L$1<M19,0,NETWORKDAYS(M19,IF(N19="",$L$1,MIN($L$1,N19)),휴일!$A$2:$A$2))) -> 1 | S19: =IF(O19="","",IF(O19=0,0,Q19/O19)) -> 1 | T19: =IF(OR(AND(AG19<>"",OR(NOT(ISNUMBER(AG19)),AG19<=0)),AND(AH19<>"",OR(NOT(ISNUMBER(AH19)),AH19<0)),AND(ISNUMBER(AG19),ISNUMBER(AH19),AH19>AG19)),"수량 확인",IF(AF19="완료",1,IF(AF19="미착수",0,IF(AND(ISNUMBER(AG19),ISNUMBER(AH19)),AH19/AG19,"")))) -> 1 | U19: =IF(T19="","",T19) -> 1 | V19: =IF(OR(U19="",S19=""),"",U19-S19) -> 0 | W19: =IF(AND(ISNUMBER($M19),W$5>=$M19,W$5<=IF($N19="",$L$1,$N19),WEEKDAY(W$5,2)<6,COUNTIF(휴일!$A$2:$A$2,W$5)=0),2,IF(AND(ISNUMBER($K19),W$5>=$K19,W$5<=$L19,WEEKDAY(W$5,2)<6,COUNTIF(휴일!$A$2:$A$2,W$5)=0),1,"")) | X19: =IF(AND(ISNUMBER($M19),X$5>=$M19,X$5<=IF($N19="",$L$1,$N19),WEEKDAY(X$5,2)<6,COUNTIF(휴일!$A$2:$A$2,X$5)=0),2,IF(AND(ISNUMBER($K19),X$5>=$K19,X$5<=$L19,WEEKDAY(X$5,2)<6,COUNTIF(휴일!$A$2:$A$2,X$5)=0),1,"")) -> 2 | Y19: =IF(AND(ISNUMBER($M19),Y$5>=$M19,Y$5<=IF($N19="",$L$1,$N19),WEEKDAY(Y$5,2)<6,COUNTIF(휴일!$A$2:$A$2,Y$5)=0),2,IF(AND(ISNUMBER($K19),Y$5>=$K19,Y$5<=$L19,WEEKDAY(Y$5,2)<6,COUNTIF(휴일!$A$2:$A$2,Y$5)=0),1,"")) | Z19: =IF(AND(ISNUMBER($M19),Z$5>=$M19,Z$5<=IF($N19="",$L$1,$N19),WEEKDAY(Z$5,2)<6,COUNTIF(휴일!$A$2:$A$2,Z$5)=0),2,IF(AND(ISNUMBER($K19),Z$5>=$K19,Z$5<=$L19,WEEKDAY(Z$5,2)<6,COUNTIF(휴일!$A$2:$A$2,Z$5)=0),1,"")) | AA19: =IF(AND(ISNUMBER($M19),AA$5>=$M19,AA$5<=IF($N19="",$L$1,$N19),WEEKDAY(AA$5,2)<6,COUNTIF(휴일!$A$2:$A$2,AA$5)=0),2,IF(AND(ISNUMBER($K19),AA$5>=$K19,AA$5<=$L19,WEEKDAY(AA$5,2)<6,COUNTIF(휴일!$A$2:$A$2,AA$5)=0),1,"")) | AB19: =IF(AND(ISNUMBER($M19),AB$5>=$M19,AB$5<=IF($N19="",$L$1,$N19),WEEKDAY(AB$5,2)<6,COUNTIF(휴일!$A$2:$A$2,AB$5)=0),2,IF(AND(ISNUMBER($K19),AB$5>=$K19,AB$5<=$L19,WEEKDAY(AB$5,2)<6,COUNTIF(휴일!$A$2:$A$2,AB$5)=0),1,"")) | AC19: =IF(AND(ISNUMBER($M19),AC$5>=$M19,AC$5<=IF($N19="",$L$1,$N19),WEEKDAY(AC$5,2)<6,COUNTIF(휴일!$A$2:$A$2,AC$5)=0),2,IF(AND(ISNUMBER($K19),AC$5>=$K19,AC$5<=$L19,WEEKDAY(AC$5,2)<6,COUNTIF(휴일!$A$2:$A$2,AC$5)=0),1,"")) | AD19: =IF(AND(ISNUMBER($M19),AD$5>=$M19,AD$5<=IF($N19="",$L$1,$N19),WEEKDAY(AD$5,2)<6,COUNTIF(휴일!$A$2:$A$2,AD$5)=0),2,IF(AND(ISNUMBER($K19),AD$5>=$K19,AD$5<=$L19,WEEKDAY(AD$5,2)<6,COUNTIF(휴일!$A$2:$A$2,AD$5)=0),1,"")) | AE19: =IF(AND(ISNUMBER($M19),AE$5>=$M19,AE$5<=IF($N19="",$L$1,$N19),WEEKDAY(AE$5,2)<6,COUNTIF(휴일!$A$2:$A$2,AE$5)=0),2,IF(AND(ISNUMBER($K19),AE$5>=$K19,AE$5<=$L19,WEEKDAY(AE$5,2)<6,COUNTIF(휴일!$A$2:$A$2,AE$5)=0),1,"")) | AF19: 완료
F20: 2.10 URP 기본 조명·프로브 배치 | H20: 권오민 | I20: 김찬중 | J20: NFR-10 Forward+ 및 구역별 반사 프로브 구성 거울 프로브 Custom 유지·중복 정리 (10/12) | K20: 46302 | L20: 46302 | M20: 46303 | N20: 46307 | O20: =IF(OR(K20="",L20=""),"",IF(L20<K20,"날짜 확인",NETWORKDAYS(K20,L20,휴일!$A$2:$A$2))) -> 1 | P20: =IF(OR(M20="",N20=""),"",IF(N20<M20,"날짜 확인",NETWORKDAYS(M20,N20,휴일!$A$2:$A$2))) -> 2 | Q20: =IF(O20="","",IF($L$1<K20,0,NETWORKDAYS(K20,MIN($L$1,L20),휴일!$A$2:$A$2))) -> 1 | R20: =IF(M20="","",IF($L$1<M20,0,NETWORKDAYS(M20,IF(N20="",$L$1,MIN($L$1,N20)),휴일!$A$2:$A$2))) -> 2 | S20: =IF(O20="","",IF(O20=0,0,Q20/O20)) -> 1 | T20: =IF(OR(AND(AG20<>"",OR(NOT(ISNUMBER(AG20)),AG20<=0)),AND(AH20<>"",OR(NOT(ISNUMBER(AH20)),AH20<0)),AND(ISNUMBER(AG20),ISNUMBER(AH20),AH20>AG20)),"수량 확인",IF(AF20="완료",1,IF(AF20="미착수",0,IF(AND(ISNUMBER(AG20),ISNUMBER(AH20)),AH20/AG20,"")))) -> 1 | U20: =IF(T20="","",T20) -> 1 | V20: =IF(OR(U20="",S20=""),"",U20-S20) -> 0 | W20: =IF(AND(ISNUMBER($M20),W$5>=$M20,W$5<=IF($N20="",$L$1,$N20),WEEKDAY(W$5,2)<6,COUNTIF(휴일!$A$2:$A$2,W$5)=0),2,IF(AND(ISNUMBER($K20),W$5>=$K20,W$5<=$L20,WEEKDAY(W$5,2)<6,COUNTIF(휴일!$A$2:$A$2,W$5)=0),1,"")) | X20: =IF(AND(ISNUMBER($M20),X$5>=$M20,X$5<=IF($N20="",$L$1,$N20),WEEKDAY(X$5,2)<6,COUNTIF(휴일!$A$2:$A$2,X$5)=0),2,IF(AND(ISNUMBER($K20),X$5>=$K20,X$5<=$L20,WEEKDAY(X$5,2)<6,COUNTIF(휴일!$A$2:$A$2,X$5)=0),1,"")) -> 1 | Y20: =IF(AND(ISNUMBER($M20),Y$5>=$M20,Y$5<=IF($N20="",$L$1,$N20),WEEKDAY(Y$5,2)<6,COUNTIF(휴일!$A$2:$A$2,Y$5)=0),2,IF(AND(ISNUMBER($K20),Y$5>=$K20,Y$5<=$L20,WEEKDAY(Y$5,2)<6,COUNTIF(휴일!$A$2:$A$2,Y$5)=0),1,"")) -> 2 | Z20: =IF(AND(ISNUMBER($M20),Z$5>=$M20,Z$5<=IF($N20="",$L$1,$N20),WEEKDAY(Z$5,2)<6,COUNTIF(휴일!$A$2:$A$2,Z$5)=0),2,IF(AND(ISNUMBER($K20),Z$5>=$K20,Z$5<=$L20,WEEKDAY(Z$5,2)<6,COUNTIF(휴일!$A$2:$A$2,Z$5)=0),1,"")) | AA20: =IF(AND(ISNUMBER($M20),AA$5>=$M20,AA$5<=IF($N20="",$L$1,$N20),WEEKDAY(AA$5,2)<6,COUNTIF(휴일!$A$2:$A$2,AA$5)=0),2,IF(AND(ISNUMBER($K20),AA$5>=$K20,AA$5<=$L20,WEEKDAY(AA$5,2)<6,COUNTIF(휴일!$A$2:$A$2,AA$5)=0),1,"")) | AB20: =IF(AND(ISNUMBER($M20),AB$5>=$M20,AB$5<=IF($N20="",$L$1,$N20),WEEKDAY(AB$5,2)<6,COUNTIF(휴일!$A$2:$A$2,AB$5)=0),2,IF(AND(ISNUMBER($K20),AB$5>=$K20,AB$5<=$L20,WEEKDAY(AB$5,2)<6,COUNTIF(휴일!$A$2:$A$2,AB$5)=0),1,"")) | AC20: =IF(AND(ISNUMBER($M20),AC$5>=$M20,AC$5<=IF($N20="",$L$1,$N20),WEEKDAY(AC$5,2)<6,COUNTIF(휴일!$A$2:$A$2,AC$5)=0),2,IF(AND(ISNUMBER($K20),AC$5>=$K20,AC$5<=$L20,WEEKDAY(AC$5,2)<6,COUNTIF(휴일!$A$2:$A$2,AC$5)=0),1,"")) -> 2 | AD20: =IF(AND(ISNUMBER($M20),AD$5>=$M20,AD$5<=IF($N20="",$L$1,$N20),WEEKDAY(AD$5,2)<6,COUNTIF(휴일!$A$2:$A$2,AD$5)=0),2,IF(AND(ISNUMBER($K20),AD$5>=$K20,AD$5<=$L20,WEEKDAY(AD$5,2)<6,COUNTIF(휴일!$A$2:$A$2,AD$5)=0),1,"")) | AE20: =IF(AND(ISNUMBER($M20),AE$5>=$M20,AE$5<=IF($N20="",$L$1,$N20),WEEKDAY(AE$5,2)<6,COUNTIF(휴일!$A$2:$A$2,AE$5)=0),2,IF(AND(ISNUMBER($K20),AE$5>=$K20,AE$5<=$L20,WEEKDAY(AE$5,2)<6,COUNTIF(휴일!$A$2:$A$2,AE$5)=0),1,"")) | AF20: 완료
F21: 2.11 첫날 프리팹 전달·Main 통합 | H21: 권오민 | I21: 김찬중 | J21: 관리 Main 실행 오류 없음, 누락 참조 확인 | K21: 46302 | L21: 46302 | M21: 46303 | N21: 46303 | O21: =IF(OR(K21="",L21=""),"",IF(L21<K21,"날짜 확인",NETWORKDAYS(K21,L21,휴일!$A$2:$A$2))) -> 1 | P21: =IF(OR(M21="",N21=""),"",IF(N21<M21,"날짜 확인",NETWORKDAYS(M21,N21,휴일!$A$2:$A$2))) -> 1 | Q21: =IF(O21="","",IF($L$1<K21,0,NETWORKDAYS(K21,MIN($L$1,L21),휴일!$A$2:$A$2))) -> 1 | R21: =IF(M21="","",IF($L$1<M21,0,NETWORKDAYS(M21,IF(N21="",$L$1,MIN($L$1,N21)),휴일!$A$2:$A$2))) -> 1 | S21: =IF(O21="","",IF(O21=0,0,Q21/O21)) -> 1 | T21: =IF(OR(AND(AG21<>"",OR(NOT(ISNUMBER(AG21)),AG21<=0)),AND(AH21<>"",OR(NOT(ISNUMBER(AH21)),AH21<0)),AND(ISNUMBER(AG21),ISNUMBER(AH21),AH21>AG21)),"수량 확인",IF(AF21="완료",1,IF(AF21="미착수",0,IF(AND(ISNUMBER(AG21),ISNUMBER(AH21)),AH21/AG21,"")))) -> 1 | U21: =IF(T21="","",T21) -> 1 | V21: =IF(OR(U21="",S21=""),"",U21-S21) -> 0 | W21: =IF(AND(ISNUMBER($M21),W$5>=$M21,W$5<=IF($N21="",$L$1,$N21),WEEKDAY(W$5,2)<6,COUNTIF(휴일!$A$2:$A$2,W$5)=0),2,IF(AND(ISNUMBER($K21),W$5>=$K21,W$5<=$L21,WEEKDAY(W$5,2)<6,COUNTIF(휴일!$A$2:$A$2,W$5)=0),1,"")) | X21: =IF(AND(ISNUMBER($M21),X$5>=$M21,X$5<=IF($N21="",$L$1,$N21),WEEKDAY(X$5,2)<6,COUNTIF(휴일!$A$2:$A$2,X$5)=0),2,IF(AND(ISNUMBER($K21),X$5>=$K21,X$5<=$L21,WEEKDAY(X$5,2)<6,COUNTIF(휴일!$A$2:$A$2,X$5)=0),1,"")) -> 1 | Y21: =IF(AND(ISNUMBER($M21),Y$5>=$M21,Y$5<=IF($N21="",$L$1,$N21),WEEKDAY(Y$5,2)<6,COUNTIF(휴일!$A$2:$A$2,Y$5)=0),2,IF(AND(ISNUMBER($K21),Y$5>=$K21,Y$5<=$L21,WEEKDAY(Y$5,2)<6,COUNTIF(휴일!$A$2:$A$2,Y$5)=0),1,"")) -> 2 | Z21: =IF(AND(ISNUMBER($M21),Z$5>=$M21,Z$5<=IF($N21="",$L$1,$N21),WEEKDAY(Z$5,2)<6,COUNTIF(휴일!$A$2:$A$2,Z$5)=0),2,IF(AND(ISNUMBER($K21),Z$5>=$K21,Z$5<=$L21,WEEKDAY(Z$5,2)<6,COUNTIF(휴일!$A$2:$A$2,Z$5)=0),1,"")) | AA21: =IF(AND(ISNUMBER($M21),AA$5>=$M21,AA$5<=IF($N21="",$L$1,$N21),WEEKDAY(AA$5,2)<6,COUNTIF(휴일!$A$2:$A$2,AA$5)=0),2,IF(AND(ISNUMBER($K21),AA$5>=$K21,AA$5<=$L21,WEEKDAY(AA$5,2)<6,COUNTIF(휴일!$A$2:$A$2,AA$5)=0),1,"")) | AB21: =IF(AND(ISNUMBER($M21),AB$5>=$M21,AB$5<=IF($N21="",$L$1,$N21),WEEKDAY(AB$5,2)<6,COUNTIF(휴일!$A$2:$A$2,AB$5)=0),2,IF(AND(ISNUMBER($K21),AB$5>=$K21,AB$5<=$L21,WEEKDAY(AB$5,2)<6,COUNTIF(휴일!$A$2:$A$2,AB$5)=0),1,"")) | AC21: =IF(AND(ISNUMBER($M21),AC$5>=$M21,AC$5<=IF($N21="",$L$1,$N21),WEEKDAY(AC$5,2)<6,COUNTIF(휴일!$A$2:$A$2,AC$5)=0),2,IF(AND(ISNUMBER($K21),AC$5>=$K21,AC$5<=$L21,WEEKDAY(AC$5,2)<6,COUNTIF(휴일!$A$2:$A$2,AC$5)=0),1,"")) | AD21: =IF(AND(ISNUMBER($M21),AD$5>=$M21,AD$5<=IF($N21="",$L$1,$N21),WEEKDAY(AD$5,2)<6,COUNTIF(휴일!$A$2:$A$2,AD$5)=0),2,IF(AND(ISNUMBER($K21),AD$5>=$K21,AD$5<=$L21,WEEKDAY(AD$5,2)<6,COUNTIF(휴일!$A$2:$A$2,AD$5)=0),1,"")) | AE21: =IF(AND(ISNUMBER($M21),AE$5>=$M21,AE$5<=IF($N21="",$L$1,$N21),WEEKDAY(AE$5,2)<6,COUNTIF(휴일!$A$2:$A$2,AE$5)=0),2,IF(AND(ISNUMBER($K21),AE$5>=$K21,AE$5<=$L21,WEEKDAY(AE$5,2)<6,COUNTIF(휴일!$A$2:$A$2,AE$5)=0),1,"")) | AF21: 완료
F22: 2.12 첫날 PR 검토·로그 점검 | H22: 김찬중 | I22: 권오민 | J22: 관리 리뷰 완료, 19시 이전 통합·다음 작업 공유 | K22: 46302 | L22: 46302 | M22: 46303 | N22: 46303 | O22: =IF(OR(K22="",L22=""),"",IF(L22<K22,"날짜 확인",NETWORKDAYS(K22,L22,휴일!$A$2:$A$2))) -> 1 | P22: =IF(OR(M22="",N22=""),"",IF(N22<M22,"날짜 확인",NETWORKDAYS(M22,N22,휴일!$A$2:$A$2))) -> 1 | Q22: =IF(O22="","",IF($L$1<K22,0,NETWORKDAYS(K22,MIN($L$1,L22),휴일!$A$2:$A$2))) -> 1 | R22: =IF(M22="","",IF($L$1<M22,0,NETWORKDAYS(M22,IF(N22="",$L$1,MIN($L$1,N22)),휴일!$A$2:$A$2))) -> 1 | S22: =IF(O22="","",IF(O22=0,0,Q22/O22)) -> 1 | T22: =IF(OR(AND(AG22<>"",OR(NOT(ISNUMBER(AG22)),AG22<=0)),AND(AH22<>"",OR(NOT(ISNUMBER(AH22)),AH22<0)),AND(ISNUMBER(AG22),ISNUMBER(AH22),AH22>AG22)),"수량 확인",IF(AF22="완료",1,IF(AF22="미착수",0,IF(AND(ISNUMBER(AG22),ISNUMBER(AH22)),AH22/AG22,"")))) -> 1 | U22: =IF(T22="","",T22) -> 1 | V22: =IF(OR(U22="",S22=""),"",U22-S22) -> 0 | W22: =IF(AND(ISNUMBER($M22),W$5>=$M22,W$5<=IF($N22="",$L$1,$N22),WEEKDAY(W$5,2)<6,COUNTIF(휴일!$A$2:$A$2,W$5)=0),2,IF(AND(ISNUMBER($K22),W$5>=$K22,W$5<=$L22,WEEKDAY(W$5,2)<6,COUNTIF(휴일!$A$2:$A$2,W$5)=0),1,"")) | X22: =IF(AND(ISNUMBER($M22),X$5>=$M22,X$5<=IF($N22="",$L$1,$N22),WEEKDAY(X$5,2)<6,COUNTIF(휴일!$A$2:$A$2,X$5)=0),2,IF(AND(ISNUMBER($K22),X$5>=$K22,X$5<=$L22,WEEKDAY(X$5,2)<6,COUNTIF(휴일!$A$2:$A$2,X$5)=0),1,"")) -> 1 | Y22: =IF(AND(ISNUMBER($M22),Y$5>=$M22,Y$5<=IF($N22="",$L$1,$N22),WEEKDAY(Y$5,2)<6,COUNTIF(휴일!$A$2:$A$2,Y$5)=0),2,IF(AND(ISNUMBER($K22),Y$5>=$K22,Y$5<=$L22,WEEKDAY(Y$5,2)<6,COUNTIF(휴일!$A$2:$A$2,Y$5)=0),1,"")) -> 2 | Z22: =IF(AND(ISNUMBER($M22),Z$5>=$M22,Z$5<=IF($N22="",$L$1,$N22),WEEKDAY(Z$5,2)<6,COUNTIF(휴일!$A$2:$A$2,Z$5)=0),2,IF(AND(ISNUMBER($K22),Z$5>=$K22,Z$5<=$L22,WEEKDAY(Z$5,2)<6,COUNTIF(휴일!$A$2:$A$2,Z$5)=0),1,"")) | AA22: =IF(AND(ISNUMBER($M22),AA$5>=$M22,AA$5<=IF($N22="",$L$1,$N22),WEEKDAY(AA$5,2)<6,COUNTIF(휴일!$A$2:$A$2,AA$5)=0),2,IF(AND(ISNUMBER($K22),AA$5>=$K22,AA$5<=$L22,WEEKDAY(AA$5,2)<6,COUNTIF(휴일!$A$2:$A$2,AA$5)=0),1,"")) | AB22: =IF(AND(ISNUMBER($M22),AB$5>=$M22,AB$5<=IF($N22="",$L$1,$N22),WEEKDAY(AB$5,2)<6,COUNTIF(휴일!$A$2:$A$2,AB$5)=0),2,IF(AND(ISNUMBER($K22),AB$5>=$K22,AB$5<=$L22,WEEKDAY(AB$5,2)<6,COUNTIF(휴일!$A$2:$A$2,AB$5)=0),1,"")) | AC22: =IF(AND(ISNUMBER($M22),AC$5>=$M22,AC$5<=IF($N22="",$L$1,$N22),WEEKDAY(AC$5,2)<6,COUNTIF(휴일!$A$2:$A$2,AC$5)=0),2,IF(AND(ISNUMBER($K22),AC$5>=$K22,AC$5<=$L22,WEEKDAY(AC$5,2)<6,COUNTIF(휴일!$A$2:$A$2,AC$5)=0),1,"")) | AD22: =IF(AND(ISNUMBER($M22),AD$5>=$M22,AD$5<=IF($N22="",$L$1,$N22),WEEKDAY(AD$5,2)<6,COUNTIF(휴일!$A$2:$A$2,AD$5)=0),2,IF(AND(ISNUMBER($K22),AD$5>=$K22,AD$5<=$L22,WEEKDAY(AD$5,2)<6,COUNTIF(휴일!$A$2:$A$2,AD$5)=0),1,"")) | AE22: =IF(AND(ISNUMBER($M22),AE$5>=$M22,AE$5<=IF($N22="",$L$1,$N22),WEEKDAY(AE$5,2)<6,COUNTIF(휴일!$A$2:$A$2,AE$5)=0),2,IF(AND(ISNUMBER($K22),AE$5>=$K22,AE$5<=$L22,WEEKDAY(AE$5,2)<6,COUNTIF(휴일!$A$2:$A$2,AE$5)=0),1,"")) | AF22: 완료
B23: 3 | C23: 0.20247934 | D23: 기능 구현 1 | F23: 3.01 WASD 이동·카메라 높이 구현 | H23: 권오민 | I23: 김찬중 | J23: FR-01 높이1.6m, 바라보는 방향 기준 이동 | K23: 46303 | L23: 46303 | M23: 46303 | N23: 46303 | O23: =IF(OR(K23="",L23=""),"",IF(L23<K23,"날짜 확인",NETWORKDAYS(K23,L23,휴일!$A$2:$A$2))) -> 1 | P23: =IF(OR(M23="",N23=""),"",IF(N23<M23,"날짜 확인",NETWORKDAYS(M23,N23,휴일!$A$2:$A$2))) -> 1 | Q23: =IF(O23="","",IF($L$1<K23,0,NETWORKDAYS(K23,MIN($L$1,L23),휴일!$A$2:$A$2))) -> 1 | R23: =IF(M23="","",IF($L$1<M23,0,NETWORKDAYS(M23,IF(N23="",$L$1,MIN($L$1,N23)),휴일!$A$2:$A$2))) -> 1 | S23: =IF(O23="","",IF(O23=0,0,Q23/O23)) -> 1 | T23: =IF(OR(AND(AG23<>"",OR(NOT(ISNUMBER(AG23)),AG23<=0)),AND(AH23<>"",OR(NOT(ISNUMBER(AH23)),AH23<0)),AND(ISNUMBER(AG23),ISNUMBER(AH23),AH23>AG23)),"수량 확인",IF(AF23="완료",1,IF(AF23="미착수",0,IF(AND(ISNUMBER(AG23),ISNUMBER(AH23)),AH23/AG23,"")))) -> 1 | U23: =IF(T23="","",T23) -> 1 | V23: =IF(OR(U23="",S23=""),"",U23-S23) -> 0 | W23: =IF(AND(ISNUMBER($M23),W$5>=$M23,W$5<=IF($N23="",$L$1,$N23),WEEKDAY(W$5,2)<6,COUNTIF(휴일!$A$2:$A$2,W$5)=0),2,IF(AND(ISNUMBER($K23),W$5>=$K23,W$5<=$L23,WEEKDAY(W$5,2)<6,COUNTIF(휴일!$A$2:$A$2,W$5)=0),1,"")) | X23: =IF(AND(ISNUMBER($M23),X$5>=$M23,X$5<=IF($N23="",$L$1,$N23),WEEKDAY(X$5,2)<6,COUNTIF(휴일!$A$2:$A$2,X$5)=0),2,IF(AND(ISNUMBER($K23),X$5>=$K23,X$5<=$L23,WEEKDAY(X$5,2)<6,COUNTIF(휴일!$A$2:$A$2,X$5)=0),1,"")) | Y23: =IF(AND(ISNUMBER($M23),Y$5>=$M23,Y$5<=IF($N23="",$L$1,$N23),WEEKDAY(Y$5,2)<6,COUNTIF(휴일!$A$2:$A$2,Y$5)=0),2,IF(AND(ISNUMBER($K23),Y$5>=$K23,Y$5<=$L23,WEEKDAY(Y$5,2)<6,COUNTIF(휴일!$A$2:$A$2,Y$5)=0),1,"")) -> 2 | Z23: =IF(AND(ISNUMBER($M23),Z$5>=$M23,Z$5<=IF($N23="",$L$1,$N23),WEEKDAY(Z$5,2)<6,COUNTIF(휴일!$A$2:$A$2,Z$5)=0),2,IF(AND(ISNUMBER($K23),Z$5>=$K23,Z$5<=$L23,WEEKDAY(Z$5,2)<6,COUNTIF(휴일!$A$2:$A$2,Z$5)=0),1,"")) | AA23: =IF(AND(ISNUMBER($M23),AA$5>=$M23,AA$5<=IF($N23="",$L$1,$N23),WEEKDAY(AA$5,2)<6,COUNTIF(휴일!$A$2:$A$2,AA$5)=0),2,IF(AND(ISNUMBER($K23),AA$5>=$K23,AA$5<=$L23,WEEKDAY(AA$5,2)<6,COUNTIF(휴일!$A$2:$A$2,AA$5)=0),1,"")) | AB23: =IF(AND(ISNUMBER($M23),AB$5>=$M23,AB$5<=IF($N23="",$L$1,$N23),WEEKDAY(AB$5,2)<6,COUNTIF(휴일!$A$2:$A$2,AB$5)=0),2,IF(AND(ISNUMBER($K23),AB$5>=$K23,AB$5<=$L23,WEEKDAY(AB$5,2)<6,COUNTIF(휴일!$A$2:$A$2,AB$5)=0),1,"")) | AC23: =IF(AND(ISNUMBER($M23),AC$5>=$M23,AC$5<=IF($N23="",$L$1,$N23),WEEKDAY(AC$5,2)<6,COUNTIF(휴일!$A$2:$A$2,AC$5)=0),2,IF(AND(ISNUMBER($K23),AC$5>=$K23,AC$5<=$L23,WEEKDAY(AC$5,2)<6,COUNTIF(휴일!$A$2:$A$2,AC$5)=0),1,"")) | AD23: =IF(AND(ISNUMBER($M23),AD$5>=$M23,AD$5<=IF($N23="",$L$1,$N23),WEEKDAY(AD$5,2)<6,COUNTIF(휴일!$A$2:$A$2,AD$5)=0),2,IF(AND(ISNUMBER($K23),AD$5>=$K23,AD$5<=$L23,WEEKDAY(AD$5,2)<6,COUNTIF(휴일!$A$2:$A$2,AD$5)=0),1,"")) | AE23: =IF(AND(ISNUMBER($M23),AE$5>=$M23,AE$5<=IF($N23="",$L$1,$N23),WEEKDAY(AE$5,2)<6,COUNTIF(휴일!$A$2:$A$2,AE$5)=0),2,IF(AND(ISNUMBER($K23),AE$5>=$K23,AE$5<=$L23,WEEKDAY(AE$5,2)<6,COUNTIF(휴일!$A$2:$A$2,AE$5)=0),1,"")) | AF23: 완료
F24: 3.02 우클릭 시점·커서·UI 입력 분리 | H24: 권오민 | I24: 김찬중 | J24: FR-01 우클릭 때만 회전, 커서 표시, UI 위 회전 방지 | K24: 46303 | L24: 46303 | M24: 46303 | N24: 46303 | O24: =IF(OR(K24="",L24=""),"",IF(L24<K24,"날짜 확인",NETWORKDAYS(K24,L24,휴일!$A$2:$A$2))) -> 1 | P24: =IF(OR(M24="",N24=""),"",IF(N24<M24,"날짜 확인",NETWORKDAYS(M24,N24,휴일!$A$2:$A$2))) -> 1 | Q24: =IF(O24="","",IF($L$1<K24,0,NETWORKDAYS(K24,MIN($L$1,L24),휴일!$A$2:$A$2))) -> 1 | R24: =IF(M24="","",IF($L$1<M24,0,NETWORKDAYS(M24,IF(N24="",$L$1,MIN($L$1,N24)),휴일!$A$2:$A$2))) -> 1 | S24: =IF(O24="","",IF(O24=0,0,Q24/O24)) -> 1 | T24: =IF(OR(AND(AG24<>"",OR(NOT(ISNUMBER(AG24)),AG24<=0)),AND(AH24<>"",OR(NOT(ISNUMBER(AH24)),AH24<0)),AND(ISNUMBER(AG24),ISNUMBER(AH24),AH24>AG24)),"수량 확인",IF(AF24="완료",1,IF(AF24="미착수",0,IF(AND(ISNUMBER(AG24),ISNUMBER(AH24)),AH24/AG24,"")))) -> 1 | U24: =IF(T24="","",T24) -> 1 | V24: =IF(OR(U24="",S24=""),"",U24-S24) -> 0 | W24: =IF(AND(ISNUMBER($M24),W$5>=$M24,W$5<=IF($N24="",$L$1,$N24),WEEKDAY(W$5,2)<6,COUNTIF(휴일!$A$2:$A$2,W$5)=0),2,IF(AND(ISNUMBER($K24),W$5>=$K24,W$5<=$L24,WEEKDAY(W$5,2)<6,COUNTIF(휴일!$A$2:$A$2,W$5)=0),1,"")) | X24: =IF(AND(ISNUMBER($M24),X$5>=$M24,X$5<=IF($N24="",$L$1,$N24),WEEKDAY(X$5,2)<6,COUNTIF(휴일!$A$2:$A$2,X$5)=0),2,IF(AND(ISNUMBER($K24),X$5>=$K24,X$5<=$L24,WEEKDAY(X$5,2)<6,COUNTIF(휴일!$A$2:$A$2,X$5)=0),1,"")) | Y24: =IF(AND(ISNUMBER($M24),Y$5>=$M24,Y$5<=IF($N24="",$L$1,$N24),WEEKDAY(Y$5,2)<6,COUNTIF(휴일!$A$2:$A$2,Y$5)=0),2,IF(AND(ISNUMBER($K24),Y$5>=$K24,Y$5<=$L24,WEEKDAY(Y$5,2)<6,COUNTIF(휴일!$A$2:$A$2,Y$5)=0),1,"")) -> 2 | Z24: =IF(AND(ISNUMBER($M24),Z$5>=$M24,Z$5<=IF($N24="",$L$1,$N24),WEEKDAY(Z$5,2)<6,COUNTIF(휴일!$A$2:$A$2,Z$5)=0),2,IF(AND(ISNUMBER($K24),Z$5>=$K24,Z$5<=$L24,WEEKDAY(Z$5,2)<6,COUNTIF(휴일!$A$2:$A$2,Z$5)=0),1,"")) | AA24: =IF(AND(ISNUMBER($M24),AA$5>=$M24,AA$5<=IF($N24="",$L$1,$N24),WEEKDAY(AA$5,2)<6,COUNTIF(휴일!$A$2:$A$2,AA$5)=0),2,IF(AND(ISNUMBER($K24),AA$5>=$K24,AA$5<=$L24,WEEKDAY(AA$5,2)<6,COUNTIF(휴일!$A$2:$A$2,AA$5)=0),1,"")) | AB24: =IF(AND(ISNUMBER($M24),AB$5>=$M24,AB$5<=IF($N24="",$L$1,$N24),WEEKDAY(AB$5,2)<6,COUNTIF(휴일!$A$2:$A$2,AB$5)=0),2,IF(AND(ISNUMBER($K24),AB$5>=$K24,AB$5<=$L24,WEEKDAY(AB$5,2)<6,COUNTIF(휴일!$A$2:$A$2,AB$5)=0),1,"")) | AC24: =IF(AND(ISNUMBER($M24),AC$5>=$M24,AC$5<=IF($N24="",$L$1,$N24),WEEKDAY(AC$5,2)<6,COUNTIF(휴일!$A$2:$A$2,AC$5)=0),2,IF(AND(ISNUMBER($K24),AC$5>=$K24,AC$5<=$L24,WEEKDAY(AC$5,2)<6,COUNTIF(휴일!$A$2:$A$2,AC$5)=0),1,"")) | AD24: =IF(AND(ISNUMBER($M24),AD$5>=$M24,AD$5<=IF($N24="",$L$1,$N24),WEEKDAY(AD$5,2)<6,COUNTIF(휴일!$A$2:$A$2,AD$5)=0),2,IF(AND(ISNUMBER($K24),AD$5>=$K24,AD$5<=$L24,WEEKDAY(AD$5,2)<6,COUNTIF(휴일!$A$2:$A$2,AD$5)=0),1,"")) | AE24: =IF(AND(ISNUMBER($M24),AE$5>=$M24,AE$5<=IF($N24="",$L$1,$N24),WEEKDAY(AE$5,2)<6,COUNTIF(휴일!$A$2:$A$2,AE$5)=0),2,IF(AND(ISNUMBER($K24),AE$5>=$K24,AE$5<=$L24,WEEKDAY(AE$5,2)<6,COUNTIF(휴일!$A$2:$A$2,AE$5)=0),1,"")) | AF24: 완료
F25: 3.03 낙하 복귀·벽 충돌 검증 | H25: 권오민 | I25: 김찬중 | J25: FR-01 4개 구역 이동 및 낙하 복귀 재현 | K25: 46303 | L25: 46303 | M25: 46303 | N25: 46303 | O25: =IF(OR(K25="",L25=""),"",IF(L25<K25,"날짜 확인",NETWORKDAYS(K25,L25,휴일!$A$2:$A$2))) -> 1 | P25: =IF(OR(M25="",N25=""),"",IF(N25<M25,"날짜 확인",NETWORKDAYS(M25,N25,휴일!$A$2:$A$2))) -> 1 | Q25: =IF(O25="","",IF($L$1<K25,0,NETWORKDAYS(K25,MIN($L$1,L25),휴일!$A$2:$A$2))) -> 1 | R25: =IF(M25="","",IF($L$1<M25,0,NETWORKDAYS(M25,IF(N25="",$L$1,MIN($L$1,N25)),휴일!$A$2:$A$2))) -> 1 | S25: =IF(O25="","",IF(O25=0,0,Q25/O25)) -> 1 | T25: =IF(OR(AND(AG25<>"",OR(NOT(ISNUMBER(AG25)),AG25<=0)),AND(AH25<>"",OR(NOT(ISNUMBER(AH25)),AH25<0)),AND(ISNUMBER(AG25),ISNUMBER(AH25),AH25>AG25)),"수량 확인",IF(AF25="완료",1,IF(AF25="미착수",0,IF(AND(ISNUMBER(AG25),ISNUMBER(AH25)),AH25/AG25,"")))) -> 1 | U25: =IF(T25="","",T25) -> 1 | V25: =IF(OR(U25="",S25=""),"",U25-S25) -> 0 | W25: =IF(AND(ISNUMBER($M25),W$5>=$M25,W$5<=IF($N25="",$L$1,$N25),WEEKDAY(W$5,2)<6,COUNTIF(휴일!$A$2:$A$2,W$5)=0),2,IF(AND(ISNUMBER($K25),W$5>=$K25,W$5<=$L25,WEEKDAY(W$5,2)<6,COUNTIF(휴일!$A$2:$A$2,W$5)=0),1,"")) | X25: =IF(AND(ISNUMBER($M25),X$5>=$M25,X$5<=IF($N25="",$L$1,$N25),WEEKDAY(X$5,2)<6,COUNTIF(휴일!$A$2:$A$2,X$5)=0),2,IF(AND(ISNUMBER($K25),X$5>=$K25,X$5<=$L25,WEEKDAY(X$5,2)<6,COUNTIF(휴일!$A$2:$A$2,X$5)=0),1,"")) | Y25: =IF(AND(ISNUMBER($M25),Y$5>=$M25,Y$5<=IF($N25="",$L$1,$N25),WEEKDAY(Y$5,2)<6,COUNTIF(휴일!$A$2:$A$2,Y$5)=0),2,IF(AND(ISNUMBER($K25),Y$5>=$K25,Y$5<=$L25,WEEKDAY(Y$5,2)<6,COUNTIF(휴일!$A$2:$A$2,Y$5)=0),1,"")) -> 2 | Z25: =IF(AND(ISNUMBER($M25),Z$5>=$M25,Z$5<=IF($N25="",$L$1,$N25),WEEKDAY(Z$5,2)<6,COUNTIF(휴일!$A$2:$A$2,Z$5)=0),2,IF(AND(ISNUMBER($K25),Z$5>=$K25,Z$5<=$L25,WEEKDAY(Z$5,2)<6,COUNTIF(휴일!$A$2:$A$2,Z$5)=0),1,"")) | AA25: =IF(AND(ISNUMBER($M25),AA$5>=$M25,AA$5<=IF($N25="",$L$1,$N25),WEEKDAY(AA$5,2)<6,COUNTIF(휴일!$A$2:$A$2,AA$5)=0),2,IF(AND(ISNUMBER($K25),AA$5>=$K25,AA$5<=$L25,WEEKDAY(AA$5,2)<6,COUNTIF(휴일!$A$2:$A$2,AA$5)=0),1,"")) | AB25: =IF(AND(ISNUMBER($M25),AB$5>=$M25,AB$5<=IF($N25="",$L$1,$N25),WEEKDAY(AB$5,2)<6,COUNTIF(휴일!$A$2:$A$2,AB$5)=0),2,IF(AND(ISNUMBER($K25),AB$5>=$K25,AB$5<=$L25,WEEKDAY(AB$5,2)<6,COUNTIF(휴일!$A$2:$A$2,AB$5)=0),1,"")) | AC25: =IF(AND(ISNUMBER($M25),AC$5>=$M25,AC$5<=IF($N25="",$L$1,$N25),WEEKDAY(AC$5,2)<6,COUNTIF(휴일!$A$2:$A$2,AC$5)=0),2,IF(AND(ISNUMBER($K25),AC$5>=$K25,AC$5<=$L25,WEEKDAY(AC$5,2)<6,COUNTIF(휴일!$A$2:$A$2,AC$5)=0),1,"")) | AD25: =IF(AND(ISNUMBER($M25),AD$5>=$M25,AD$5<=IF($N25="",$L$1,$N25),WEEKDAY(AD$5,2)<6,COUNTIF(휴일!$A$2:$A$2,AD$5)=0),2,IF(AND(ISNUMBER($K25),AD$5>=$K25,AD$5<=$L25,WEEKDAY(AD$5,2)<6,COUNTIF(휴일!$A$2:$A$2,AD$5)=0),1,"")) | AE25: =IF(AND(ISNUMBER($M25),AE$5>=$M25,AE$5<=IF($N25="",$L$1,$N25),WEEKDAY(AE$5,2)<6,COUNTIF(휴일!$A$2:$A$2,AE$5)=0),2,IF(AND(ISNUMBER($K25),AE$5>=$K25,AE$5<=$L25,WEEKDAY(AE$5,2)<6,COUNTIF(휴일!$A$2:$A$2,AE$5)=0),1,"")) | AF25: 완료
F26: 3.04 입구 통과 방향 기반 재실 판정 | H26: 김찬중 | I26: 권오민 | J26: FR-04/05 단순 접촉·정지로 상태 변경 없음 | K26: 46303 | L26: 46303 | M26: 46303 | N26: 46303 | O26: =IF(OR(K26="",L26=""),"",IF(L26<K26,"날짜 확인",NETWORKDAYS(K26,L26,휴일!$A$2:$A$2))) -> 1 | P26: =IF(OR(M26="",N26=""),"",IF(N26<M26,"날짜 확인",NETWORKDAYS(M26,N26,휴일!$A$2:$A$2))) -> 1 | Q26: =IF(O26="","",IF($L$1<K26,0,NETWORKDAYS(K26,MIN($L$1,L26),휴일!$A$2:$A$2))) -> 1 | R26: =IF(M26="","",IF($L$1<M26,0,NETWORKDAYS(M26,IF(N26="",$L$1,MIN($L$1,N26)),휴일!$A$2:$A$2))) -> 1 | S26: =IF(O26="","",IF(O26=0,0,Q26/O26)) -> 1 | T26: =IF(OR(AND(AG26<>"",OR(NOT(ISNUMBER(AG26)),AG26<=0)),AND(AH26<>"",OR(NOT(ISNUMBER(AH26)),AH26<0)),AND(ISNUMBER(AG26),ISNUMBER(AH26),AH26>AG26)),"수량 확인",IF(AF26="완료",1,IF(AF26="미착수",0,IF(AND(ISNUMBER(AG26),ISNUMBER(AH26)),AH26/AG26,"")))) -> 1 | U26: =IF(T26="","",T26) -> 1 | V26: =IF(OR(U26="",S26=""),"",U26-S26) -> 0 | W26: =IF(AND(ISNUMBER($M26),W$5>=$M26,W$5<=IF($N26="",$L$1,$N26),WEEKDAY(W$5,2)<6,COUNTIF(휴일!$A$2:$A$2,W$5)=0),2,IF(AND(ISNUMBER($K26),W$5>=$K26,W$5<=$L26,WEEKDAY(W$5,2)<6,COUNTIF(휴일!$A$2:$A$2,W$5)=0),1,"")) | X26: =IF(AND(ISNUMBER($M26),X$5>=$M26,X$5<=IF($N26="",$L$1,$N26),WEEKDAY(X$5,2)<6,COUNTIF(휴일!$A$2:$A$2,X$5)=0),2,IF(AND(ISNUMBER($K26),X$5>=$K26,X$5<=$L26,WEEKDAY(X$5,2)<6,COUNTIF(휴일!$A$2:$A$2,X$5)=0),1,"")) | Y26: =IF(AND(ISNUMBER($M26),Y$5>=$M26,Y$5<=IF($N26="",$L$1,$N26),WEEKDAY(Y$5,2)<6,COUNTIF(휴일!$A$2:$A$2,Y$5)=0),2,IF(AND(ISNUMBER($K26),Y$5>=$K26,Y$5<=$L26,WEEKDAY(Y$5,2)<6,COUNTIF(휴일!$A$2:$A$2,Y$5)=0),1,"")) -> 2 | Z26: =IF(AND(ISNUMBER($M26),Z$5>=$M26,Z$5<=IF($N26="",$L$1,$N26),WEEKDAY(Z$5,2)<6,COUNTIF(휴일!$A$2:$A$2,Z$5)=0),2,IF(AND(ISNUMBER($K26),Z$5>=$K26,Z$5<=$L26,WEEKDAY(Z$5,2)<6,COUNTIF(휴일!$A$2:$A$2,Z$5)=0),1,"")) | AA26: =IF(AND(ISNUMBER($M26),AA$5>=$M26,AA$5<=IF($N26="",$L$1,$N26),WEEKDAY(AA$5,2)<6,COUNTIF(휴일!$A$2:$A$2,AA$5)=0),2,IF(AND(ISNUMBER($K26),AA$5>=$K26,AA$5<=$L26,WEEKDAY(AA$5,2)<6,COUNTIF(휴일!$A$2:$A$2,AA$5)=0),1,"")) | AB26: =IF(AND(ISNUMBER($M26),AB$5>=$M26,AB$5<=IF($N26="",$L$1,$N26),WEEKDAY(AB$5,2)<6,COUNTIF(휴일!$A$2:$A$2,AB$5)=0),2,IF(AND(ISNUMBER($K26),AB$5>=$K26,AB$5<=$L26,WEEKDAY(AB$5,2)<6,COUNTIF(휴일!$A$2:$A$2,AB$5)=0),1,"")) | AC26: =IF(AND(ISNUMBER($M26),AC$5>=$M26,AC$5<=IF($N26="",$L$1,$N26),WEEKDAY(AC$5,2)<6,COUNTIF(휴일!$A$2:$A$2,AC$5)=0),2,IF(AND(ISNUMBER($K26),AC$5>=$K26,AC$5<=$L26,WEEKDAY(AC$5,2)<6,COUNTIF(휴일!$A$2:$A$2,AC$5)=0),1,"")) | AD26: =IF(AND(ISNUMBER($M26),AD$5>=$M26,AD$5<=IF($N26="",$L$1,$N26),WEEKDAY(AD$5,2)<6,COUNTIF(휴일!$A$2:$A$2,AD$5)=0),2,IF(AND(ISNUMBER($K26),AD$5>=$K26,AD$5<=$L26,WEEKDAY(AD$5,2)<6,COUNTIF(휴일!$A$2:$A$2,AD$5)=0),1,"")) | AE26: =IF(AND(ISNUMBER($M26),AE$5>=$M26,AE$5<=IF($N26="",$L$1,$N26),WEEKDAY(AE$5,2)<6,COUNTIF(휴일!$A$2:$A$2,AE$5)=0),2,IF(AND(ISNUMBER($K26),AE$5>=$K26,AE$5<=$L26,WEEKDAY(AE$5,2)<6,COUNTIF(휴일!$A$2:$A$2,AE$5)=0),1,"")) | AF26: 완료
F27: 3.05 조명 켜기·꺼짐 예약·재진입 취소 | H27: 김찬중 | I27: 권오민 | J27: FR-04/05 입실1초, 퇴실3초 대기+1초 감광 LightFader 공통 클래스, 4개 구역 조명 5개 (10/12) | K27: 46303 | L27: 46303 | M27: 46303 | N27: 46307 | O27: =IF(OR(K27="",L27=""),"",IF(L27<K27,"날짜 확인",NETWORKDAYS(K27,L27,휴일!$A$2:$A$2))) -> 1 | P27: =IF(OR(M27="",N27=""),"",IF(N27<M27,"날짜 확인",NETWORKDAYS(M27,N27,휴일!$A$2:$A$2))) -> 2 | Q27: =IF(O27="","",IF($L$1<K27,0,NETWORKDAYS(K27,MIN($L$1,L27),휴일!$A$2:$A$2))) -> 1 | R27: =IF(M27="","",IF($L$1<M27,0,NETWORKDAYS(M27,IF(N27="",$L$1,MIN($L$1,N27)),휴일!$A$2:$A$2))) -> 2 | S27: =IF(O27="","",IF(O27=0,0,Q27/O27)) -> 1 | T27: =IF(OR(AND(AG27<>"",OR(NOT(ISNUMBER(AG27)),AG27<=0)),AND(AH27<>"",OR(NOT(ISNUMBER(AH27)),AH27<0)),AND(ISNUMBER(AG27),ISNUMBER(AH27),AH27>AG27)),"수량 확인",IF(AF27="완료",1,IF(AF27="미착수",0,IF(AND(ISNUMBER(AG27),ISNUMBER(AH27)),AH27/AG27,"")))) -> 1 | U27: =IF(T27="","",T27) -> 1 | V27: =IF(OR(U27="",S27=""),"",U27-S27) -> 0 | W27: =IF(AND(ISNUMBER($M27),W$5>=$M27,W$5<=IF($N27="",$L$1,$N27),WEEKDAY(W$5,2)<6,COUNTIF(휴일!$A$2:$A$2,W$5)=0),2,IF(AND(ISNUMBER($K27),W$5>=$K27,W$5<=$L27,WEEKDAY(W$5,2)<6,COUNTIF(휴일!$A$2:$A$2,W$5)=0),1,"")) | X27: =IF(AND(ISNUMBER($M27),X$5>=$M27,X$5<=IF($N27="",$L$1,$N27),WEEKDAY(X$5,2)<6,COUNTIF(휴일!$A$2:$A$2,X$5)=0),2,IF(AND(ISNUMBER($K27),X$5>=$K27,X$5<=$L27,WEEKDAY(X$5,2)<6,COUNTIF(휴일!$A$2:$A$2,X$5)=0),1,"")) | Y27: =IF(AND(ISNUMBER($M27),Y$5>=$M27,Y$5<=IF($N27="",$L$1,$N27),WEEKDAY(Y$5,2)<6,COUNTIF(휴일!$A$2:$A$2,Y$5)=0),2,IF(AND(ISNUMBER($K27),Y$5>=$K27,Y$5<=$L27,WEEKDAY(Y$5,2)<6,COUNTIF(휴일!$A$2:$A$2,Y$5)=0),1,"")) -> 2 | Z27: =IF(AND(ISNUMBER($M27),Z$5>=$M27,Z$5<=IF($N27="",$L$1,$N27),WEEKDAY(Z$5,2)<6,COUNTIF(휴일!$A$2:$A$2,Z$5)=0),2,IF(AND(ISNUMBER($K27),Z$5>=$K27,Z$5<=$L27,WEEKDAY(Z$5,2)<6,COUNTIF(휴일!$A$2:$A$2,Z$5)=0),1,"")) | AA27: =IF(AND(ISNUMBER($M27),AA$5>=$M27,AA$5<=IF($N27="",$L$1,$N27),WEEKDAY(AA$5,2)<6,COUNTIF(휴일!$A$2:$A$2,AA$5)=0),2,IF(AND(ISNUMBER($K27),AA$5>=$K27,AA$5<=$L27,WEEKDAY(AA$5,2)<6,COUNTIF(휴일!$A$2:$A$2,AA$5)=0),1,"")) | AB27: =IF(AND(ISNUMBER($M27),AB$5>=$M27,AB$5<=IF($N27="",$L$1,$N27),WEEKDAY(AB$5,2)<6,COUNTIF(휴일!$A$2:$A$2,AB$5)=0),2,IF(AND(ISNUMBER($K27),AB$5>=$K27,AB$5<=$L27,WEEKDAY(AB$5,2)<6,COUNTIF(휴일!$A$2:$A$2,AB$5)=0),1,"")) | AC27: =IF(AND(ISNUMBER($M27),AC$5>=$M27,AC$5<=IF($N27="",$L$1,$N27),WEEKDAY(AC$5,2)<6,COUNTIF(휴일!$A$2:$A$2,AC$5)=0),2,IF(AND(ISNUMBER($K27),AC$5>=$K27,AC$5<=$L27,WEEKDAY(AC$5,2)<6,COUNTIF(휴일!$A$2:$A$2,AC$5)=0),1,"")) -> 2 | AD27: =IF(AND(ISNUMBER($M27),AD$5>=$M27,AD$5<=IF($N27="",$L$1,$N27),WEEKDAY(AD$5,2)<6,COUNTIF(휴일!$A$2:$A$2,AD$5)=0),2,IF(AND(ISNUMBER($K27),AD$5>=$K27,AD$5<=$L27,WEEKDAY(AD$5,2)<6,COUNTIF(휴일!$A$2:$A$2,AD$5)=0),1,"")) | AE27: =IF(AND(ISNUMBER($M27),AE$5>=$M27,AE$5<=IF($N27="",$L$1,$N27),WEEKDAY(AE$5,2)<6,COUNTIF(휴일!$A$2:$A$2,AE$5)=0),2,IF(AND(ISNUMBER($K27),AE$5>=$K27,AE$5<=$L27,WEEKDAY(AE$5,2)<6,COUNTIF(휴일!$A$2:$A$2,AE$5)=0),1,"")) | AF27: 완료
F28: 3.06 (삭제) 중문 자동 개폐 | H28: 김찬중 | I28: 권오민 | J28: FR-07 삭제 10/9 팀 결정으로 중문 제외(SRS v2.5), 작업 없음 | K28: 46303 | L28: 46303 | O28: =IF(OR(K28="",L28=""),"",IF(L28<K28,"날짜 확인",NETWORKDAYS(K28,L28,휴일!$A$2:$A$2))) -> 1 | P28: =IF(OR(M28="",N28=""),"",IF(N28<M28,"날짜 확인",NETWORKDAYS(M28,N28,휴일!$A$2:$A$2))) | Q28: =IF(O28="","",IF($L$1<K28,0,NETWORKDAYS(K28,MIN($L$1,L28),휴일!$A$2:$A$2))) -> 1 | R28: =IF(M28="","",IF($L$1<M28,0,NETWORKDAYS(M28,IF(N28="",$L$1,MIN($L$1,N28)),휴일!$A$2:$A$2))) | S28: =IF(O28="","",IF(O28=0,0,Q28/O28)) -> 1 | T28: =IF(OR(AND(AG28<>"",OR(NOT(ISNUMBER(AG28)),AG28<=0)),AND(AH28<>"",OR(NOT(ISNUMBER(AH28)),AH28<0)),AND(ISNUMBER(AG28),ISNUMBER(AH28),AH28>AG28)),"수량 확인",IF(AF28="완료",1,IF(AF28="미착수",0,IF(AND(ISNUMBER(AG28),ISNUMBER(AH28)),AH28/AG28,"")))) -> 1 | U28: =IF(T28="","",T28) -> 1 | V28: =IF(OR(U28="",S28=""),"",U28-S28) -> 0 | W28: =IF(AND(ISNUMBER($M28),W$5>=$M28,W$5<=IF($N28="",$L$1,$N28),WEEKDAY(W$5,2)<6,COUNTIF(휴일!$A$2:$A$2,W$5)=0),2,IF(AND(ISNUMBER($K28),W$5>=$K28,W$5<=$L28,WEEKDAY(W$5,2)<6,COUNTIF(휴일!$A$2:$A$2,W$5)=0),1,"")) | X28: =IF(AND(ISNUMBER($M28),X$5>=$M28,X$5<=IF($N28="",$L$1,$N28),WEEKDAY(X$5,2)<6,COUNTIF(휴일!$A$2:$A$2,X$5)=0),2,IF(AND(ISNUMBER($K28),X$5>=$K28,X$5<=$L28,WEEKDAY(X$5,2)<6,COUNTIF(휴일!$A$2:$A$2,X$5)=0),1,"")) | Y28: =IF(AND(ISNUMBER($M28),Y$5>=$M28,Y$5<=IF($N28="",$L$1,$N28),WEEKDAY(Y$5,2)<6,COUNTIF(휴일!$A$2:$A$2,Y$5)=0),2,IF(AND(ISNUMBER($K28),Y$5>=$K28,Y$5<=$L28,WEEKDAY(Y$5,2)<6,COUNTIF(휴일!$A$2:$A$2,Y$5)=0),1,"")) -> 1 | Z28: =IF(AND(ISNUMBER($M28),Z$5>=$M28,Z$5<=IF($N28="",$L$1,$N28),WEEKDAY(Z$5,2)<6,COUNTIF(휴일!$A$2:$A$2,Z$5)=0),2,IF(AND(ISNUMBER($K28),Z$5>=$K28,Z$5<=$L28,WEEKDAY(Z$5,2)<6,COUNTIF(휴일!$A$2:$A$2,Z$5)=0),1,"")) | AA28: =IF(AND(ISNUMBER($M28),AA$5>=$M28,AA$5<=IF($N28="",$L$1,$N28),WEEKDAY(AA$5,2)<6,COUNTIF(휴일!$A$2:$A$2,AA$5)=0),2,IF(AND(ISNUMBER($K28),AA$5>=$K28,AA$5<=$L28,WEEKDAY(AA$5,2)<6,COUNTIF(휴일!$A$2:$A$2,AA$5)=0),1,"")) | AB28: =IF(AND(ISNUMBER($M28),AB$5>=$M28,AB$5<=IF($N28="",$L$1,$N28),WEEKDAY(AB$5,2)<6,COUNTIF(휴일!$A$2:$A$2,AB$5)=0),2,IF(AND(ISNUMBER($K28),AB$5>=$K28,AB$5<=$L28,WEEKDAY(AB$5,2)<6,COUNTIF(휴일!$A$2:$A$2,AB$5)=0),1,"")) | AC28: =IF(AND(ISNUMBER($M28),AC$5>=$M28,AC$5<=IF($N28="",$L$1,$N28),WEEKDAY(AC$5,2)<6,COUNTIF(휴일!$A$2:$A$2,AC$5)=0),2,IF(AND(ISNUMBER($K28),AC$5>=$K28,AC$5<=$L28,WEEKDAY(AC$5,2)<6,COUNTIF(휴일!$A$2:$A$2,AC$5)=0),1,"")) | AD28: =IF(AND(ISNUMBER($M28),AD$5>=$M28,AD$5<=IF($N28="",$L$1,$N28),WEEKDAY(AD$5,2)<6,COUNTIF(휴일!$A$2:$A$2,AD$5)=0),2,IF(AND(ISNUMBER($K28),AD$5>=$K28,AD$5<=$L28,WEEKDAY(AD$5,2)<6,COUNTIF(휴일!$A$2:$A$2,AD$5)=0),1,"")) | AE28: =IF(AND(ISNUMBER($M28),AE$5>=$M28,AE$5<=IF($N28="",$L$1,$N28),WEEKDAY(AE$5,2)<6,COUNTIF(휴일!$A$2:$A$2,AE$5)=0),2,IF(AND(ISNUMBER($K28),AE$5>=$K28,AE$5<=$L28,WEEKDAY(AE$5,2)<6,COUNTIF(휴일!$A$2:$A$2,AE$5)=0),1,"")) | AF28: 보류 | AG28: 1 | AH28: 1
F29: 3.07 구역 정보 팝업 구현 | H29: 권오민 | I29: 김찬중 | J29: FR-02 구역명·면적·방향·특징 3초 표시, 전환 시 교체 | K29: 46303 | L29: 46303 | M29: 46303 | N29: 46303 | O29: =IF(OR(K29="",L29=""),"",IF(L29<K29,"날짜 확인",NETWORKDAYS(K29,L29,휴일!$A$2:$A$2))) -> 1 | P29: =IF(OR(M29="",N29=""),"",IF(N29<M29,"날짜 확인",NETWORKDAYS(M29,N29,휴일!$A$2:$A$2))) -> 1 | Q29: =IF(O29="","",IF($L$1<K29,0,NETWORKDAYS(K29,MIN($L$1,L29),휴일!$A$2:$A$2))) -> 1 | R29: =IF(M29="","",IF($L$1<M29,0,NETWORKDAYS(M29,IF(N29="",$L$1,MIN($L$1,N29)),휴일!$A$2:$A$2))) -> 1 | S29: =IF(O29="","",IF(O29=0,0,Q29/O29)) -> 1 | T29: =IF(OR(AND(AG29<>"",OR(NOT(ISNUMBER(AG29)),AG29<=0)),AND(AH29<>"",OR(NOT(ISNUMBER(AH29)),AH29<0)),AND(ISNUMBER(AG29),ISNUMBER(AH29),AH29>AG29)),"수량 확인",IF(AF29="완료",1,IF(AF29="미착수",0,IF(AND(ISNUMBER(AG29),ISNUMBER(AH29)),AH29/AG29,"")))) -> 1 | U29: =IF(T29="","",T29) -> 1 | V29: =IF(OR(U29="",S29=""),"",U29-S29) -> 0 | W29: =IF(AND(ISNUMBER($M29),W$5>=$M29,W$5<=IF($N29="",$L$1,$N29),WEEKDAY(W$5,2)<6,COUNTIF(휴일!$A$2:$A$2,W$5)=0),2,IF(AND(ISNUMBER($K29),W$5>=$K29,W$5<=$L29,WEEKDAY(W$5,2)<6,COUNTIF(휴일!$A$2:$A$2,W$5)=0),1,"")) | X29: =IF(AND(ISNUMBER($M29),X$5>=$M29,X$5<=IF($N29="",$L$1,$N29),WEEKDAY(X$5,2)<6,COUNTIF(휴일!$A$2:$A$2,X$5)=0),2,IF(AND(ISNUMBER($K29),X$5>=$K29,X$5<=$L29,WEEKDAY(X$5,2)<6,COUNTIF(휴일!$A$2:$A$2,X$5)=0),1,"")) | Y29: =IF(AND(ISNUMBER($M29),Y$5>=$M29,Y$5<=IF($N29="",$L$1,$N29),WEEKDAY(Y$5,2)<6,COUNTIF(휴일!$A$2:$A$2,Y$5)=0),2,IF(AND(ISNUMBER($K29),Y$5>=$K29,Y$5<=$L29,WEEKDAY(Y$5,2)<6,COUNTIF(휴일!$A$2:$A$2,Y$5)=0),1,"")) -> 2 | Z29: =IF(AND(ISNUMBER($M29),Z$5>=$M29,Z$5<=IF($N29="",$L$1,$N29),WEEKDAY(Z$5,2)<6,COUNTIF(휴일!$A$2:$A$2,Z$5)=0),2,IF(AND(ISNUMBER($K29),Z$5>=$K29,Z$5<=$L29,WEEKDAY(Z$5,2)<6,COUNTIF(휴일!$A$2:$A$2,Z$5)=0),1,"")) | AA29: =IF(AND(ISNUMBER($M29),AA$5>=$M29,AA$5<=IF($N29="",$L$1,$N29),WEEKDAY(AA$5,2)<6,COUNTIF(휴일!$A$2:$A$2,AA$5)=0),2,IF(AND(ISNUMBER($K29),AA$5>=$K29,AA$5<=$L29,WEEKDAY(AA$5,2)<6,COUNTIF(휴일!$A$2:$A$2,AA$5)=0),1,"")) | AB29: =IF(AND(ISNUMBER($M29),AB$5>=$M29,AB$5<=IF($N29="",$L$1,$N29),WEEKDAY(AB$5,2)<6,COUNTIF(휴일!$A$2:$A$2,AB$5)=0),2,IF(AND(ISNUMBER($K29),AB$5>=$K29,AB$5<=$L29,WEEKDAY(AB$5,2)<6,COUNTIF(휴일!$A$2:$A$2,AB$5)=0),1,"")) | AC29: =IF(AND(ISNUMBER($M29),AC$5>=$M29,AC$5<=IF($N29="",$L$1,$N29),WEEKDAY(AC$5,2)<6,COUNTIF(휴일!$A$2:$A$2,AC$5)=0),2,IF(AND(ISNUMBER($K29),AC$5>=$K29,AC$5<=$L29,WEEKDAY(AC$5,2)<6,COUNTIF(휴일!$A$2:$A$2,AC$5)=0),1,"")) | AD29: =IF(AND(ISNUMBER($M29),AD$5>=$M29,AD$5<=IF($N29="",$L$1,$N29),WEEKDAY(AD$5,2)<6,COUNTIF(휴일!$A$2:$A$2,AD$5)=0),2,IF(AND(ISNUMBER($K29),AD$5>=$K29,AD$5<=$L29,WEEKDAY(AD$5,2)<6,COUNTIF(휴일!$A$2:$A$2,AD$5)=0),1,"")) | AE29: =IF(AND(ISNUMBER($M29),AE$5>=$M29,AE$5<=IF($N29="",$L$1,$N29),WEEKDAY(AE$5,2)<6,COUNTIF(휴일!$A$2:$A$2,AE$5)=0),2,IF(AND(ISNUMBER($K29),AE$5>=$K29,AE$5<=$L29,WEEKDAY(AE$5,2)<6,COUNTIF(휴일!$A$2:$A$2,AE$5)=0),1,"")) | AF29: 완료
F30: 3.08 5m 레이캐스트·아웃라인 선택 | H30: 권오민 | I30: 김찬중 | J30: FR-03 선택 가능 파트만 강조·클릭, UI 뒤 클릭 차단 | K30: 46303 | L30: 46303 | M30: 46303 | N30: 46303 | O30: =IF(OR(K30="",L30=""),"",IF(L30<K30,"날짜 확인",NETWORKDAYS(K30,L30,휴일!$A$2:$A$2))) -> 1 | P30: =IF(OR(M30="",N30=""),"",IF(N30<M30,"날짜 확인",NETWORKDAYS(M30,N30,휴일!$A$2:$A$2))) -> 1 | Q30: =IF(O30="","",IF($L$1<K30,0,NETWORKDAYS(K30,MIN($L$1,L30),휴일!$A$2:$A$2))) -> 1 | R30: =IF(M30="","",IF($L$1<M30,0,NETWORKDAYS(M30,IF(N30="",$L$1,MIN($L$1,N30)),휴일!$A$2:$A$2))) -> 1 | S30: =IF(O30="","",IF(O30=0,0,Q30/O30)) -> 1 | T30: =IF(OR(AND(AG30<>"",OR(NOT(ISNUMBER(AG30)),AG30<=0)),AND(AH30<>"",OR(NOT(ISNUMBER(AH30)),AH30<0)),AND(ISNUMBER(AG30),ISNUMBER(AH30),AH30>AG30)),"수량 확인",IF(AF30="완료",1,IF(AF30="미착수",0,IF(AND(ISNUMBER(AG30),ISNUMBER(AH30)),AH30/AG30,"")))) -> 1 | U30: =IF(T30="","",T30) -> 1 | V30: =IF(OR(U30="",S30=""),"",U30-S30) -> 0 | W30: =IF(AND(ISNUMBER($M30),W$5>=$M30,W$5<=IF($N30="",$L$1,$N30),WEEKDAY(W$5,2)<6,COUNTIF(휴일!$A$2:$A$2,W$5)=0),2,IF(AND(ISNUMBER($K30),W$5>=$K30,W$5<=$L30,WEEKDAY(W$5,2)<6,COUNTIF(휴일!$A$2:$A$2,W$5)=0),1,"")) | X30: =IF(AND(ISNUMBER($M30),X$5>=$M30,X$5<=IF($N30="",$L$1,$N30),WEEKDAY(X$5,2)<6,COUNTIF(휴일!$A$2:$A$2,X$5)=0),2,IF(AND(ISNUMBER($K30),X$5>=$K30,X$5<=$L30,WEEKDAY(X$5,2)<6,COUNTIF(휴일!$A$2:$A$2,X$5)=0),1,"")) | Y30: =IF(AND(ISNUMBER($M30),Y$5>=$M30,Y$5<=IF($N30="",$L$1,$N30),WEEKDAY(Y$5,2)<6,COUNTIF(휴일!$A$2:$A$2,Y$5)=0),2,IF(AND(ISNUMBER($K30),Y$5>=$K30,Y$5<=$L30,WEEKDAY(Y$5,2)<6,COUNTIF(휴일!$A$2:$A$2,Y$5)=0),1,"")) -> 2 | Z30: =IF(AND(ISNUMBER($M30),Z$5>=$M30,Z$5<=IF($N30="",$L$1,$N30),WEEKDAY(Z$5,2)<6,COUNTIF(휴일!$A$2:$A$2,Z$5)=0),2,IF(AND(ISNUMBER($K30),Z$5>=$K30,Z$5<=$L30,WEEKDAY(Z$5,2)<6,COUNTIF(휴일!$A$2:$A$2,Z$5)=0),1,"")) | AA30: =IF(AND(ISNUMBER($M30),AA$5>=$M30,AA$5<=IF($N30="",$L$1,$N30),WEEKDAY(AA$5,2)<6,COUNTIF(휴일!$A$2:$A$2,AA$5)=0),2,IF(AND(ISNUMBER($K30),AA$5>=$K30,AA$5<=$L30,WEEKDAY(AA$5,2)<6,COUNTIF(휴일!$A$2:$A$2,AA$5)=0),1,"")) | AB30: =IF(AND(ISNUMBER($M30),AB$5>=$M30,AB$5<=IF($N30="",$L$1,$N30),WEEKDAY(AB$5,2)<6,COUNTIF(휴일!$A$2:$A$2,AB$5)=0),2,IF(AND(ISNUMBER($K30),AB$5>=$K30,AB$5<=$L30,WEEKDAY(AB$5,2)<6,COUNTIF(휴일!$A$2:$A$2,AB$5)=0),1,"")) | AC30: =IF(AND(ISNUMBER($M30),AC$5>=$M30,AC$5<=IF($N30="",$L$1,$N30),WEEKDAY(AC$5,2)<6,COUNTIF(휴일!$A$2:$A$2,AC$5)=0),2,IF(AND(ISNUMBER($K30),AC$5>=$K30,AC$5<=$L30,WEEKDAY(AC$5,2)<6,COUNTIF(휴일!$A$2:$A$2,AC$5)=0),1,"")) | AD30: =IF(AND(ISNUMBER($M30),AD$5>=$M30,AD$5<=IF($N30="",$L$1,$N30),WEEKDAY(AD$5,2)<6,COUNTIF(휴일!$A$2:$A$2,AD$5)=0),2,IF(AND(ISNUMBER($K30),AD$5>=$K30,AD$5<=$L30,WEEKDAY(AD$5,2)<6,COUNTIF(휴일!$A$2:$A$2,AD$5)=0),1,"")) | AE30: =IF(AND(ISNUMBER($M30),AE$5>=$M30,AE$5<=IF($N30="",$L$1,$N30),WEEKDAY(AE$5,2)<6,COUNTIF(휴일!$A$2:$A$2,AE$5)=0),2,IF(AND(ISNUMBER($K30),AE$5>=$K30,AE$5<=$L30,WEEKDAY(AE$5,2)<6,COUNTIF(휴일!$A$2:$A$2,AE$5)=0),1,"")) | AF30: 완료
F31: 3.09 카탈로그·선택 상태·가격 합계 구현 | H31: 김찬중 | I31: 권오민 | J31: FR-29/31 파트별 단일 선택, 기본0원, A-7 합계 검증 | K31: 46303 | L31: 46303 | M31: 46303 | N31: 46303 | O31: =IF(OR(K31="",L31=""),"",IF(L31<K31,"날짜 확인",NETWORKDAYS(K31,L31,휴일!$A$2:$A$2))) -> 1 | P31: =IF(OR(M31="",N31=""),"",IF(N31<M31,"날짜 확인",NETWORKDAYS(M31,N31,휴일!$A$2:$A$2))) -> 1 | Q31: =IF(O31="","",IF($L$1<K31,0,NETWORKDAYS(K31,MIN($L$1,L31),휴일!$A$2:$A$2))) -> 1 | R31: =IF(M31="","",IF($L$1<M31,0,NETWORKDAYS(M31,IF(N31="",$L$1,MIN($L$1,N31)),휴일!$A$2:$A$2))) -> 1 | S31: =IF(O31="","",IF(O31=0,0,Q31/O31)) -> 1 | T31: =IF(OR(AND(AG31<>"",OR(NOT(ISNUMBER(AG31)),AG31<=0)),AND(AH31<>"",OR(NOT(ISNUMBER(AH31)),AH31<0)),AND(ISNUMBER(AG31),ISNUMBER(AH31),AH31>AG31)),"수량 확인",IF(AF31="완료",1,IF(AF31="미착수",0,IF(AND(ISNUMBER(AG31),ISNUMBER(AH31)),AH31/AG31,"")))) -> 1 | U31: =IF(T31="","",T31) -> 1 | V31: =IF(OR(U31="",S31=""),"",U31-S31) -> 0 | W31: =IF(AND(ISNUMBER($M31),W$5>=$M31,W$5<=IF($N31="",$L$1,$N31),WEEKDAY(W$5,2)<6,COUNTIF(휴일!$A$2:$A$2,W$5)=0),2,IF(AND(ISNUMBER($K31),W$5>=$K31,W$5<=$L31,WEEKDAY(W$5,2)<6,COUNTIF(휴일!$A$2:$A$2,W$5)=0),1,"")) | X31: =IF(AND(ISNUMBER($M31),X$5>=$M31,X$5<=IF($N31="",$L$1,$N31),WEEKDAY(X$5,2)<6,COUNTIF(휴일!$A$2:$A$2,X$5)=0),2,IF(AND(ISNUMBER($K31),X$5>=$K31,X$5<=$L31,WEEKDAY(X$5,2)<6,COUNTIF(휴일!$A$2:$A$2,X$5)=0),1,"")) | Y31: =IF(AND(ISNUMBER($M31),Y$5>=$M31,Y$5<=IF($N31="",$L$1,$N31),WEEKDAY(Y$5,2)<6,COUNTIF(휴일!$A$2:$A$2,Y$5)=0),2,IF(AND(ISNUMBER($K31),Y$5>=$K31,Y$5<=$L31,WEEKDAY(Y$5,2)<6,COUNTIF(휴일!$A$2:$A$2,Y$5)=0),1,"")) -> 2 | Z31: =IF(AND(ISNUMBER($M31),Z$5>=$M31,Z$5<=IF($N31="",$L$1,$N31),WEEKDAY(Z$5,2)<6,COUNTIF(휴일!$A$2:$A$2,Z$5)=0),2,IF(AND(ISNUMBER($K31),Z$5>=$K31,Z$5<=$L31,WEEKDAY(Z$5,2)<6,COUNTIF(휴일!$A$2:$A$2,Z$5)=0),1,"")) | AA31: =IF(AND(ISNUMBER($M31),AA$5>=$M31,AA$5<=IF($N31="",$L$1,$N31),WEEKDAY(AA$5,2)<6,COUNTIF(휴일!$A$2:$A$2,AA$5)=0),2,IF(AND(ISNUMBER($K31),AA$5>=$K31,AA$5<=$L31,WEEKDAY(AA$5,2)<6,COUNTIF(휴일!$A$2:$A$2,AA$5)=0),1,"")) | AB31: =IF(AND(ISNUMBER($M31),AB$5>=$M31,AB$5<=IF($N31="",$L$1,$N31),WEEKDAY(AB$5,2)<6,COUNTIF(휴일!$A$2:$A$2,AB$5)=0),2,IF(AND(ISNUMBER($K31),AB$5>=$K31,AB$5<=$L31,WEEKDAY(AB$5,2)<6,COUNTIF(휴일!$A$2:$A$2,AB$5)=0),1,"")) | AC31: =IF(AND(ISNUMBER($M31),AC$5>=$M31,AC$5<=IF($N31="",$L$1,$N31),WEEKDAY(AC$5,2)<6,COUNTIF(휴일!$A$2:$A$2,AC$5)=0),2,IF(AND(ISNUMBER($K31),AC$5>=$K31,AC$5<=$L31,WEEKDAY(AC$5,2)<6,COUNTIF(휴일!$A$2:$A$2,AC$5)=0),1,"")) | AD31: =IF(AND(ISNUMBER($M31),AD$5>=$M31,AD$5<=IF($N31="",$L$1,$N31),WEEKDAY(AD$5,2)<6,COUNTIF(휴일!$A$2:$A$2,AD$5)=0),2,IF(AND(ISNUMBER($K31),AD$5>=$K31,AD$5<=$L31,WEEKDAY(AD$5,2)<6,COUNTIF(휴일!$A$2:$A$2,AD$5)=0),1,"")) | AE31: =IF(AND(ISNUMBER($M31),AE$5>=$M31,AE$5<=IF($N31="",$L$1,$N31),WEEKDAY(AE$5,2)<6,COUNTIF(휴일!$A$2:$A$2,AE$5)=0),2,IF(AND(ISNUMBER($K31),AE$5>=$K31,AE$5<=$L31,WEEKDAY(AE$5,2)<6,COUNTIF(휴일!$A$2:$A$2,AE$5)=0),1,"")) | AF31: 완료
F32: 3.10 벽지 교체와 공통 적용기 구현 | H32: 권오민 | I32: 김찬중 | J32: FR-29-01 전체 벽 대상 변경,1초 이내 반영 | K32: 46303 | L32: 46303 | M32: 46303 | N32: 46303 | O32: =IF(OR(K32="",L32=""),"",IF(L32<K32,"날짜 확인",NETWORKDAYS(K32,L32,휴일!$A$2:$A$2))) -> 1 | P32: =IF(OR(M32="",N32=""),"",IF(N32<M32,"날짜 확인",NETWORKDAYS(M32,N32,휴일!$A$2:$A$2))) -> 1 | Q32: =IF(O32="","",IF($L$1<K32,0,NETWORKDAYS(K32,MIN($L$1,L32),휴일!$A$2:$A$2))) -> 1 | R32: =IF(M32="","",IF($L$1<M32,0,NETWORKDAYS(M32,IF(N32="",$L$1,MIN($L$1,N32)),휴일!$A$2:$A$2))) -> 1 | S32: =IF(O32="","",IF(O32=0,0,Q32/O32)) -> 1 | T32: =IF(OR(AND(AG32<>"",OR(NOT(ISNUMBER(AG32)),AG32<=0)),AND(AH32<>"",OR(NOT(ISNUMBER(AH32)),AH32<0)),AND(ISNUMBER(AG32),ISNUMBER(AH32),AH32>AG32)),"수량 확인",IF(AF32="완료",1,IF(AF32="미착수",0,IF(AND(ISNUMBER(AG32),ISNUMBER(AH32)),AH32/AG32,"")))) -> 1 | U32: =IF(T32="","",T32) -> 1 | V32: =IF(OR(U32="",S32=""),"",U32-S32) -> 0 | W32: =IF(AND(ISNUMBER($M32),W$5>=$M32,W$5<=IF($N32="",$L$1,$N32),WEEKDAY(W$5,2)<6,COUNTIF(휴일!$A$2:$A$2,W$5)=0),2,IF(AND(ISNUMBER($K32),W$5>=$K32,W$5<=$L32,WEEKDAY(W$5,2)<6,COUNTIF(휴일!$A$2:$A$2,W$5)=0),1,"")) | X32: =IF(AND(ISNUMBER($M32),X$5>=$M32,X$5<=IF($N32="",$L$1,$N32),WEEKDAY(X$5,2)<6,COUNTIF(휴일!$A$2:$A$2,X$5)=0),2,IF(AND(ISNUMBER($K32),X$5>=$K32,X$5<=$L32,WEEKDAY(X$5,2)<6,COUNTIF(휴일!$A$2:$A$2,X$5)=0),1,"")) | Y32: =IF(AND(ISNUMBER($M32),Y$5>=$M32,Y$5<=IF($N32="",$L$1,$N32),WEEKDAY(Y$5,2)<6,COUNTIF(휴일!$A$2:$A$2,Y$5)=0),2,IF(AND(ISNUMBER($K32),Y$5>=$K32,Y$5<=$L32,WEEKDAY(Y$5,2)<6,COUNTIF(휴일!$A$2:$A$2,Y$5)=0),1,"")) -> 2 | Z32: =IF(AND(ISNUMBER($M32),Z$5>=$M32,Z$5<=IF($N32="",$L$1,$N32),WEEKDAY(Z$5,2)<6,COUNTIF(휴일!$A$2:$A$2,Z$5)=0),2,IF(AND(ISNUMBER($K32),Z$5>=$K32,Z$5<=$L32,WEEKDAY(Z$5,2)<6,COUNTIF(휴일!$A$2:$A$2,Z$5)=0),1,"")) | AA32: =IF(AND(ISNUMBER($M32),AA$5>=$M32,AA$5<=IF($N32="",$L$1,$N32),WEEKDAY(AA$5,2)<6,COUNTIF(휴일!$A$2:$A$2,AA$5)=0),2,IF(AND(ISNUMBER($K32),AA$5>=$K32,AA$5<=$L32,WEEKDAY(AA$5,2)<6,COUNTIF(휴일!$A$2:$A$2,AA$5)=0),1,"")) | AB32: =IF(AND(ISNUMBER($M32),AB$5>=$M32,AB$5<=IF($N32="",$L$1,$N32),WEEKDAY(AB$5,2)<6,COUNTIF(휴일!$A$2:$A$2,AB$5)=0),2,IF(AND(ISNUMBER($K32),AB$5>=$K32,AB$5<=$L32,WEEKDAY(AB$5,2)<6,COUNTIF(휴일!$A$2:$A$2,AB$5)=0),1,"")) | AC32: =IF(AND(ISNUMBER($M32),AC$5>=$M32,AC$5<=IF($N32="",$L$1,$N32),WEEKDAY(AC$5,2)<6,COUNTIF(휴일!$A$2:$A$2,AC$5)=0),2,IF(AND(ISNUMBER($K32),AC$5>=$K32,AC$5<=$L32,WEEKDAY(AC$5,2)<6,COUNTIF(휴일!$A$2:$A$2,AC$5)=0),1,"")) | AD32: =IF(AND(ISNUMBER($M32),AD$5>=$M32,AD$5<=IF($N32="",$L$1,$N32),WEEKDAY(AD$5,2)<6,COUNTIF(휴일!$A$2:$A$2,AD$5)=0),2,IF(AND(ISNUMBER($K32),AD$5>=$K32,AD$5<=$L32,WEEKDAY(AD$5,2)<6,COUNTIF(휴일!$A$2:$A$2,AD$5)=0),1,"")) | AE32: =IF(AND(ISNUMBER($M32),AE$5>=$M32,AE$5<=IF($N32="",$L$1,$N32),WEEKDAY(AE$5,2)<6,COUNTIF(휴일!$A$2:$A$2,AE$5)=0),2,IF(AND(ISNUMBER($K32),AE$5>=$K32,AE$5<=$L32,WEEKDAY(AE$5,2)<6,COUNTIF(휴일!$A$2:$A$2,AE$5)=0),1,"")) | AF32: 완료
F33: 3.11 상단 메뉴·패널 전환 골격 | H33: 권오민 | I33: 김찬중 | J33: FR-11 옵션·기록·초기화, 패널 상호 배타 및 토글 닫기 | K33: 46303 | L33: 46303 | M33: 46303 | N33: 46303 | O33: =IF(OR(K33="",L33=""),"",IF(L33<K33,"날짜 확인",NETWORKDAYS(K33,L33,휴일!$A$2:$A$2))) -> 1 | P33: =IF(OR(M33="",N33=""),"",IF(N33<M33,"날짜 확인",NETWORKDAYS(M33,N33,휴일!$A$2:$A$2))) -> 1 | Q33: =IF(O33="","",IF($L$1<K33,0,NETWORKDAYS(K33,MIN($L$1,L33),휴일!$A$2:$A$2))) -> 1 | R33: =IF(M33="","",IF($L$1<M33,0,NETWORKDAYS(M33,IF(N33="",$L$1,MIN($L$1,N33)),휴일!$A$2:$A$2))) -> 1 | S33: =IF(O33="","",IF(O33=0,0,Q33/O33)) -> 1 | T33: =IF(OR(AND(AG33<>"",OR(NOT(ISNUMBER(AG33)),AG33<=0)),AND(AH33<>"",OR(NOT(ISNUMBER(AH33)),AH33<0)),AND(ISNUMBER(AG33),ISNUMBER(AH33),AH33>AG33)),"수량 확인",IF(AF33="완료",1,IF(AF33="미착수",0,IF(AND(ISNUMBER(AG33),ISNUMBER(AH33)),AH33/AG33,"")))) -> 1 | U33: =IF(T33="","",T33) -> 1 | V33: =IF(OR(U33="",S33=""),"",U33-S33) -> 0 | W33: =IF(AND(ISNUMBER($M33),W$5>=$M33,W$5<=IF($N33="",$L$1,$N33),WEEKDAY(W$5,2)<6,COUNTIF(휴일!$A$2:$A$2,W$5)=0),2,IF(AND(ISNUMBER($K33),W$5>=$K33,W$5<=$L33,WEEKDAY(W$5,2)<6,COUNTIF(휴일!$A$2:$A$2,W$5)=0),1,"")) | X33: =IF(AND(ISNUMBER($M33),X$5>=$M33,X$5<=IF($N33="",$L$1,$N33),WEEKDAY(X$5,2)<6,COUNTIF(휴일!$A$2:$A$2,X$5)=0),2,IF(AND(ISNUMBER($K33),X$5>=$K33,X$5<=$L33,WEEKDAY(X$5,2)<6,COUNTIF(휴일!$A$2:$A$2,X$5)=0),1,"")) | Y33: =IF(AND(ISNUMBER($M33),Y$5>=$M33,Y$5<=IF($N33="",$L$1,$N33),WEEKDAY(Y$5,2)<6,COUNTIF(휴일!$A$2:$A$2,Y$5)=0),2,IF(AND(ISNUMBER($K33),Y$5>=$K33,Y$5<=$L33,WEEKDAY(Y$5,2)<6,COUNTIF(휴일!$A$2:$A$2,Y$5)=0),1,"")) -> 2 | Z33: =IF(AND(ISNUMBER($M33),Z$5>=$M33,Z$5<=IF($N33="",$L$1,$N33),WEEKDAY(Z$5,2)<6,COUNTIF(휴일!$A$2:$A$2,Z$5)=0),2,IF(AND(ISNUMBER($K33),Z$5>=$K33,Z$5<=$L33,WEEKDAY(Z$5,2)<6,COUNTIF(휴일!$A$2:$A$2,Z$5)=0),1,"")) | AA33: =IF(AND(ISNUMBER($M33),AA$5>=$M33,AA$5<=IF($N33="",$L$1,$N33),WEEKDAY(AA$5,2)<6,COUNTIF(휴일!$A$2:$A$2,AA$5)=0),2,IF(AND(ISNUMBER($K33),AA$5>=$K33,AA$5<=$L33,WEEKDAY(AA$5,2)<6,COUNTIF(휴일!$A$2:$A$2,AA$5)=0),1,"")) | AB33: =IF(AND(ISNUMBER($M33),AB$5>=$M33,AB$5<=IF($N33="",$L$1,$N33),WEEKDAY(AB$5,2)<6,COUNTIF(휴일!$A$2:$A$2,AB$5)=0),2,IF(AND(ISNUMBER($K33),AB$5>=$K33,AB$5<=$L33,WEEKDAY(AB$5,2)<6,COUNTIF(휴일!$A$2:$A$2,AB$5)=0),1,"")) | AC33: =IF(AND(ISNUMBER($M33),AC$5>=$M33,AC$5<=IF($N33="",$L$1,$N33),WEEKDAY(AC$5,2)<6,COUNTIF(휴일!$A$2:$A$2,AC$5)=0),2,IF(AND(ISNUMBER($K33),AC$5>=$K33,AC$5<=$L33,WEEKDAY(AC$5,2)<6,COUNTIF(휴일!$A$2:$A$2,AC$5)=0),1,"")) | AD33: =IF(AND(ISNUMBER($M33),AD$5>=$M33,AD$5<=IF($N33="",$L$1,$N33),WEEKDAY(AD$5,2)<6,COUNTIF(휴일!$A$2:$A$2,AD$5)=0),2,IF(AND(ISNUMBER($K33),AD$5>=$K33,AD$5<=$L33,WEEKDAY(AD$5,2)<6,COUNTIF(휴일!$A$2:$A$2,AD$5)=0),1,"")) | AE33: =IF(AND(ISNUMBER($M33),AE$5>=$M33,AE$5<=IF($N33="",$L$1,$N33),WEEKDAY(AE$5,2)<6,COUNTIF(휴일!$A$2:$A$2,AE$5)=0),2,IF(AND(ISNUMBER($K33),AE$5>=$K33,AE$5<=$L33,WEEKDAY(AE$5,2)<6,COUNTIF(휴일!$A$2:$A$2,AE$5)=0),1,"")) | AF33: 완료
F34: 3.12 IK 위치·방향·관절 속도 제한 구현 | H34: 김찬중 | I34: 권오민 | J34: FR-15 목표 오차2cm 이내,5초 타임아웃 처리 | K34: 46303 | L34: 46303 | M34: 46303 | N34: 46303 | O34: =IF(OR(K34="",L34=""),"",IF(L34<K34,"날짜 확인",NETWORKDAYS(K34,L34,휴일!$A$2:$A$2))) -> 1 | P34: =IF(OR(M34="",N34=""),"",IF(N34<M34,"날짜 확인",NETWORKDAYS(M34,N34,휴일!$A$2:$A$2))) -> 1 | Q34: =IF(O34="","",IF($L$1<K34,0,NETWORKDAYS(K34,MIN($L$1,L34),휴일!$A$2:$A$2))) -> 1 | R34: =IF(M34="","",IF($L$1<M34,0,NETWORKDAYS(M34,IF(N34="",$L$1,MIN($L$1,N34)),휴일!$A$2:$A$2))) -> 1 | S34: =IF(O34="","",IF(O34=0,0,Q34/O34)) -> 1 | T34: =IF(OR(AND(AG34<>"",OR(NOT(ISNUMBER(AG34)),AG34<=0)),AND(AH34<>"",OR(NOT(ISNUMBER(AH34)),AH34<0)),AND(ISNUMBER(AG34),ISNUMBER(AH34),AH34>AG34)),"수량 확인",IF(AF34="완료",1,IF(AF34="미착수",0,IF(AND(ISNUMBER(AG34),ISNUMBER(AH34)),AH34/AG34,"")))) -> 1 | U34: =IF(T34="","",T34) -> 1 | V34: =IF(OR(U34="",S34=""),"",U34-S34) -> 0 | W34: =IF(AND(ISNUMBER($M34),W$5>=$M34,W$5<=IF($N34="",$L$1,$N34),WEEKDAY(W$5,2)<6,COUNTIF(휴일!$A$2:$A$2,W$5)=0),2,IF(AND(ISNUMBER($K34),W$5>=$K34,W$5<=$L34,WEEKDAY(W$5,2)<6,COUNTIF(휴일!$A$2:$A$2,W$5)=0),1,"")) | X34: =IF(AND(ISNUMBER($M34),X$5>=$M34,X$5<=IF($N34="",$L$1,$N34),WEEKDAY(X$5,2)<6,COUNTIF(휴일!$A$2:$A$2,X$5)=0),2,IF(AND(ISNUMBER($K34),X$5>=$K34,X$5<=$L34,WEEKDAY(X$5,2)<6,COUNTIF(휴일!$A$2:$A$2,X$5)=0),1,"")) | Y34: =IF(AND(ISNUMBER($M34),Y$5>=$M34,Y$5<=IF($N34="",$L$1,$N34),WEEKDAY(Y$5,2)<6,COUNTIF(휴일!$A$2:$A$2,Y$5)=0),2,IF(AND(ISNUMBER($K34),Y$5>=$K34,Y$5<=$L34,WEEKDAY(Y$5,2)<6,COUNTIF(휴일!$A$2:$A$2,Y$5)=0),1,"")) -> 2 | Z34: =IF(AND(ISNUMBER($M34),Z$5>=$M34,Z$5<=IF($N34="",$L$1,$N34),WEEKDAY(Z$5,2)<6,COUNTIF(휴일!$A$2:$A$2,Z$5)=0),2,IF(AND(ISNUMBER($K34),Z$5>=$K34,Z$5<=$L34,WEEKDAY(Z$5,2)<6,COUNTIF(휴일!$A$2:$A$2,Z$5)=0),1,"")) | AA34: =IF(AND(ISNUMBER($M34),AA$5>=$M34,AA$5<=IF($N34="",$L$1,$N34),WEEKDAY(AA$5,2)<6,COUNTIF(휴일!$A$2:$A$2,AA$5)=0),2,IF(AND(ISNUMBER($K34),AA$5>=$K34,AA$5<=$L34,WEEKDAY(AA$5,2)<6,COUNTIF(휴일!$A$2:$A$2,AA$5)=0),1,"")) | AB34: =IF(AND(ISNUMBER($M34),AB$5>=$M34,AB$5<=IF($N34="",$L$1,$N34),WEEKDAY(AB$5,2)<6,COUNTIF(휴일!$A$2:$A$2,AB$5)=0),2,IF(AND(ISNUMBER($K34),AB$5>=$K34,AB$5<=$L34,WEEKDAY(AB$5,2)<6,COUNTIF(휴일!$A$2:$A$2,AB$5)=0),1,"")) | AC34: =IF(AND(ISNUMBER($M34),AC$5>=$M34,AC$5<=IF($N34="",$L$1,$N34),WEEKDAY(AC$5,2)<6,COUNTIF(휴일!$A$2:$A$2,AC$5)=0),2,IF(AND(ISNUMBER($K34),AC$5>=$K34,AC$5<=$L34,WEEKDAY(AC$5,2)<6,COUNTIF(휴일!$A$2:$A$2,AC$5)=0),1,"")) | AD34: =IF(AND(ISNUMBER($M34),AD$5>=$M34,AD$5<=IF($N34="",$L$1,$N34),WEEKDAY(AD$5,2)<6,COUNTIF(휴일!$A$2:$A$2,AD$5)=0),2,IF(AND(ISNUMBER($K34),AD$5>=$K34,AD$5<=$L34,WEEKDAY(AD$5,2)<6,COUNTIF(휴일!$A$2:$A$2,AD$5)=0),1,"")) | AE34: =IF(AND(ISNUMBER($M34),AE$5>=$M34,AE$5<=IF($N34="",$L$1,$N34),WEEKDAY(AE$5,2)<6,COUNTIF(휴일!$A$2:$A$2,AE$5)=0),2,IF(AND(ISNUMBER($K34),AE$5>=$K34,AE$5<=$L34,WEEKDAY(AE$5,2)<6,COUNTIF(휴일!$A$2:$A$2,AE$5)=0),1,"")) | AF34: 완료
F35: 3.13 컵 집기·놓기·부모 전환 | H35: 김찬중 | I35: 권오민 | J35: FR-13 그리퍼에 고정 후 머신·원점에 안정 배치 | K35: 46303 | L35: 46303 | M35: 46303 | N35: 46303 | O35: =IF(OR(K35="",L35=""),"",IF(L35<K35,"날짜 확인",NETWORKDAYS(K35,L35,휴일!$A$2:$A$2))) -> 1 | P35: =IF(OR(M35="",N35=""),"",IF(N35<M35,"날짜 확인",NETWORKDAYS(M35,N35,휴일!$A$2:$A$2))) -> 1 | Q35: =IF(O35="","",IF($L$1<K35,0,NETWORKDAYS(K35,MIN($L$1,L35),휴일!$A$2:$A$2))) -> 1 | R35: =IF(M35="","",IF($L$1<M35,0,NETWORKDAYS(M35,IF(N35="",$L$1,MIN($L$1,N35)),휴일!$A$2:$A$2))) -> 1 | S35: =IF(O35="","",IF(O35=0,0,Q35/O35)) -> 1 | T35: =IF(OR(AND(AG35<>"",OR(NOT(ISNUMBER(AG35)),AG35<=0)),AND(AH35<>"",OR(NOT(ISNUMBER(AH35)),AH35<0)),AND(ISNUMBER(AG35),ISNUMBER(AH35),AH35>AG35)),"수량 확인",IF(AF35="완료",1,IF(AF35="미착수",0,IF(AND(ISNUMBER(AG35),ISNUMBER(AH35)),AH35/AG35,"")))) -> 1 | U35: =IF(T35="","",T35) -> 1 | V35: =IF(OR(U35="",S35=""),"",U35-S35) -> 0 | W35: =IF(AND(ISNUMBER($M35),W$5>=$M35,W$5<=IF($N35="",$L$1,$N35),WEEKDAY(W$5,2)<6,COUNTIF(휴일!$A$2:$A$2,W$5)=0),2,IF(AND(ISNUMBER($K35),W$5>=$K35,W$5<=$L35,WEEKDAY(W$5,2)<6,COUNTIF(휴일!$A$2:$A$2,W$5)=0),1,"")) | X35: =IF(AND(ISNUMBER($M35),X$5>=$M35,X$5<=IF($N35="",$L$1,$N35),WEEKDAY(X$5,2)<6,COUNTIF(휴일!$A$2:$A$2,X$5)=0),2,IF(AND(ISNUMBER($K35),X$5>=$K35,X$5<=$L35,WEEKDAY(X$5,2)<6,COUNTIF(휴일!$A$2:$A$2,X$5)=0),1,"")) | Y35: =IF(AND(ISNUMBER($M35),Y$5>=$M35,Y$5<=IF($N35="",$L$1,$N35),WEEKDAY(Y$5,2)<6,COUNTIF(휴일!$A$2:$A$2,Y$5)=0),2,IF(AND(ISNUMBER($K35),Y$5>=$K35,Y$5<=$L35,WEEKDAY(Y$5,2)<6,COUNTIF(휴일!$A$2:$A$2,Y$5)=0),1,"")) -> 2 | Z35: =IF(AND(ISNUMBER($M35),Z$5>=$M35,Z$5<=IF($N35="",$L$1,$N35),WEEKDAY(Z$5,2)<6,COUNTIF(휴일!$A$2:$A$2,Z$5)=0),2,IF(AND(ISNUMBER($K35),Z$5>=$K35,Z$5<=$L35,WEEKDAY(Z$5,2)<6,COUNTIF(휴일!$A$2:$A$2,Z$5)=0),1,"")) | AA35: =IF(AND(ISNUMBER($M35),AA$5>=$M35,AA$5<=IF($N35="",$L$1,$N35),WEEKDAY(AA$5,2)<6,COUNTIF(휴일!$A$2:$A$2,AA$5)=0),2,IF(AND(ISNUMBER($K35),AA$5>=$K35,AA$5<=$L35,WEEKDAY(AA$5,2)<6,COUNTIF(휴일!$A$2:$A$2,AA$5)=0),1,"")) | AB35: =IF(AND(ISNUMBER($M35),AB$5>=$M35,AB$5<=IF($N35="",$L$1,$N35),WEEKDAY(AB$5,2)<6,COUNTIF(휴일!$A$2:$A$2,AB$5)=0),2,IF(AND(ISNUMBER($K35),AB$5>=$K35,AB$5<=$L35,WEEKDAY(AB$5,2)<6,COUNTIF(휴일!$A$2:$A$2,AB$5)=0),1,"")) | AC35: =IF(AND(ISNUMBER($M35),AC$5>=$M35,AC$5<=IF($N35="",$L$1,$N35),WEEKDAY(AC$5,2)<6,COUNTIF(휴일!$A$2:$A$2,AC$5)=0),2,IF(AND(ISNUMBER($K35),AC$5>=$K35,AC$5<=$L35,WEEKDAY(AC$5,2)<6,COUNTIF(휴일!$A$2:$A$2,AC$5)=0),1,"")) | AD35: =IF(AND(ISNUMBER($M35),AD$5>=$M35,AD$5<=IF($N35="",$L$1,$N35),WEEKDAY(AD$5,2)<6,COUNTIF(휴일!$A$2:$A$2,AD$5)=0),2,IF(AND(ISNUMBER($K35),AD$5>=$K35,AD$5<=$L35,WEEKDAY(AD$5,2)<6,COUNTIF(휴일!$A$2:$A$2,AD$5)=0),1,"")) | AE35: =IF(AND(ISNUMBER($M35),AE$5>=$M35,AE$5<=IF($N35="",$L$1,$N35),WEEKDAY(AE$5,2)<6,COUNTIF(휴일!$A$2:$A$2,AE$5)=0),2,IF(AND(ISNUMBER($K35),AE$5>=$K35,AE$5<=$L35,WEEKDAY(AE$5,2)<6,COUNTIF(휴일!$A$2:$A$2,AE$5)=0),1,"")) | AF35: 완료
F36: 3.14 커피 시퀀스·머신 상태 구현 | H36: 김찬중 | I36: 권오민 | J36: FR-13 집기→머신→5초 추출→반환→홈 순서 | K36: 46303 | L36: 46303 | M36: 46303 | N36: 46303 | O36: =IF(OR(K36="",L36=""),"",IF(L36<K36,"날짜 확인",NETWORKDAYS(K36,L36,휴일!$A$2:$A$2))) -> 1 | P36: =IF(OR(M36="",N36=""),"",IF(N36<M36,"날짜 확인",NETWORKDAYS(M36,N36,휴일!$A$2:$A$2))) -> 1 | Q36: =IF(O36="","",IF($L$1<K36,0,NETWORKDAYS(K36,MIN($L$1,L36),휴일!$A$2:$A$2))) -> 1 | R36: =IF(M36="","",IF($L$1<M36,0,NETWORKDAYS(M36,IF(N36="",$L$1,MIN($L$1,N36)),휴일!$A$2:$A$2))) -> 1 | S36: =IF(O36="","",IF(O36=0,0,Q36/O36)) -> 1 | T36: =IF(OR(AND(AG36<>"",OR(NOT(ISNUMBER(AG36)),AG36<=0)),AND(AH36<>"",OR(NOT(ISNUMBER(AH36)),AH36<0)),AND(ISNUMBER(AG36),ISNUMBER(AH36),AH36>AG36)),"수량 확인",IF(AF36="완료",1,IF(AF36="미착수",0,IF(AND(ISNUMBER(AG36),ISNUMBER(AH36)),AH36/AG36,"")))) -> 1 | U36: =IF(T36="","",T36) -> 1 | V36: =IF(OR(U36="",S36=""),"",U36-S36) -> 0 | W36: =IF(AND(ISNUMBER($M36),W$5>=$M36,W$5<=IF($N36="",$L$1,$N36),WEEKDAY(W$5,2)<6,COUNTIF(휴일!$A$2:$A$2,W$5)=0),2,IF(AND(ISNUMBER($K36),W$5>=$K36,W$5<=$L36,WEEKDAY(W$5,2)<6,COUNTIF(휴일!$A$2:$A$2,W$5)=0),1,"")) | X36: =IF(AND(ISNUMBER($M36),X$5>=$M36,X$5<=IF($N36="",$L$1,$N36),WEEKDAY(X$5,2)<6,COUNTIF(휴일!$A$2:$A$2,X$5)=0),2,IF(AND(ISNUMBER($K36),X$5>=$K36,X$5<=$L36,WEEKDAY(X$5,2)<6,COUNTIF(휴일!$A$2:$A$2,X$5)=0),1,"")) | Y36: =IF(AND(ISNUMBER($M36),Y$5>=$M36,Y$5<=IF($N36="",$L$1,$N36),WEEKDAY(Y$5,2)<6,COUNTIF(휴일!$A$2:$A$2,Y$5)=0),2,IF(AND(ISNUMBER($K36),Y$5>=$K36,Y$5<=$L36,WEEKDAY(Y$5,2)<6,COUNTIF(휴일!$A$2:$A$2,Y$5)=0),1,"")) -> 2 | Z36: =IF(AND(ISNUMBER($M36),Z$5>=$M36,Z$5<=IF($N36="",$L$1,$N36),WEEKDAY(Z$5,2)<6,COUNTIF(휴일!$A$2:$A$2,Z$5)=0),2,IF(AND(ISNUMBER($K36),Z$5>=$K36,Z$5<=$L36,WEEKDAY(Z$5,2)<6,COUNTIF(휴일!$A$2:$A$2,Z$5)=0),1,"")) | AA36: =IF(AND(ISNUMBER($M36),AA$5>=$M36,AA$5<=IF($N36="",$L$1,$N36),WEEKDAY(AA$5,2)<6,COUNTIF(휴일!$A$2:$A$2,AA$5)=0),2,IF(AND(ISNUMBER($K36),AA$5>=$K36,AA$5<=$L36,WEEKDAY(AA$5,2)<6,COUNTIF(휴일!$A$2:$A$2,AA$5)=0),1,"")) | AB36: =IF(AND(ISNUMBER($M36),AB$5>=$M36,AB$5<=IF($N36="",$L$1,$N36),WEEKDAY(AB$5,2)<6,COUNTIF(휴일!$A$2:$A$2,AB$5)=0),2,IF(AND(ISNUMBER($K36),AB$5>=$K36,AB$5<=$L36,WEEKDAY(AB$5,2)<6,COUNTIF(휴일!$A$2:$A$2,AB$5)=0),1,"")) | AC36: =IF(AND(ISNUMBER($M36),AC$5>=$M36,AC$5<=IF($N36="",$L$1,$N36),WEEKDAY(AC$5,2)<6,COUNTIF(휴일!$A$2:$A$2,AC$5)=0),2,IF(AND(ISNUMBER($K36),AC$5>=$K36,AC$5<=$L36,WEEKDAY(AC$5,2)<6,COUNTIF(휴일!$A$2:$A$2,AC$5)=0),1,"")) | AD36: =IF(AND(ISNUMBER($M36),AD$5>=$M36,AD$5<=IF($N36="",$L$1,$N36),WEEKDAY(AD$5,2)<6,COUNTIF(휴일!$A$2:$A$2,AD$5)=0),2,IF(AND(ISNUMBER($K36),AD$5>=$K36,AD$5<=$L36,WEEKDAY(AD$5,2)<6,COUNTIF(휴일!$A$2:$A$2,AD$5)=0),1,"")) | AE36: =IF(AND(ISNUMBER($M36),AE$5>=$M36,AE$5<=IF($N36="",$L$1,$N36),WEEKDAY(AE$5,2)<6,COUNTIF(휴일!$A$2:$A$2,AE$5)=0),2,IF(AND(ISNUMBER($K36),AE$5>=$K36,AE$5<=$L36,WEEKDAY(AE$5,2)<6,COUNTIF(휴일!$A$2:$A$2,AE$5)=0),1,"")) | AF36: 완료
F37: 3.15 추출 증기·소리·채워진 컵 표현 | H37: 권오민 | I37: 김찬중 | J37: FR-13 추출 중 효과, 완료 후 내용물 표시 | K37: 46303 | L37: 46303 | M37: 46303 | N37: 46307 | O37: =IF(OR(K37="",L37=""),"",IF(L37<K37,"날짜 확인",NETWORKDAYS(K37,L37,휴일!$A$2:$A$2))) -> 1 | P37: =IF(OR(M37="",N37=""),"",IF(N37<M37,"날짜 확인",NETWORKDAYS(M37,N37,휴일!$A$2:$A$2))) -> 2 | Q37: =IF(O37="","",IF($L$1<K37,0,NETWORKDAYS(K37,MIN($L$1,L37),휴일!$A$2:$A$2))) -> 1 | R37: =IF(M37="","",IF($L$1<M37,0,NETWORKDAYS(M37,IF(N37="",$L$1,MIN($L$1,N37)),휴일!$A$2:$A$2))) -> 2 | S37: =IF(O37="","",IF(O37=0,0,Q37/O37)) -> 1 | T37: =IF(OR(AND(AG37<>"",OR(NOT(ISNUMBER(AG37)),AG37<=0)),AND(AH37<>"",OR(NOT(ISNUMBER(AH37)),AH37<0)),AND(ISNUMBER(AG37),ISNUMBER(AH37),AH37>AG37)),"수량 확인",IF(AF37="완료",1,IF(AF37="미착수",0,IF(AND(ISNUMBER(AG37),ISNUMBER(AH37)),AH37/AG37,"")))) -> 1 | U37: =IF(T37="","",T37) -> 1 | V37: =IF(OR(U37="",S37=""),"",U37-S37) -> 0 | W37: =IF(AND(ISNUMBER($M37),W$5>=$M37,W$5<=IF($N37="",$L$1,$N37),WEEKDAY(W$5,2)<6,COUNTIF(휴일!$A$2:$A$2,W$5)=0),2,IF(AND(ISNUMBER($K37),W$5>=$K37,W$5<=$L37,WEEKDAY(W$5,2)<6,COUNTIF(휴일!$A$2:$A$2,W$5)=0),1,"")) | X37: =IF(AND(ISNUMBER($M37),X$5>=$M37,X$5<=IF($N37="",$L$1,$N37),WEEKDAY(X$5,2)<6,COUNTIF(휴일!$A$2:$A$2,X$5)=0),2,IF(AND(ISNUMBER($K37),X$5>=$K37,X$5<=$L37,WEEKDAY(X$5,2)<6,COUNTIF(휴일!$A$2:$A$2,X$5)=0),1,"")) | Y37: =IF(AND(ISNUMBER($M37),Y$5>=$M37,Y$5<=IF($N37="",$L$1,$N37),WEEKDAY(Y$5,2)<6,COUNTIF(휴일!$A$2:$A$2,Y$5)=0),2,IF(AND(ISNUMBER($K37),Y$5>=$K37,Y$5<=$L37,WEEKDAY(Y$5,2)<6,COUNTIF(휴일!$A$2:$A$2,Y$5)=0),1,"")) -> 2 | Z37: =IF(AND(ISNUMBER($M37),Z$5>=$M37,Z$5<=IF($N37="",$L$1,$N37),WEEKDAY(Z$5,2)<6,COUNTIF(휴일!$A$2:$A$2,Z$5)=0),2,IF(AND(ISNUMBER($K37),Z$5>=$K37,Z$5<=$L37,WEEKDAY(Z$5,2)<6,COUNTIF(휴일!$A$2:$A$2,Z$5)=0),1,"")) | AA37: =IF(AND(ISNUMBER($M37),AA$5>=$M37,AA$5<=IF($N37="",$L$1,$N37),WEEKDAY(AA$5,2)<6,COUNTIF(휴일!$A$2:$A$2,AA$5)=0),2,IF(AND(ISNUMBER($K37),AA$5>=$K37,AA$5<=$L37,WEEKDAY(AA$5,2)<6,COUNTIF(휴일!$A$2:$A$2,AA$5)=0),1,"")) | AB37: =IF(AND(ISNUMBER($M37),AB$5>=$M37,AB$5<=IF($N37="",$L$1,$N37),WEEKDAY(AB$5,2)<6,COUNTIF(휴일!$A$2:$A$2,AB$5)=0),2,IF(AND(ISNUMBER($K37),AB$5>=$K37,AB$5<=$L37,WEEKDAY(AB$5,2)<6,COUNTIF(휴일!$A$2:$A$2,AB$5)=0),1,"")) | AC37: =IF(AND(ISNUMBER($M37),AC$5>=$M37,AC$5<=IF($N37="",$L$1,$N37),WEEKDAY(AC$5,2)<6,COUNTIF(휴일!$A$2:$A$2,AC$5)=0),2,IF(AND(ISNUMBER($K37),AC$5>=$K37,AC$5<=$L37,WEEKDAY(AC$5,2)<6,COUNTIF(휴일!$A$2:$A$2,AC$5)=0),1,"")) -> 2 | AD37: =IF(AND(ISNUMBER($M37),AD$5>=$M37,AD$5<=IF($N37="",$L$1,$N37),WEEKDAY(AD$5,2)<6,COUNTIF(휴일!$A$2:$A$2,AD$5)=0),2,IF(AND(ISNUMBER($K37),AD$5>=$K37,AD$5<=$L37,WEEKDAY(AD$5,2)<6,COUNTIF(휴일!$A$2:$A$2,AD$5)=0),1,"")) | AE37: =IF(AND(ISNUMBER($M37),AE$5>=$M37,AE$5<=IF($N37="",$L$1,$N37),WEEKDAY(AE$5,2)<6,COUNTIF(휴일!$A$2:$A$2,AE$5)=0),2,IF(AND(ISNUMBER($K37),AE$5>=$K37,AE$5<=$L37,WEEKDAY(AE$5,2)<6,COUNTIF(휴일!$A$2:$A$2,AE$5)=0),1,"")) | AF37: 완료
F38: 3.16 이동·벽지·커피 1차 연결 | H38: 권오민 | I38: 김찬중 | J38: 관리 Main 동선에서 세 기능 시연 가능 | K38: 46303 | L38: 46303 | M38: 46303 | N38: 46303 | O38: =IF(OR(K38="",L38=""),"",IF(L38<K38,"날짜 확인",NETWORKDAYS(K38,L38,휴일!$A$2:$A$2))) -> 1 | P38: =IF(OR(M38="",N38=""),"",IF(N38<M38,"날짜 확인",NETWORKDAYS(M38,N38,휴일!$A$2:$A$2))) -> 1 | Q38: =IF(O38="","",IF($L$1<K38,0,NETWORKDAYS(K38,MIN($L$1,L38),휴일!$A$2:$A$2))) -> 1 | R38: =IF(M38="","",IF($L$1<M38,0,NETWORKDAYS(M38,IF(N38="",$L$1,MIN($L$1,N38)),휴일!$A$2:$A$2))) -> 1 | S38: =IF(O38="","",IF(O38=0,0,Q38/O38)) -> 1 | T38: =IF(OR(AND(AG38<>"",OR(NOT(ISNUMBER(AG38)),AG38<=0)),AND(AH38<>"",OR(NOT(ISNUMBER(AH38)),AH38<0)),AND(ISNUMBER(AG38),ISNUMBER(AH38),AH38>AG38)),"수량 확인",IF(AF38="완료",1,IF(AF38="미착수",0,IF(AND(ISNUMBER(AG38),ISNUMBER(AH38)),AH38/AG38,"")))) -> 1 | U38: =IF(T38="","",T38) -> 1 | V38: =IF(OR(U38="",S38=""),"",U38-S38) -> 0 | W38: =IF(AND(ISNUMBER($M38),W$5>=$M38,W$5<=IF($N38="",$L$1,$N38),WEEKDAY(W$5,2)<6,COUNTIF(휴일!$A$2:$A$2,W$5)=0),2,IF(AND(ISNUMBER($K38),W$5>=$K38,W$5<=$L38,WEEKDAY(W$5,2)<6,COUNTIF(휴일!$A$2:$A$2,W$5)=0),1,"")) | X38: =IF(AND(ISNUMBER($M38),X$5>=$M38,X$5<=IF($N38="",$L$1,$N38),WEEKDAY(X$5,2)<6,COUNTIF(휴일!$A$2:$A$2,X$5)=0),2,IF(AND(ISNUMBER($K38),X$5>=$K38,X$5<=$L38,WEEKDAY(X$5,2)<6,COUNTIF(휴일!$A$2:$A$2,X$5)=0),1,"")) | Y38: =IF(AND(ISNUMBER($M38),Y$5>=$M38,Y$5<=IF($N38="",$L$1,$N38),WEEKDAY(Y$5,2)<6,COUNTIF(휴일!$A$2:$A$2,Y$5)=0),2,IF(AND(ISNUMBER($K38),Y$5>=$K38,Y$5<=$L38,WEEKDAY(Y$5,2)<6,COUNTIF(휴일!$A$2:$A$2,Y$5)=0),1,"")) -> 2 | Z38: =IF(AND(ISNUMBER($M38),Z$5>=$M38,Z$5<=IF($N38="",$L$1,$N38),WEEKDAY(Z$5,2)<6,COUNTIF(휴일!$A$2:$A$2,Z$5)=0),2,IF(AND(ISNUMBER($K38),Z$5>=$K38,Z$5<=$L38,WEEKDAY(Z$5,2)<6,COUNTIF(휴일!$A$2:$A$2,Z$5)=0),1,"")) | AA38: =IF(AND(ISNUMBER($M38),AA$5>=$M38,AA$5<=IF($N38="",$L$1,$N38),WEEKDAY(AA$5,2)<6,COUNTIF(휴일!$A$2:$A$2,AA$5)=0),2,IF(AND(ISNUMBER($K38),AA$5>=$K38,AA$5<=$L38,WEEKDAY(AA$5,2)<6,COUNTIF(휴일!$A$2:$A$2,AA$5)=0),1,"")) | AB38: =IF(AND(ISNUMBER($M38),AB$5>=$M38,AB$5<=IF($N38="",$L$1,$N38),WEEKDAY(AB$5,2)<6,COUNTIF(휴일!$A$2:$A$2,AB$5)=0),2,IF(AND(ISNUMBER($K38),AB$5>=$K38,AB$5<=$L38,WEEKDAY(AB$5,2)<6,COUNTIF(휴일!$A$2:$A$2,AB$5)=0),1,"")) | AC38: =IF(AND(ISNUMBER($M38),AC$5>=$M38,AC$5<=IF($N38="",$L$1,$N38),WEEKDAY(AC$5,2)<6,COUNTIF(휴일!$A$2:$A$2,AC$5)=0),2,IF(AND(ISNUMBER($K38),AC$5>=$K38,AC$5<=$L38,WEEKDAY(AC$5,2)<6,COUNTIF(휴일!$A$2:$A$2,AC$5)=0),1,"")) | AD38: =IF(AND(ISNUMBER($M38),AD$5>=$M38,AD$5<=IF($N38="",$L$1,$N38),WEEKDAY(AD$5,2)<6,COUNTIF(휴일!$A$2:$A$2,AD$5)=0),2,IF(AND(ISNUMBER($K38),AD$5>=$K38,AD$5<=$L38,WEEKDAY(AD$5,2)<6,COUNTIF(휴일!$A$2:$A$2,AD$5)=0),1,"")) | AE38: =IF(AND(ISNUMBER($M38),AE$5>=$M38,AE$5<=IF($N38="",$L$1,$N38),WEEKDAY(AE$5,2)<6,COUNTIF(휴일!$A$2:$A$2,AE$5)=0),2,IF(AND(ISNUMBER($K38),AE$5>=$K38,AE$5<=$L38,WEEKDAY(AE$5,2)<6,COUNTIF(휴일!$A$2:$A$2,AE$5)=0),1,"")) | AF38: 완료
F39: 3.17 1차 기능 결함 수정·리뷰 | H39: 김찬중 | I39: 권오민 | J39: 관리 참조 누락·이벤트 중복·머지 충돌 해결 | K39: 46303 | L39: 46303 | M39: 46303 | N39: 46303 | O39: =IF(OR(K39="",L39=""),"",IF(L39<K39,"날짜 확인",NETWORKDAYS(K39,L39,휴일!$A$2:$A$2))) -> 1 | P39: =IF(OR(M39="",N39=""),"",IF(N39<M39,"날짜 확인",NETWORKDAYS(M39,N39,휴일!$A$2:$A$2))) -> 1 | Q39: =IF(O39="","",IF($L$1<K39,0,NETWORKDAYS(K39,MIN($L$1,L39),휴일!$A$2:$A$2))) -> 1 | R39: =IF(M39="","",IF($L$1<M39,0,NETWORKDAYS(M39,IF(N39="",$L$1,MIN($L$1,N39)),휴일!$A$2:$A$2))) -> 1 | S39: =IF(O39="","",IF(O39=0,0,Q39/O39)) -> 1 | T39: =IF(OR(AND(AG39<>"",OR(NOT(ISNUMBER(AG39)),AG39<=0)),AND(AH39<>"",OR(NOT(ISNUMBER(AH39)),AH39<0)),AND(ISNUMBER(AG39),ISNUMBER(AH39),AH39>AG39)),"수량 확인",IF(AF39="완료",1,IF(AF39="미착수",0,IF(AND(ISNUMBER(AG39),ISNUMBER(AH39)),AH39/AG39,"")))) -> 1 | U39: =IF(T39="","",T39) -> 1 | V39: =IF(OR(U39="",S39=""),"",U39-S39) -> 0 | W39: =IF(AND(ISNUMBER($M39),W$5>=$M39,W$5<=IF($N39="",$L$1,$N39),WEEKDAY(W$5,2)<6,COUNTIF(휴일!$A$2:$A$2,W$5)=0),2,IF(AND(ISNUMBER($K39),W$5>=$K39,W$5<=$L39,WEEKDAY(W$5,2)<6,COUNTIF(휴일!$A$2:$A$2,W$5)=0),1,"")) | X39: =IF(AND(ISNUMBER($M39),X$5>=$M39,X$5<=IF($N39="",$L$1,$N39),WEEKDAY(X$5,2)<6,COUNTIF(휴일!$A$2:$A$2,X$5)=0),2,IF(AND(ISNUMBER($K39),X$5>=$K39,X$5<=$L39,WEEKDAY(X$5,2)<6,COUNTIF(휴일!$A$2:$A$2,X$5)=0),1,"")) | Y39: =IF(AND(ISNUMBER($M39),Y$5>=$M39,Y$5<=IF($N39="",$L$1,$N39),WEEKDAY(Y$5,2)<6,COUNTIF(휴일!$A$2:$A$2,Y$5)=0),2,IF(AND(ISNUMBER($K39),Y$5>=$K39,Y$5<=$L39,WEEKDAY(Y$5,2)<6,COUNTIF(휴일!$A$2:$A$2,Y$5)=0),1,"")) -> 2 | Z39: =IF(AND(ISNUMBER($M39),Z$5>=$M39,Z$5<=IF($N39="",$L$1,$N39),WEEKDAY(Z$5,2)<6,COUNTIF(휴일!$A$2:$A$2,Z$5)=0),2,IF(AND(ISNUMBER($K39),Z$5>=$K39,Z$5<=$L39,WEEKDAY(Z$5,2)<6,COUNTIF(휴일!$A$2:$A$2,Z$5)=0),1,"")) | AA39: =IF(AND(ISNUMBER($M39),AA$5>=$M39,AA$5<=IF($N39="",$L$1,$N39),WEEKDAY(AA$5,2)<6,COUNTIF(휴일!$A$2:$A$2,AA$5)=0),2,IF(AND(ISNUMBER($K39),AA$5>=$K39,AA$5<=$L39,WEEKDAY(AA$5,2)<6,COUNTIF(휴일!$A$2:$A$2,AA$5)=0),1,"")) | AB39: =IF(AND(ISNUMBER($M39),AB$5>=$M39,AB$5<=IF($N39="",$L$1,$N39),WEEKDAY(AB$5,2)<6,COUNTIF(휴일!$A$2:$A$2,AB$5)=0),2,IF(AND(ISNUMBER($K39),AB$5>=$K39,AB$5<=$L39,WEEKDAY(AB$5,2)<6,COUNTIF(휴일!$A$2:$A$2,AB$5)=0),1,"")) | AC39: =IF(AND(ISNUMBER($M39),AC$5>=$M39,AC$5<=IF($N39="",$L$1,$N39),WEEKDAY(AC$5,2)<6,COUNTIF(휴일!$A$2:$A$2,AC$5)=0),2,IF(AND(ISNUMBER($K39),AC$5>=$K39,AC$5<=$L39,WEEKDAY(AC$5,2)<6,COUNTIF(휴일!$A$2:$A$2,AC$5)=0),1,"")) | AD39: =IF(AND(ISNUMBER($M39),AD$5>=$M39,AD$5<=IF($N39="",$L$1,$N39),WEEKDAY(AD$5,2)<6,COUNTIF(휴일!$A$2:$A$2,AD$5)=0),2,IF(AND(ISNUMBER($K39),AD$5>=$K39,AD$5<=$L39,WEEKDAY(AD$5,2)<6,COUNTIF(휴일!$A$2:$A$2,AD$5)=0),1,"")) | AE39: =IF(AND(ISNUMBER($M39),AE$5>=$M39,AE$5<=IF($N39="",$L$1,$N39),WEEKDAY(AE$5,2)<6,COUNTIF(휴일!$A$2:$A$2,AE$5)=0),2,IF(AND(ISNUMBER($K39),AE$5>=$K39,AE$5<=$L39,WEEKDAY(AE$5,2)<6,COUNTIF(휴일!$A$2:$A$2,AE$5)=0),1,"")) | AF39: 완료
B40: 4 | C40: 0.20661157 | D40: 기능 구현 2 / MVP | F40: 4.01 바닥재 3종 적용 | H40: 권오민 | I40: 김찬중 | J40: FR-29-02 전체 바닥 적용, 벽 선택 유지, 비용 갱신 | K40: 46307 | L40: 46307 | M40: 46303 | N40: 46303 | O40: =IF(OR(K40="",L40=""),"",IF(L40<K40,"날짜 확인",NETWORKDAYS(K40,L40,휴일!$A$2:$A$2))) -> 1 | P40: =IF(OR(M40="",N40=""),"",IF(N40<M40,"날짜 확인",NETWORKDAYS(M40,N40,휴일!$A$2:$A$2))) -> 1 | Q40: =IF(O40="","",IF($L$1<K40,0,NETWORKDAYS(K40,MIN($L$1,L40),휴일!$A$2:$A$2))) -> 1 | R40: =IF(M40="","",IF($L$1<M40,0,NETWORKDAYS(M40,IF(N40="",$L$1,MIN($L$1,N40)),휴일!$A$2:$A$2))) -> 1 | S40: =IF(O40="","",IF(O40=0,0,Q40/O40)) -> 1 | T40: =IF(OR(AND(AG40<>"",OR(NOT(ISNUMBER(AG40)),AG40<=0)),AND(AH40<>"",OR(NOT(ISNUMBER(AH40)),AH40<0)),AND(ISNUMBER(AG40),ISNUMBER(AH40),AH40>AG40)),"수량 확인",IF(AF40="완료",1,IF(AF40="미착수",0,IF(AND(ISNUMBER(AG40),ISNUMBER(AH40)),AH40/AG40,"")))) -> 1 | U40: =IF(T40="","",T40) -> 1 | V40: =IF(OR(U40="",S40=""),"",U40-S40) -> 0 | W40: =IF(AND(ISNUMBER($M40),W$5>=$M40,W$5<=IF($N40="",$L$1,$N40),WEEKDAY(W$5,2)<6,COUNTIF(휴일!$A$2:$A$2,W$5)=0),2,IF(AND(ISNUMBER($K40),W$5>=$K40,W$5<=$L40,WEEKDAY(W$5,2)<6,COUNTIF(휴일!$A$2:$A$2,W$5)=0),1,"")) | X40: =IF(AND(ISNUMBER($M40),X$5>=$M40,X$5<=IF($N40="",$L$1,$N40),WEEKDAY(X$5,2)<6,COUNTIF(휴일!$A$2:$A$2,X$5)=0),2,IF(AND(ISNUMBER($K40),X$5>=$K40,X$5<=$L40,WEEKDAY(X$5,2)<6,COUNTIF(휴일!$A$2:$A$2,X$5)=0),1,"")) | Y40: =IF(AND(ISNUMBER($M40),Y$5>=$M40,Y$5<=IF($N40="",$L$1,$N40),WEEKDAY(Y$5,2)<6,COUNTIF(휴일!$A$2:$A$2,Y$5)=0),2,IF(AND(ISNUMBER($K40),Y$5>=$K40,Y$5<=$L40,WEEKDAY(Y$5,2)<6,COUNTIF(휴일!$A$2:$A$2,Y$5)=0),1,"")) -> 2 | Z40: =IF(AND(ISNUMBER($M40),Z$5>=$M40,Z$5<=IF($N40="",$L$1,$N40),WEEKDAY(Z$5,2)<6,COUNTIF(휴일!$A$2:$A$2,Z$5)=0),2,IF(AND(ISNUMBER($K40),Z$5>=$K40,Z$5<=$L40,WEEKDAY(Z$5,2)<6,COUNTIF(휴일!$A$2:$A$2,Z$5)=0),1,"")) | AA40: =IF(AND(ISNUMBER($M40),AA$5>=$M40,AA$5<=IF($N40="",$L$1,$N40),WEEKDAY(AA$5,2)<6,COUNTIF(휴일!$A$2:$A$2,AA$5)=0),2,IF(AND(ISNUMBER($K40),AA$5>=$K40,AA$5<=$L40,WEEKDAY(AA$5,2)<6,COUNTIF(휴일!$A$2:$A$2,AA$5)=0),1,"")) | AB40: =IF(AND(ISNUMBER($M40),AB$5>=$M40,AB$5<=IF($N40="",$L$1,$N40),WEEKDAY(AB$5,2)<6,COUNTIF(휴일!$A$2:$A$2,AB$5)=0),2,IF(AND(ISNUMBER($K40),AB$5>=$K40,AB$5<=$L40,WEEKDAY(AB$5,2)<6,COUNTIF(휴일!$A$2:$A$2,AB$5)=0),1,"")) | AC40: =IF(AND(ISNUMBER($M40),AC$5>=$M40,AC$5<=IF($N40="",$L$1,$N40),WEEKDAY(AC$5,2)<6,COUNTIF(휴일!$A$2:$A$2,AC$5)=0),2,IF(AND(ISNUMBER($K40),AC$5>=$K40,AC$5<=$L40,WEEKDAY(AC$5,2)<6,COUNTIF(휴일!$A$2:$A$2,AC$5)=0),1,"")) -> 1 | AD40: =IF(AND(ISNUMBER($M40),AD$5>=$M40,AD$5<=IF($N40="",$L$1,$N40),WEEKDAY(AD$5,2)<6,COUNTIF(휴일!$A$2:$A$2,AD$5)=0),2,IF(AND(ISNUMBER($K40),AD$5>=$K40,AD$5<=$L40,WEEKDAY(AD$5,2)<6,COUNTIF(휴일!$A$2:$A$2,AD$5)=0),1,"")) | AE40: =IF(AND(ISNUMBER($M40),AE$5>=$M40,AE$5<=IF($N40="",$L$1,$N40),WEEKDAY(AE$5,2)<6,COUNTIF(휴일!$A$2:$A$2,AE$5)=0),2,IF(AND(ISNUMBER($K40),AE$5>=$K40,AE$5<=$L40,WEEKDAY(AE$5,2)<6,COUNTIF(휴일!$A$2:$A$2,AE$5)=0),1,"")) | AF40: 완료
F41: 4.02 주방 상판 2종 적용 | H41: 권오민 | I41: 김찬중 | J41: FR-29-03 1초 이내 교체, 타 파트 유지 | K41: 46307 | L41: 46307 | M41: 46303 | N41: 46307 | O41: =IF(OR(K41="",L41=""),"",IF(L41<K41,"날짜 확인",NETWORKDAYS(K41,L41,휴일!$A$2:$A$2))) -> 1 | P41: =IF(OR(M41="",N41=""),"",IF(N41<M41,"날짜 확인",NETWORKDAYS(M41,N41,휴일!$A$2:$A$2))) -> 2 | Q41: =IF(O41="","",IF($L$1<K41,0,NETWORKDAYS(K41,MIN($L$1,L41),휴일!$A$2:$A$2))) -> 1 | R41: =IF(M41="","",IF($L$1<M41,0,NETWORKDAYS(M41,IF(N41="",$L$1,MIN($L$1,N41)),휴일!$A$2:$A$2))) -> 2 | S41: =IF(O41="","",IF(O41=0,0,Q41/O41)) -> 1 | T41: =IF(OR(AND(AG41<>"",OR(NOT(ISNUMBER(AG41)),AG41<=0)),AND(AH41<>"",OR(NOT(ISNUMBER(AH41)),AH41<0)),AND(ISNUMBER(AG41),ISNUMBER(AH41),AH41>AG41)),"수량 확인",IF(AF41="완료",1,IF(AF41="미착수",0,IF(AND(ISNUMBER(AG41),ISNUMBER(AH41)),AH41/AG41,"")))) -> 1 | U41: =IF(T41="","",T41) -> 1 | V41: =IF(OR(U41="",S41=""),"",U41-S41) -> 0 | W41: =IF(AND(ISNUMBER($M41),W$5>=$M41,W$5<=IF($N41="",$L$1,$N41),WEEKDAY(W$5,2)<6,COUNTIF(휴일!$A$2:$A$2,W$5)=0),2,IF(AND(ISNUMBER($K41),W$5>=$K41,W$5<=$L41,WEEKDAY(W$5,2)<6,COUNTIF(휴일!$A$2:$A$2,W$5)=0),1,"")) | X41: =IF(AND(ISNUMBER($M41),X$5>=$M41,X$5<=IF($N41="",$L$1,$N41),WEEKDAY(X$5,2)<6,COUNTIF(휴일!$A$2:$A$2,X$5)=0),2,IF(AND(ISNUMBER($K41),X$5>=$K41,X$5<=$L41,WEEKDAY(X$5,2)<6,COUNTIF(휴일!$A$2:$A$2,X$5)=0),1,"")) | Y41: =IF(AND(ISNUMBER($M41),Y$5>=$M41,Y$5<=IF($N41="",$L$1,$N41),WEEKDAY(Y$5,2)<6,COUNTIF(휴일!$A$2:$A$2,Y$5)=0),2,IF(AND(ISNUMBER($K41),Y$5>=$K41,Y$5<=$L41,WEEKDAY(Y$5,2)<6,COUNTIF(휴일!$A$2:$A$2,Y$5)=0),1,"")) -> 2 | Z41: =IF(AND(ISNUMBER($M41),Z$5>=$M41,Z$5<=IF($N41="",$L$1,$N41),WEEKDAY(Z$5,2)<6,COUNTIF(휴일!$A$2:$A$2,Z$5)=0),2,IF(AND(ISNUMBER($K41),Z$5>=$K41,Z$5<=$L41,WEEKDAY(Z$5,2)<6,COUNTIF(휴일!$A$2:$A$2,Z$5)=0),1,"")) | AA41: =IF(AND(ISNUMBER($M41),AA$5>=$M41,AA$5<=IF($N41="",$L$1,$N41),WEEKDAY(AA$5,2)<6,COUNTIF(휴일!$A$2:$A$2,AA$5)=0),2,IF(AND(ISNUMBER($K41),AA$5>=$K41,AA$5<=$L41,WEEKDAY(AA$5,2)<6,COUNTIF(휴일!$A$2:$A$2,AA$5)=0),1,"")) | AB41: =IF(AND(ISNUMBER($M41),AB$5>=$M41,AB$5<=IF($N41="",$L$1,$N41),WEEKDAY(AB$5,2)<6,COUNTIF(휴일!$A$2:$A$2,AB$5)=0),2,IF(AND(ISNUMBER($K41),AB$5>=$K41,AB$5<=$L41,WEEKDAY(AB$5,2)<6,COUNTIF(휴일!$A$2:$A$2,AB$5)=0),1,"")) | AC41: =IF(AND(ISNUMBER($M41),AC$5>=$M41,AC$5<=IF($N41="",$L$1,$N41),WEEKDAY(AC$5,2)<6,COUNTIF(휴일!$A$2:$A$2,AC$5)=0),2,IF(AND(ISNUMBER($K41),AC$5>=$K41,AC$5<=$L41,WEEKDAY(AC$5,2)<6,COUNTIF(휴일!$A$2:$A$2,AC$5)=0),1,"")) -> 2 | AD41: =IF(AND(ISNUMBER($M41),AD$5>=$M41,AD$5<=IF($N41="",$L$1,$N41),WEEKDAY(AD$5,2)<6,COUNTIF(휴일!$A$2:$A$2,AD$5)=0),2,IF(AND(ISNUMBER($K41),AD$5>=$K41,AD$5<=$L41,WEEKDAY(AD$5,2)<6,COUNTIF(휴일!$A$2:$A$2,AD$5)=0),1,"")) | AE41: =IF(AND(ISNUMBER($M41),AE$5>=$M41,AE$5<=IF($N41="",$L$1,$N41),WEEKDAY(AE$5,2)<6,COUNTIF(휴일!$A$2:$A$2,AE$5)=0),2,IF(AND(ISNUMBER($K41),AE$5>=$K41,AE$5<=$L41,WEEKDAY(AE$5,2)<6,COUNTIF(휴일!$A$2:$A$2,AE$5)=0),1,"")) | AF41: 완료
F42: 4.03 소파 패브릭 3종 적용 | H42: 권오민 | I42: 김찬중 | J42: FR-29-04 색상과 가격 매핑 일치 | K42: 46307 | L42: 46307 | M42: 46303 | N42: 46307 | O42: =IF(OR(K42="",L42=""),"",IF(L42<K42,"날짜 확인",NETWORKDAYS(K42,L42,휴일!$A$2:$A$2))) -> 1 | P42: =IF(OR(M42="",N42=""),"",IF(N42<M42,"날짜 확인",NETWORKDAYS(M42,N42,휴일!$A$2:$A$2))) -> 2 | Q42: =IF(O42="","",IF($L$1<K42,0,NETWORKDAYS(K42,MIN($L$1,L42),휴일!$A$2:$A$2))) -> 1 | R42: =IF(M42="","",IF($L$1<M42,0,NETWORKDAYS(M42,IF(N42="",$L$1,MIN($L$1,N42)),휴일!$A$2:$A$2))) -> 2 | S42: =IF(O42="","",IF(O42=0,0,Q42/O42)) -> 1 | T42: =IF(OR(AND(AG42<>"",OR(NOT(ISNUMBER(AG42)),AG42<=0)),AND(AH42<>"",OR(NOT(ISNUMBER(AH42)),AH42<0)),AND(ISNUMBER(AG42),ISNUMBER(AH42),AH42>AG42)),"수량 확인",IF(AF42="완료",1,IF(AF42="미착수",0,IF(AND(ISNUMBER(AG42),ISNUMBER(AH42)),AH42/AG42,"")))) -> 1 | U42: =IF(T42="","",T42) -> 1 | V42: =IF(OR(U42="",S42=""),"",U42-S42) -> 0 | W42: =IF(AND(ISNUMBER($M42),W$5>=$M42,W$5<=IF($N42="",$L$1,$N42),WEEKDAY(W$5,2)<6,COUNTIF(휴일!$A$2:$A$2,W$5)=0),2,IF(AND(ISNUMBER($K42),W$5>=$K42,W$5<=$L42,WEEKDAY(W$5,2)<6,COUNTIF(휴일!$A$2:$A$2,W$5)=0),1,"")) | X42: =IF(AND(ISNUMBER($M42),X$5>=$M42,X$5<=IF($N42="",$L$1,$N42),WEEKDAY(X$5,2)<6,COUNTIF(휴일!$A$2:$A$2,X$5)=0),2,IF(AND(ISNUMBER($K42),X$5>=$K42,X$5<=$L42,WEEKDAY(X$5,2)<6,COUNTIF(휴일!$A$2:$A$2,X$5)=0),1,"")) | Y42: =IF(AND(ISNUMBER($M42),Y$5>=$M42,Y$5<=IF($N42="",$L$1,$N42),WEEKDAY(Y$5,2)<6,COUNTIF(휴일!$A$2:$A$2,Y$5)=0),2,IF(AND(ISNUMBER($K42),Y$5>=$K42,Y$5<=$L42,WEEKDAY(Y$5,2)<6,COUNTIF(휴일!$A$2:$A$2,Y$5)=0),1,"")) -> 2 | Z42: =IF(AND(ISNUMBER($M42),Z$5>=$M42,Z$5<=IF($N42="",$L$1,$N42),WEEKDAY(Z$5,2)<6,COUNTIF(휴일!$A$2:$A$2,Z$5)=0),2,IF(AND(ISNUMBER($K42),Z$5>=$K42,Z$5<=$L42,WEEKDAY(Z$5,2)<6,COUNTIF(휴일!$A$2:$A$2,Z$5)=0),1,"")) | AA42: =IF(AND(ISNUMBER($M42),AA$5>=$M42,AA$5<=IF($N42="",$L$1,$N42),WEEKDAY(AA$5,2)<6,COUNTIF(휴일!$A$2:$A$2,AA$5)=0),2,IF(AND(ISNUMBER($K42),AA$5>=$K42,AA$5<=$L42,WEEKDAY(AA$5,2)<6,COUNTIF(휴일!$A$2:$A$2,AA$5)=0),1,"")) | AB42: =IF(AND(ISNUMBER($M42),AB$5>=$M42,AB$5<=IF($N42="",$L$1,$N42),WEEKDAY(AB$5,2)<6,COUNTIF(휴일!$A$2:$A$2,AB$5)=0),2,IF(AND(ISNUMBER($K42),AB$5>=$K42,AB$5<=$L42,WEEKDAY(AB$5,2)<6,COUNTIF(휴일!$A$2:$A$2,AB$5)=0),1,"")) | AC42: =IF(AND(ISNUMBER($M42),AC$5>=$M42,AC$5<=IF($N42="",$L$1,$N42),WEEKDAY(AC$5,2)<6,COUNTIF(휴일!$A$2:$A$2,AC$5)=0),2,IF(AND(ISNUMBER($K42),AC$5>=$K42,AC$5<=$L42,WEEKDAY(AC$5,2)<6,COUNTIF(휴일!$A$2:$A$2,AC$5)=0),1,"")) -> 2 | AD42: =IF(AND(ISNUMBER($M42),AD$5>=$M42,AD$5<=IF($N42="",$L$1,$N42),WEEKDAY(AD$5,2)<6,COUNTIF(휴일!$A$2:$A$2,AD$5)=0),2,IF(AND(ISNUMBER($K42),AD$5>=$K42,AD$5<=$L42,WEEKDAY(AD$5,2)<6,COUNTIF(휴일!$A$2:$A$2,AD$5)=0),1,"")) | AE42: =IF(AND(ISNUMBER($M42),AE$5>=$M42,AE$5<=IF($N42="",$L$1,$N42),WEEKDAY(AE$5,2)<6,COUNTIF(휴일!$A$2:$A$2,AE$5)=0),2,IF(AND(ISNUMBER($K42),AE$5>=$K42,AE$5<=$L42,WEEKDAY(AE$5,2)<6,COUNTIF(휴일!$A$2:$A$2,AE$5)=0),1,"")) | AF42: 완료
F43: 4.04 러그 3종 적용 | H43: 권오민 | I43: 김찬중 | J43: FR-29-05 기본·베이지·차콜 교체 및 유지 | K43: 46307 | L43: 46307 | M43: 46303 | N43: 46307 | O43: =IF(OR(K43="",L43=""),"",IF(L43<K43,"날짜 확인",NETWORKDAYS(K43,L43,휴일!$A$2:$A$2))) -> 1 | P43: =IF(OR(M43="",N43=""),"",IF(N43<M43,"날짜 확인",NETWORKDAYS(M43,N43,휴일!$A$2:$A$2))) -> 2 | Q43: =IF(O43="","",IF($L$1<K43,0,NETWORKDAYS(K43,MIN($L$1,L43),휴일!$A$2:$A$2))) -> 1 | R43: =IF(M43="","",IF($L$1<M43,0,NETWORKDAYS(M43,IF(N43="",$L$1,MIN($L$1,N43)),휴일!$A$2:$A$2))) -> 2 | S43: =IF(O43="","",IF(O43=0,0,Q43/O43)) -> 1 | T43: =IF(OR(AND(AG43<>"",OR(NOT(ISNUMBER(AG43)),AG43<=0)),AND(AH43<>"",OR(NOT(ISNUMBER(AH43)),AH43<0)),AND(ISNUMBER(AG43),ISNUMBER(AH43),AH43>AG43)),"수량 확인",IF(AF43="완료",1,IF(AF43="미착수",0,IF(AND(ISNUMBER(AG43),ISNUMBER(AH43)),AH43/AG43,"")))) -> 1 | U43: =IF(T43="","",T43) -> 1 | V43: =IF(OR(U43="",S43=""),"",U43-S43) -> 0 | W43: =IF(AND(ISNUMBER($M43),W$5>=$M43,W$5<=IF($N43="",$L$1,$N43),WEEKDAY(W$5,2)<6,COUNTIF(휴일!$A$2:$A$2,W$5)=0),2,IF(AND(ISNUMBER($K43),W$5>=$K43,W$5<=$L43,WEEKDAY(W$5,2)<6,COUNTIF(휴일!$A$2:$A$2,W$5)=0),1,"")) | X43: =IF(AND(ISNUMBER($M43),X$5>=$M43,X$5<=IF($N43="",$L$1,$N43),WEEKDAY(X$5,2)<6,COUNTIF(휴일!$A$2:$A$2,X$5)=0),2,IF(AND(ISNUMBER($K43),X$5>=$K43,X$5<=$L43,WEEKDAY(X$5,2)<6,COUNTIF(휴일!$A$2:$A$2,X$5)=0),1,"")) | Y43: =IF(AND(ISNUMBER($M43),Y$5>=$M43,Y$5<=IF($N43="",$L$1,$N43),WEEKDAY(Y$5,2)<6,COUNTIF(휴일!$A$2:$A$2,Y$5)=0),2,IF(AND(ISNUMBER($K43),Y$5>=$K43,Y$5<=$L43,WEEKDAY(Y$5,2)<6,COUNTIF(휴일!$A$2:$A$2,Y$5)=0),1,"")) -> 2 | Z43: =IF(AND(ISNUMBER($M43),Z$5>=$M43,Z$5<=IF($N43="",$L$1,$N43),WEEKDAY(Z$5,2)<6,COUNTIF(휴일!$A$2:$A$2,Z$5)=0),2,IF(AND(ISNUMBER($K43),Z$5>=$K43,Z$5<=$L43,WEEKDAY(Z$5,2)<6,COUNTIF(휴일!$A$2:$A$2,Z$5)=0),1,"")) | AA43: =IF(AND(ISNUMBER($M43),AA$5>=$M43,AA$5<=IF($N43="",$L$1,$N43),WEEKDAY(AA$5,2)<6,COUNTIF(휴일!$A$2:$A$2,AA$5)=0),2,IF(AND(ISNUMBER($K43),AA$5>=$K43,AA$5<=$L43,WEEKDAY(AA$5,2)<6,COUNTIF(휴일!$A$2:$A$2,AA$5)=0),1,"")) | AB43: =IF(AND(ISNUMBER($M43),AB$5>=$M43,AB$5<=IF($N43="",$L$1,$N43),WEEKDAY(AB$5,2)<6,COUNTIF(휴일!$A$2:$A$2,AB$5)=0),2,IF(AND(ISNUMBER($K43),AB$5>=$K43,AB$5<=$L43,WEEKDAY(AB$5,2)<6,COUNTIF(휴일!$A$2:$A$2,AB$5)=0),1,"")) | AC43: =IF(AND(ISNUMBER($M43),AC$5>=$M43,AC$5<=IF($N43="",$L$1,$N43),WEEKDAY(AC$5,2)<6,COUNTIF(휴일!$A$2:$A$2,AC$5)=0),2,IF(AND(ISNUMBER($K43),AC$5>=$K43,AC$5<=$L43,WEEKDAY(AC$5,2)<6,COUNTIF(휴일!$A$2:$A$2,AC$5)=0),1,"")) -> 2 | AD43: =IF(AND(ISNUMBER($M43),AD$5>=$M43,AD$5<=IF($N43="",$L$1,$N43),WEEKDAY(AD$5,2)<6,COUNTIF(휴일!$A$2:$A$2,AD$5)=0),2,IF(AND(ISNUMBER($K43),AD$5>=$K43,AD$5<=$L43,WEEKDAY(AD$5,2)<6,COUNTIF(휴일!$A$2:$A$2,AD$5)=0),1,"")) | AE43: =IF(AND(ISNUMBER($M43),AE$5>=$M43,AE$5<=IF($N43="",$L$1,$N43),WEEKDAY(AE$5,2)<6,COUNTIF(휴일!$A$2:$A$2,AE$5)=0),2,IF(AND(ISNUMBER($K43),AE$5>=$K43,AE$5<=$L43,WEEKDAY(AE$5,2)<6,COUNTIF(휴일!$A$2:$A$2,AE$5)=0),1,"")) | AF43: 완료
F44: 4.05 그림 액자 3종 적용 | H44: 권오민 | I44: 김찬중 | J44: FR-29-06 선택별 텍스처 또는 오브젝트 전환 | K44: 46307 | L44: 46307 | M44: 46307 | N44: 46307 | O44: =IF(OR(K44="",L44=""),"",IF(L44<K44,"날짜 확인",NETWORKDAYS(K44,L44,휴일!$A$2:$A$2))) -> 1 | P44: =IF(OR(M44="",N44=""),"",IF(N44<M44,"날짜 확인",NETWORKDAYS(M44,N44,휴일!$A$2:$A$2))) -> 1 | Q44: =IF(O44="","",IF($L$1<K44,0,NETWORKDAYS(K44,MIN($L$1,L44),휴일!$A$2:$A$2))) -> 1 | R44: =IF(M44="","",IF($L$1<M44,0,NETWORKDAYS(M44,IF(N44="",$L$1,MIN($L$1,N44)),휴일!$A$2:$A$2))) -> 1 | S44: =IF(O44="","",IF(O44=0,0,Q44/O44)) -> 1 | T44: =IF(OR(AND(AG44<>"",OR(NOT(ISNUMBER(AG44)),AG44<=0)),AND(AH44<>"",OR(NOT(ISNUMBER(AH44)),AH44<0)),AND(ISNUMBER(AG44),ISNUMBER(AH44),AH44>AG44)),"수량 확인",IF(AF44="완료",1,IF(AF44="미착수",0,IF(AND(ISNUMBER(AG44),ISNUMBER(AH44)),AH44/AG44,"")))) -> 1 | U44: =IF(T44="","",T44) -> 1 | V44: =IF(OR(U44="",S44=""),"",U44-S44) -> 0 | W44: =IF(AND(ISNUMBER($M44),W$5>=$M44,W$5<=IF($N44="",$L$1,$N44),WEEKDAY(W$5,2)<6,COUNTIF(휴일!$A$2:$A$2,W$5)=0),2,IF(AND(ISNUMBER($K44),W$5>=$K44,W$5<=$L44,WEEKDAY(W$5,2)<6,COUNTIF(휴일!$A$2:$A$2,W$5)=0),1,"")) | X44: =IF(AND(ISNUMBER($M44),X$5>=$M44,X$5<=IF($N44="",$L$1,$N44),WEEKDAY(X$5,2)<6,COUNTIF(휴일!$A$2:$A$2,X$5)=0),2,IF(AND(ISNUMBER($K44),X$5>=$K44,X$5<=$L44,WEEKDAY(X$5,2)<6,COUNTIF(휴일!$A$2:$A$2,X$5)=0),1,"")) | Y44: =IF(AND(ISNUMBER($M44),Y$5>=$M44,Y$5<=IF($N44="",$L$1,$N44),WEEKDAY(Y$5,2)<6,COUNTIF(휴일!$A$2:$A$2,Y$5)=0),2,IF(AND(ISNUMBER($K44),Y$5>=$K44,Y$5<=$L44,WEEKDAY(Y$5,2)<6,COUNTIF(휴일!$A$2:$A$2,Y$5)=0),1,"")) | Z44: =IF(AND(ISNUMBER($M44),Z$5>=$M44,Z$5<=IF($N44="",$L$1,$N44),WEEKDAY(Z$5,2)<6,COUNTIF(휴일!$A$2:$A$2,Z$5)=0),2,IF(AND(ISNUMBER($K44),Z$5>=$K44,Z$5<=$L44,WEEKDAY(Z$5,2)<6,COUNTIF(휴일!$A$2:$A$2,Z$5)=0),1,"")) | AA44: =IF(AND(ISNUMBER($M44),AA$5>=$M44,AA$5<=IF($N44="",$L$1,$N44),WEEKDAY(AA$5,2)<6,COUNTIF(휴일!$A$2:$A$2,AA$5)=0),2,IF(AND(ISNUMBER($K44),AA$5>=$K44,AA$5<=$L44,WEEKDAY(AA$5,2)<6,COUNTIF(휴일!$A$2:$A$2,AA$5)=0),1,"")) | AB44: =IF(AND(ISNUMBER($M44),AB$5>=$M44,AB$5<=IF($N44="",$L$1,$N44),WEEKDAY(AB$5,2)<6,COUNTIF(휴일!$A$2:$A$2,AB$5)=0),2,IF(AND(ISNUMBER($K44),AB$5>=$K44,AB$5<=$L44,WEEKDAY(AB$5,2)<6,COUNTIF(휴일!$A$2:$A$2,AB$5)=0),1,"")) | AC44: =IF(AND(ISNUMBER($M44),AC$5>=$M44,AC$5<=IF($N44="",$L$1,$N44),WEEKDAY(AC$5,2)<6,COUNTIF(휴일!$A$2:$A$2,AC$5)=0),2,IF(AND(ISNUMBER($K44),AC$5>=$K44,AC$5<=$L44,WEEKDAY(AC$5,2)<6,COUNTIF(휴일!$A$2:$A$2,AC$5)=0),1,"")) -> 2 | AD44: =IF(AND(ISNUMBER($M44),AD$5>=$M44,AD$5<=IF($N44="",$L$1,$N44),WEEKDAY(AD$5,2)<6,COUNTIF(휴일!$A$2:$A$2,AD$5)=0),2,IF(AND(ISNUMBER($K44),AD$5>=$K44,AD$5<=$L44,WEEKDAY(AD$5,2)<6,COUNTIF(휴일!$A$2:$A$2,AD$5)=0),1,"")) | AE44: =IF(AND(ISNUMBER($M44),AE$5>=$M44,AE$5<=IF($N44="",$L$1,$N44),WEEKDAY(AE$5,2)<6,COUNTIF(휴일!$A$2:$A$2,AE$5)=0),2,IF(AND(ISNUMBER($K44),AE$5>=$K44,AE$5<=$L44,WEEKDAY(AE$5,2)<6,COUNTIF(휴일!$A$2:$A$2,AE$5)=0),1,"")) | AF44: 완료
F45: 4.06 화분 3종 적용 | H45: 권오민 | I45: 김찬중 | J45: FR-29-07 단일 활성화, 배치 위치 유지 | K45: 46307 | L45: 46307 | M45: 46307 | N45: 46307 | O45: =IF(OR(K45="",L45=""),"",IF(L45<K45,"날짜 확인",NETWORKDAYS(K45,L45,휴일!$A$2:$A$2))) -> 1 | P45: =IF(OR(M45="",N45=""),"",IF(N45<M45,"날짜 확인",NETWORKDAYS(M45,N45,휴일!$A$2:$A$2))) -> 1 | Q45: =IF(O45="","",IF($L$1<K45,0,NETWORKDAYS(K45,MIN($L$1,L45),휴일!$A$2:$A$2))) -> 1 | R45: =IF(M45="","",IF($L$1<M45,0,NETWORKDAYS(M45,IF(N45="",$L$1,MIN($L$1,N45)),휴일!$A$2:$A$2))) -> 1 | S45: =IF(O45="","",IF(O45=0,0,Q45/O45)) -> 1 | T45: =IF(OR(AND(AG45<>"",OR(NOT(ISNUMBER(AG45)),AG45<=0)),AND(AH45<>"",OR(NOT(ISNUMBER(AH45)),AH45<0)),AND(ISNUMBER(AG45),ISNUMBER(AH45),AH45>AG45)),"수량 확인",IF(AF45="완료",1,IF(AF45="미착수",0,IF(AND(ISNUMBER(AG45),ISNUMBER(AH45)),AH45/AG45,"")))) -> 1 | U45: =IF(T45="","",T45) -> 1 | V45: =IF(OR(U45="",S45=""),"",U45-S45) -> 0 | W45: =IF(AND(ISNUMBER($M45),W$5>=$M45,W$5<=IF($N45="",$L$1,$N45),WEEKDAY(W$5,2)<6,COUNTIF(휴일!$A$2:$A$2,W$5)=0),2,IF(AND(ISNUMBER($K45),W$5>=$K45,W$5<=$L45,WEEKDAY(W$5,2)<6,COUNTIF(휴일!$A$2:$A$2,W$5)=0),1,"")) | X45: =IF(AND(ISNUMBER($M45),X$5>=$M45,X$5<=IF($N45="",$L$1,$N45),WEEKDAY(X$5,2)<6,COUNTIF(휴일!$A$2:$A$2,X$5)=0),2,IF(AND(ISNUMBER($K45),X$5>=$K45,X$5<=$L45,WEEKDAY(X$5,2)<6,COUNTIF(휴일!$A$2:$A$2,X$5)=0),1,"")) | Y45: =IF(AND(ISNUMBER($M45),Y$5>=$M45,Y$5<=IF($N45="",$L$1,$N45),WEEKDAY(Y$5,2)<6,COUNTIF(휴일!$A$2:$A$2,Y$5)=0),2,IF(AND(ISNUMBER($K45),Y$5>=$K45,Y$5<=$L45,WEEKDAY(Y$5,2)<6,COUNTIF(휴일!$A$2:$A$2,Y$5)=0),1,"")) | Z45: =IF(AND(ISNUMBER($M45),Z$5>=$M45,Z$5<=IF($N45="",$L$1,$N45),WEEKDAY(Z$5,2)<6,COUNTIF(휴일!$A$2:$A$2,Z$5)=0),2,IF(AND(ISNUMBER($K45),Z$5>=$K45,Z$5<=$L45,WEEKDAY(Z$5,2)<6,COUNTIF(휴일!$A$2:$A$2,Z$5)=0),1,"")) | AA45: =IF(AND(ISNUMBER($M45),AA$5>=$M45,AA$5<=IF($N45="",$L$1,$N45),WEEKDAY(AA$5,2)<6,COUNTIF(휴일!$A$2:$A$2,AA$5)=0),2,IF(AND(ISNUMBER($K45),AA$5>=$K45,AA$5<=$L45,WEEKDAY(AA$5,2)<6,COUNTIF(휴일!$A$2:$A$2,AA$5)=0),1,"")) | AB45: =IF(AND(ISNUMBER($M45),AB$5>=$M45,AB$5<=IF($N45="",$L$1,$N45),WEEKDAY(AB$5,2)<6,COUNTIF(휴일!$A$2:$A$2,AB$5)=0),2,IF(AND(ISNUMBER($K45),AB$5>=$K45,AB$5<=$L45,WEEKDAY(AB$5,2)<6,COUNTIF(휴일!$A$2:$A$2,AB$5)=0),1,"")) | AC45: =IF(AND(ISNUMBER($M45),AC$5>=$M45,AC$5<=IF($N45="",$L$1,$N45),WEEKDAY(AC$5,2)<6,COUNTIF(휴일!$A$2:$A$2,AC$5)=0),2,IF(AND(ISNUMBER($K45),AC$5>=$K45,AC$5<=$L45,WEEKDAY(AC$5,2)<6,COUNTIF(휴일!$A$2:$A$2,AC$5)=0),1,"")) -> 2 | AD45: =IF(AND(ISNUMBER($M45),AD$5>=$M45,AD$5<=IF($N45="",$L$1,$N45),WEEKDAY(AD$5,2)<6,COUNTIF(휴일!$A$2:$A$2,AD$5)=0),2,IF(AND(ISNUMBER($K45),AD$5>=$K45,AD$5<=$L45,WEEKDAY(AD$5,2)<6,COUNTIF(휴일!$A$2:$A$2,AD$5)=0),1,"")) | AE45: =IF(AND(ISNUMBER($M45),AE$5>=$M45,AE$5<=IF($N45="",$L$1,$N45),WEEKDAY(AE$5,2)<6,COUNTIF(휴일!$A$2:$A$2,AE$5)=0),2,IF(AND(ISNUMBER($K45),AE$5>=$K45,AE$5<=$L45,WEEKDAY(AE$5,2)<6,COUNTIF(휴일!$A$2:$A$2,AE$5)=0),1,"")) | AF45: 완료
F46: 4.07 옵션 목록·가격·현재 선택 표시 | H46: 권오민 | I46: 김찬중 | J46: FR-11/29/31 기본0원·추가금·총액 표시, 갱신0.5초 | K46: 46307 | L46: 46307 | M46: 46307 | N46: 46307 | O46: =IF(OR(K46="",L46=""),"",IF(L46<K46,"날짜 확인",NETWORKDAYS(K46,L46,휴일!$A$2:$A$2))) -> 1 | P46: =IF(OR(M46="",N46=""),"",IF(N46<M46,"날짜 확인",NETWORKDAYS(M46,N46,휴일!$A$2:$A$2))) -> 1 | Q46: =IF(O46="","",IF($L$1<K46,0,NETWORKDAYS(K46,MIN($L$1,L46),휴일!$A$2:$A$2))) -> 1 | R46: =IF(M46="","",IF($L$1<M46,0,NETWORKDAYS(M46,IF(N46="",$L$1,MIN($L$1,N46)),휴일!$A$2:$A$2))) -> 1 | S46: =IF(O46="","",IF(O46=0,0,Q46/O46)) -> 1 | T46: =IF(OR(AND(AG46<>"",OR(NOT(ISNUMBER(AG46)),AG46<=0)),AND(AH46<>"",OR(NOT(ISNUMBER(AH46)),AH46<0)),AND(ISNUMBER(AG46),ISNUMBER(AH46),AH46>AG46)),"수량 확인",IF(AF46="완료",1,IF(AF46="미착수",0,IF(AND(ISNUMBER(AG46),ISNUMBER(AH46)),AH46/AG46,"")))) -> 1 | U46: =IF(T46="","",T46) -> 1 | V46: =IF(OR(U46="",S46=""),"",U46-S46) -> 0 | W46: =IF(AND(ISNUMBER($M46),W$5>=$M46,W$5<=IF($N46="",$L$1,$N46),WEEKDAY(W$5,2)<6,COUNTIF(휴일!$A$2:$A$2,W$5)=0),2,IF(AND(ISNUMBER($K46),W$5>=$K46,W$5<=$L46,WEEKDAY(W$5,2)<6,COUNTIF(휴일!$A$2:$A$2,W$5)=0),1,"")) | X46: =IF(AND(ISNUMBER($M46),X$5>=$M46,X$5<=IF($N46="",$L$1,$N46),WEEKDAY(X$5,2)<6,COUNTIF(휴일!$A$2:$A$2,X$5)=0),2,IF(AND(ISNUMBER($K46),X$5>=$K46,X$5<=$L46,WEEKDAY(X$5,2)<6,COUNTIF(휴일!$A$2:$A$2,X$5)=0),1,"")) | Y46: =IF(AND(ISNUMBER($M46),Y$5>=$M46,Y$5<=IF($N46="",$L$1,$N46),WEEKDAY(Y$5,2)<6,COUNTIF(휴일!$A$2:$A$2,Y$5)=0),2,IF(AND(ISNUMBER($K46),Y$5>=$K46,Y$5<=$L46,WEEKDAY(Y$5,2)<6,COUNTIF(휴일!$A$2:$A$2,Y$5)=0),1,"")) | Z46: =IF(AND(ISNUMBER($M46),Z$5>=$M46,Z$5<=IF($N46="",$L$1,$N46),WEEKDAY(Z$5,2)<6,COUNTIF(휴일!$A$2:$A$2,Z$5)=0),2,IF(AND(ISNUMBER($K46),Z$5>=$K46,Z$5<=$L46,WEEKDAY(Z$5,2)<6,COUNTIF(휴일!$A$2:$A$2,Z$5)=0),1,"")) | AA46: =IF(AND(ISNUMBER($M46),AA$5>=$M46,AA$5<=IF($N46="",$L$1,$N46),WEEKDAY(AA$5,2)<6,COUNTIF(휴일!$A$2:$A$2,AA$5)=0),2,IF(AND(ISNUMBER($K46),AA$5>=$K46,AA$5<=$L46,WEEKDAY(AA$5,2)<6,COUNTIF(휴일!$A$2:$A$2,AA$5)=0),1,"")) | AB46: =IF(AND(ISNUMBER($M46),AB$5>=$M46,AB$5<=IF($N46="",$L$1,$N46),WEEKDAY(AB$5,2)<6,COUNTIF(휴일!$A$2:$A$2,AB$5)=0),2,IF(AND(ISNUMBER($K46),AB$5>=$K46,AB$5<=$L46,WEEKDAY(AB$5,2)<6,COUNTIF(휴일!$A$2:$A$2,AB$5)=0),1,"")) | AC46: =IF(AND(ISNUMBER($M46),AC$5>=$M46,AC$5<=IF($N46="",$L$1,$N46),WEEKDAY(AC$5,2)<6,COUNTIF(휴일!$A$2:$A$2,AC$5)=0),2,IF(AND(ISNUMBER($K46),AC$5>=$K46,AC$5<=$L46,WEEKDAY(AC$5,2)<6,COUNTIF(휴일!$A$2:$A$2,AC$5)=0),1,"")) -> 2 | AD46: =IF(AND(ISNUMBER($M46),AD$5>=$M46,AD$5<=IF($N46="",$L$1,$N46),WEEKDAY(AD$5,2)<6,COUNTIF(휴일!$A$2:$A$2,AD$5)=0),2,IF(AND(ISNUMBER($K46),AD$5>=$K46,AD$5<=$L46,WEEKDAY(AD$5,2)<6,COUNTIF(휴일!$A$2:$A$2,AD$5)=0),1,"")) | AE46: =IF(AND(ISNUMBER($M46),AE$5>=$M46,AE$5<=IF($N46="",$L$1,$N46),WEEKDAY(AE$5,2)<6,COUNTIF(휴일!$A$2:$A$2,AE$5)=0),2,IF(AND(ISNUMBER($K46),AE$5>=$K46,AE$5<=$L46,WEEKDAY(AE$5,2)<6,COUNTIF(휴일!$A$2:$A$2,AE$5)=0),1,"")) | AF46: 완료
F47: 4.08 시각 버튼 5개 UI (SRS v2.4) | H47: 권오민 | I47: 김찬중 | J47: FR-30 06·09·12·18·22시 버튼, 선택 표시, 조도 표시 | K47: 46307 | L47: 46307 | M47: 46307 | N47: 46307 | O47: =IF(OR(K47="",L47=""),"",IF(L47<K47,"날짜 확인",NETWORKDAYS(K47,L47,휴일!$A$2:$A$2))) -> 1 | P47: =IF(OR(M47="",N47=""),"",IF(N47<M47,"날짜 확인",NETWORKDAYS(M47,N47,휴일!$A$2:$A$2))) -> 1 | Q47: =IF(O47="","",IF($L$1<K47,0,NETWORKDAYS(K47,MIN($L$1,L47),휴일!$A$2:$A$2))) -> 1 | R47: =IF(M47="","",IF($L$1<M47,0,NETWORKDAYS(M47,IF(N47="",$L$1,MIN($L$1,N47)),휴일!$A$2:$A$2))) -> 1 | S47: =IF(O47="","",IF(O47=0,0,Q47/O47)) -> 1 | T47: =IF(OR(AND(AG47<>"",OR(NOT(ISNUMBER(AG47)),AG47<=0)),AND(AH47<>"",OR(NOT(ISNUMBER(AH47)),AH47<0)),AND(ISNUMBER(AG47),ISNUMBER(AH47),AH47>AG47)),"수량 확인",IF(AF47="완료",1,IF(AF47="미착수",0,IF(AND(ISNUMBER(AG47),ISNUMBER(AH47)),AH47/AG47,"")))) -> 1 | U47: =IF(T47="","",T47) -> 1 | V47: =IF(OR(U47="",S47=""),"",U47-S47) -> 0 | W47: =IF(AND(ISNUMBER($M47),W$5>=$M47,W$5<=IF($N47="",$L$1,$N47),WEEKDAY(W$5,2)<6,COUNTIF(휴일!$A$2:$A$2,W$5)=0),2,IF(AND(ISNUMBER($K47),W$5>=$K47,W$5<=$L47,WEEKDAY(W$5,2)<6,COUNTIF(휴일!$A$2:$A$2,W$5)=0),1,"")) | X47: =IF(AND(ISNUMBER($M47),X$5>=$M47,X$5<=IF($N47="",$L$1,$N47),WEEKDAY(X$5,2)<6,COUNTIF(휴일!$A$2:$A$2,X$5)=0),2,IF(AND(ISNUMBER($K47),X$5>=$K47,X$5<=$L47,WEEKDAY(X$5,2)<6,COUNTIF(휴일!$A$2:$A$2,X$5)=0),1,"")) | Y47: =IF(AND(ISNUMBER($M47),Y$5>=$M47,Y$5<=IF($N47="",$L$1,$N47),WEEKDAY(Y$5,2)<6,COUNTIF(휴일!$A$2:$A$2,Y$5)=0),2,IF(AND(ISNUMBER($K47),Y$5>=$K47,Y$5<=$L47,WEEKDAY(Y$5,2)<6,COUNTIF(휴일!$A$2:$A$2,Y$5)=0),1,"")) | Z47: =IF(AND(ISNUMBER($M47),Z$5>=$M47,Z$5<=IF($N47="",$L$1,$N47),WEEKDAY(Z$5,2)<6,COUNTIF(휴일!$A$2:$A$2,Z$5)=0),2,IF(AND(ISNUMBER($K47),Z$5>=$K47,Z$5<=$L47,WEEKDAY(Z$5,2)<6,COUNTIF(휴일!$A$2:$A$2,Z$5)=0),1,"")) | AA47: =IF(AND(ISNUMBER($M47),AA$5>=$M47,AA$5<=IF($N47="",$L$1,$N47),WEEKDAY(AA$5,2)<6,COUNTIF(휴일!$A$2:$A$2,AA$5)=0),2,IF(AND(ISNUMBER($K47),AA$5>=$K47,AA$5<=$L47,WEEKDAY(AA$5,2)<6,COUNTIF(휴일!$A$2:$A$2,AA$5)=0),1,"")) | AB47: =IF(AND(ISNUMBER($M47),AB$5>=$M47,AB$5<=IF($N47="",$L$1,$N47),WEEKDAY(AB$5,2)<6,COUNTIF(휴일!$A$2:$A$2,AB$5)=0),2,IF(AND(ISNUMBER($K47),AB$5>=$K47,AB$5<=$L47,WEEKDAY(AB$5,2)<6,COUNTIF(휴일!$A$2:$A$2,AB$5)=0),1,"")) | AC47: =IF(AND(ISNUMBER($M47),AC$5>=$M47,AC$5<=IF($N47="",$L$1,$N47),WEEKDAY(AC$5,2)<6,COUNTIF(휴일!$A$2:$A$2,AC$5)=0),2,IF(AND(ISNUMBER($K47),AC$5>=$K47,AC$5<=$L47,WEEKDAY(AC$5,2)<6,COUNTIF(휴일!$A$2:$A$2,AC$5)=0),1,"")) -> 2 | AD47: =IF(AND(ISNUMBER($M47),AD$5>=$M47,AD$5<=IF($N47="",$L$1,$N47),WEEKDAY(AD$5,2)<6,COUNTIF(휴일!$A$2:$A$2,AD$5)=0),2,IF(AND(ISNUMBER($K47),AD$5>=$K47,AD$5<=$L47,WEEKDAY(AD$5,2)<6,COUNTIF(휴일!$A$2:$A$2,AD$5)=0),1,"")) | AE47: =IF(AND(ISNUMBER($M47),AE$5>=$M47,AE$5<=IF($N47="",$L$1,$N47),WEEKDAY(AE$5,2)<6,COUNTIF(휴일!$A$2:$A$2,AE$5)=0),2,IF(AND(ISNUMBER($K47),AE$5>=$K47,AE$5<=$L47,WEEKDAY(AE$5,2)<6,COUNTIF(휴일!$A$2:$A$2,AE$5)=0),1,"")) | AF47: 완료
F48: 4.09 태양·환경광·하늘·창문 시각별 적용 | H48: 김찬중 | I48: 권오민 | J48: FR-30 A-8 시각표, 버튼 누르고 1초 이내 반영, 보간 없음 로봇팔이 시간대마다 색이 바뀌던 문제 수정 (10/12) | K48: 46307 | L48: 46307 | M48: 46307 | N48: 46307 | O48: =IF(OR(K48="",L48=""),"",IF(L48<K48,"날짜 확인",NETWORKDAYS(K48,L48,휴일!$A$2:$A$2))) -> 1 | P48: =IF(OR(M48="",N48=""),"",IF(N48<M48,"날짜 확인",NETWORKDAYS(M48,N48,휴일!$A$2:$A$2))) -> 1 | Q48: =IF(O48="","",IF($L$1<K48,0,NETWORKDAYS(K48,MIN($L$1,L48),휴일!$A$2:$A$2))) -> 1 | R48: =IF(M48="","",IF($L$1<M48,0,NETWORKDAYS(M48,IF(N48="",$L$1,MIN($L$1,N48)),휴일!$A$2:$A$2))) -> 1 | S48: =IF(O48="","",IF(O48=0,0,Q48/O48)) -> 1 | T48: =IF(OR(AND(AG48<>"",OR(NOT(ISNUMBER(AG48)),AG48<=0)),AND(AH48<>"",OR(NOT(ISNUMBER(AH48)),AH48<0)),AND(ISNUMBER(AG48),ISNUMBER(AH48),AH48>AG48)),"수량 확인",IF(AF48="완료",1,IF(AF48="미착수",0,IF(AND(ISNUMBER(AG48),ISNUMBER(AH48)),AH48/AG48,"")))) -> 1 | U48: =IF(T48="","",T48) -> 1 | V48: =IF(OR(U48="",S48=""),"",U48-S48) -> 0 | W48: =IF(AND(ISNUMBER($M48),W$5>=$M48,W$5<=IF($N48="",$L$1,$N48),WEEKDAY(W$5,2)<6,COUNTIF(휴일!$A$2:$A$2,W$5)=0),2,IF(AND(ISNUMBER($K48),W$5>=$K48,W$5<=$L48,WEEKDAY(W$5,2)<6,COUNTIF(휴일!$A$2:$A$2,W$5)=0),1,"")) | X48: =IF(AND(ISNUMBER($M48),X$5>=$M48,X$5<=IF($N48="",$L$1,$N48),WEEKDAY(X$5,2)<6,COUNTIF(휴일!$A$2:$A$2,X$5)=0),2,IF(AND(ISNUMBER($K48),X$5>=$K48,X$5<=$L48,WEEKDAY(X$5,2)<6,COUNTIF(휴일!$A$2:$A$2,X$5)=0),1,"")) | Y48: =IF(AND(ISNUMBER($M48),Y$5>=$M48,Y$5<=IF($N48="",$L$1,$N48),WEEKDAY(Y$5,2)<6,COUNTIF(휴일!$A$2:$A$2,Y$5)=0),2,IF(AND(ISNUMBER($K48),Y$5>=$K48,Y$5<=$L48,WEEKDAY(Y$5,2)<6,COUNTIF(휴일!$A$2:$A$2,Y$5)=0),1,"")) | Z48: =IF(AND(ISNUMBER($M48),Z$5>=$M48,Z$5<=IF($N48="",$L$1,$N48),WEEKDAY(Z$5,2)<6,COUNTIF(휴일!$A$2:$A$2,Z$5)=0),2,IF(AND(ISNUMBER($K48),Z$5>=$K48,Z$5<=$L48,WEEKDAY(Z$5,2)<6,COUNTIF(휴일!$A$2:$A$2,Z$5)=0),1,"")) | AA48: =IF(AND(ISNUMBER($M48),AA$5>=$M48,AA$5<=IF($N48="",$L$1,$N48),WEEKDAY(AA$5,2)<6,COUNTIF(휴일!$A$2:$A$2,AA$5)=0),2,IF(AND(ISNUMBER($K48),AA$5>=$K48,AA$5<=$L48,WEEKDAY(AA$5,2)<6,COUNTIF(휴일!$A$2:$A$2,AA$5)=0),1,"")) | AB48: =IF(AND(ISNUMBER($M48),AB$5>=$M48,AB$5<=IF($N48="",$L$1,$N48),WEEKDAY(AB$5,2)<6,COUNTIF(휴일!$A$2:$A$2,AB$5)=0),2,IF(AND(ISNUMBER($K48),AB$5>=$K48,AB$5<=$L48,WEEKDAY(AB$5,2)<6,COUNTIF(휴일!$A$2:$A$2,AB$5)=0),1,"")) | AC48: =IF(AND(ISNUMBER($M48),AC$5>=$M48,AC$5<=IF($N48="",$L$1,$N48),WEEKDAY(AC$5,2)<6,COUNTIF(휴일!$A$2:$A$2,AC$5)=0),2,IF(AND(ISNUMBER($K48),AC$5>=$K48,AC$5<=$L48,WEEKDAY(AC$5,2)<6,COUNTIF(휴일!$A$2:$A$2,AC$5)=0),1,"")) -> 2 | AD48: =IF(AND(ISNUMBER($M48),AD$5>=$M48,AD$5<=IF($N48="",$L$1,$N48),WEEKDAY(AD$5,2)<6,COUNTIF(휴일!$A$2:$A$2,AD$5)=0),2,IF(AND(ISNUMBER($K48),AD$5>=$K48,AD$5<=$L48,WEEKDAY(AD$5,2)<6,COUNTIF(휴일!$A$2:$A$2,AD$5)=0),1,"")) | AE48: =IF(AND(ISNUMBER($M48),AE$5>=$M48,AE$5<=IF($N48="",$L$1,$N48),WEEKDAY(AE$5,2)<6,COUNTIF(휴일!$A$2:$A$2,AE$5)=0),2,IF(AND(ISNUMBER($K48),AE$5>=$K48,AE$5<=$L48,WEEKDAY(AE$5,2)<6,COUNTIF(휴일!$A$2:$A$2,AE$5)=0),1,"")) | AF48: 완료
F49: 4.10 구역 조도 계산·조명 합산 | H49: 김찬중 | I49: 권오민 | J49: FR-30 구역계수1/1/.6/.3, 켜진 조명300lux 반영 | K49: 46307 | L49: 46307 | M49: 46307 | N49: 46307 | O49: =IF(OR(K49="",L49=""),"",IF(L49<K49,"날짜 확인",NETWORKDAYS(K49,L49,휴일!$A$2:$A$2))) -> 1 | P49: =IF(OR(M49="",N49=""),"",IF(N49<M49,"날짜 확인",NETWORKDAYS(M49,N49,휴일!$A$2:$A$2))) -> 1 | Q49: =IF(O49="","",IF($L$1<K49,0,NETWORKDAYS(K49,MIN($L$1,L49),휴일!$A$2:$A$2))) -> 1 | R49: =IF(M49="","",IF($L$1<M49,0,NETWORKDAYS(M49,IF(N49="",$L$1,MIN($L$1,N49)),휴일!$A$2:$A$2))) -> 1 | S49: =IF(O49="","",IF(O49=0,0,Q49/O49)) -> 1 | T49: =IF(OR(AND(AG49<>"",OR(NOT(ISNUMBER(AG49)),AG49<=0)),AND(AH49<>"",OR(NOT(ISNUMBER(AH49)),AH49<0)),AND(ISNUMBER(AG49),ISNUMBER(AH49),AH49>AG49)),"수량 확인",IF(AF49="완료",1,IF(AF49="미착수",0,IF(AND(ISNUMBER(AG49),ISNUMBER(AH49)),AH49/AG49,"")))) -> 1 | U49: =IF(T49="","",T49) -> 1 | V49: =IF(OR(U49="",S49=""),"",U49-S49) -> 0 | W49: =IF(AND(ISNUMBER($M49),W$5>=$M49,W$5<=IF($N49="",$L$1,$N49),WEEKDAY(W$5,2)<6,COUNTIF(휴일!$A$2:$A$2,W$5)=0),2,IF(AND(ISNUMBER($K49),W$5>=$K49,W$5<=$L49,WEEKDAY(W$5,2)<6,COUNTIF(휴일!$A$2:$A$2,W$5)=0),1,"")) | X49: =IF(AND(ISNUMBER($M49),X$5>=$M49,X$5<=IF($N49="",$L$1,$N49),WEEKDAY(X$5,2)<6,COUNTIF(휴일!$A$2:$A$2,X$5)=0),2,IF(AND(ISNUMBER($K49),X$5>=$K49,X$5<=$L49,WEEKDAY(X$5,2)<6,COUNTIF(휴일!$A$2:$A$2,X$5)=0),1,"")) | Y49: =IF(AND(ISNUMBER($M49),Y$5>=$M49,Y$5<=IF($N49="",$L$1,$N49),WEEKDAY(Y$5,2)<6,COUNTIF(휴일!$A$2:$A$2,Y$5)=0),2,IF(AND(ISNUMBER($K49),Y$5>=$K49,Y$5<=$L49,WEEKDAY(Y$5,2)<6,COUNTIF(휴일!$A$2:$A$2,Y$5)=0),1,"")) | Z49: =IF(AND(ISNUMBER($M49),Z$5>=$M49,Z$5<=IF($N49="",$L$1,$N49),WEEKDAY(Z$5,2)<6,COUNTIF(휴일!$A$2:$A$2,Z$5)=0),2,IF(AND(ISNUMBER($K49),Z$5>=$K49,Z$5<=$L49,WEEKDAY(Z$5,2)<6,COUNTIF(휴일!$A$2:$A$2,Z$5)=0),1,"")) | AA49: =IF(AND(ISNUMBER($M49),AA$5>=$M49,AA$5<=IF($N49="",$L$1,$N49),WEEKDAY(AA$5,2)<6,COUNTIF(휴일!$A$2:$A$2,AA$5)=0),2,IF(AND(ISNUMBER($K49),AA$5>=$K49,AA$5<=$L49,WEEKDAY(AA$5,2)<6,COUNTIF(휴일!$A$2:$A$2,AA$5)=0),1,"")) | AB49: =IF(AND(ISNUMBER($M49),AB$5>=$M49,AB$5<=IF($N49="",$L$1,$N49),WEEKDAY(AB$5,2)<6,COUNTIF(휴일!$A$2:$A$2,AB$5)=0),2,IF(AND(ISNUMBER($K49),AB$5>=$K49,AB$5<=$L49,WEEKDAY(AB$5,2)<6,COUNTIF(휴일!$A$2:$A$2,AB$5)=0),1,"")) | AC49: =IF(AND(ISNUMBER($M49),AC$5>=$M49,AC$5<=IF($N49="",$L$1,$N49),WEEKDAY(AC$5,2)<6,COUNTIF(휴일!$A$2:$A$2,AC$5)=0),2,IF(AND(ISNUMBER($K49),AC$5>=$K49,AC$5<=$L49,WEEKDAY(AC$5,2)<6,COUNTIF(휴일!$A$2:$A$2,AC$5)=0),1,"")) -> 2 | AD49: =IF(AND(ISNUMBER($M49),AD$5>=$M49,AD$5<=IF($N49="",$L$1,$N49),WEEKDAY(AD$5,2)<6,COUNTIF(휴일!$A$2:$A$2,AD$5)=0),2,IF(AND(ISNUMBER($K49),AD$5>=$K49,AD$5<=$L49,WEEKDAY(AD$5,2)<6,COUNTIF(휴일!$A$2:$A$2,AD$5)=0),1,"")) | AE49: =IF(AND(ISNUMBER($M49),AE$5>=$M49,AE$5<=IF($N49="",$L$1,$N49),WEEKDAY(AE$5,2)<6,COUNTIF(휴일!$A$2:$A$2,AE$5)=0),2,IF(AND(ISNUMBER($K49),AE$5>=$K49,AE$5<=$L49,WEEKDAY(AE$5,2)<6,COUNTIF(휴일!$A$2:$A$2,AE$5)=0),1,"")) | AF49: 완료
F50: 4.11 시계 연결·시간 변경 기록 | H50: 권오민 | I50: 김찬중 | J50: FR-30 06·12·18·22시 값 검증, 손 놓을 때 기록 | K50: 46307 | L50: 46307 | M50: 46307 | N50: 46307 | O50: =IF(OR(K50="",L50=""),"",IF(L50<K50,"날짜 확인",NETWORKDAYS(K50,L50,휴일!$A$2:$A$2))) -> 1 | P50: =IF(OR(M50="",N50=""),"",IF(N50<M50,"날짜 확인",NETWORKDAYS(M50,N50,휴일!$A$2:$A$2))) -> 1 | Q50: =IF(O50="","",IF($L$1<K50,0,NETWORKDAYS(K50,MIN($L$1,L50),휴일!$A$2:$A$2))) -> 1 | R50: =IF(M50="","",IF($L$1<M50,0,NETWORKDAYS(M50,IF(N50="",$L$1,MIN($L$1,N50)),휴일!$A$2:$A$2))) -> 1 | S50: =IF(O50="","",IF(O50=0,0,Q50/O50)) -> 1 | T50: =IF(OR(AND(AG50<>"",OR(NOT(ISNUMBER(AG50)),AG50<=0)),AND(AH50<>"",OR(NOT(ISNUMBER(AH50)),AH50<0)),AND(ISNUMBER(AG50),ISNUMBER(AH50),AH50>AG50)),"수량 확인",IF(AF50="완료",1,IF(AF50="미착수",0,IF(AND(ISNUMBER(AG50),ISNUMBER(AH50)),AH50/AG50,"")))) -> 1 | U50: =IF(T50="","",T50) -> 1 | V50: =IF(OR(U50="",S50=""),"",U50-S50) -> 0 | W50: =IF(AND(ISNUMBER($M50),W$5>=$M50,W$5<=IF($N50="",$L$1,$N50),WEEKDAY(W$5,2)<6,COUNTIF(휴일!$A$2:$A$2,W$5)=0),2,IF(AND(ISNUMBER($K50),W$5>=$K50,W$5<=$L50,WEEKDAY(W$5,2)<6,COUNTIF(휴일!$A$2:$A$2,W$5)=0),1,"")) | X50: =IF(AND(ISNUMBER($M50),X$5>=$M50,X$5<=IF($N50="",$L$1,$N50),WEEKDAY(X$5,2)<6,COUNTIF(휴일!$A$2:$A$2,X$5)=0),2,IF(AND(ISNUMBER($K50),X$5>=$K50,X$5<=$L50,WEEKDAY(X$5,2)<6,COUNTIF(휴일!$A$2:$A$2,X$5)=0),1,"")) | Y50: =IF(AND(ISNUMBER($M50),Y$5>=$M50,Y$5<=IF($N50="",$L$1,$N50),WEEKDAY(Y$5,2)<6,COUNTIF(휴일!$A$2:$A$2,Y$5)=0),2,IF(AND(ISNUMBER($K50),Y$5>=$K50,Y$5<=$L50,WEEKDAY(Y$5,2)<6,COUNTIF(휴일!$A$2:$A$2,Y$5)=0),1,"")) | Z50: =IF(AND(ISNUMBER($M50),Z$5>=$M50,Z$5<=IF($N50="",$L$1,$N50),WEEKDAY(Z$5,2)<6,COUNTIF(휴일!$A$2:$A$2,Z$5)=0),2,IF(AND(ISNUMBER($K50),Z$5>=$K50,Z$5<=$L50,WEEKDAY(Z$5,2)<6,COUNTIF(휴일!$A$2:$A$2,Z$5)=0),1,"")) | AA50: =IF(AND(ISNUMBER($M50),AA$5>=$M50,AA$5<=IF($N50="",$L$1,$N50),WEEKDAY(AA$5,2)<6,COUNTIF(휴일!$A$2:$A$2,AA$5)=0),2,IF(AND(ISNUMBER($K50),AA$5>=$K50,AA$5<=$L50,WEEKDAY(AA$5,2)<6,COUNTIF(휴일!$A$2:$A$2,AA$5)=0),1,"")) | AB50: =IF(AND(ISNUMBER($M50),AB$5>=$M50,AB$5<=IF($N50="",$L$1,$N50),WEEKDAY(AB$5,2)<6,COUNTIF(휴일!$A$2:$A$2,AB$5)=0),2,IF(AND(ISNUMBER($K50),AB$5>=$K50,AB$5<=$L50,WEEKDAY(AB$5,2)<6,COUNTIF(휴일!$A$2:$A$2,AB$5)=0),1,"")) | AC50: =IF(AND(ISNUMBER($M50),AC$5>=$M50,AC$5<=IF($N50="",$L$1,$N50),WEEKDAY(AC$5,2)<6,COUNTIF(휴일!$A$2:$A$2,AC$5)=0),2,IF(AND(ISNUMBER($K50),AC$5>=$K50,AC$5<=$L50,WEEKDAY(AC$5,2)<6,COUNTIF(휴일!$A$2:$A$2,AC$5)=0),1,"")) -> 2 | AD50: =IF(AND(ISNUMBER($M50),AD$5>=$M50,AD$5<=IF($N50="",$L$1,$N50),WEEKDAY(AD$5,2)<6,COUNTIF(휴일!$A$2:$A$2,AD$5)=0),2,IF(AND(ISNUMBER($K50),AD$5>=$K50,AD$5<=$L50,WEEKDAY(AD$5,2)<6,COUNTIF(휴일!$A$2:$A$2,AD$5)=0),1,"")) | AE50: =IF(AND(ISNUMBER($M50),AE$5>=$M50,AE$5<=IF($N50="",$L$1,$N50),WEEKDAY(AE$5,2)<6,COUNTIF(휴일!$A$2:$A$2,AE$5)=0),2,IF(AND(ISNUMBER($K50),AE$5>=$K50,AE$5<=$L50,WEEKDAY(AE$5,2)<6,COUNTIF(휴일!$A$2:$A$2,AE$5)=0),1,"")) | AF50: 완료
F51: 4.12 이벤트 기록 저장·100개 FIFO | H51: 김찬중 | I51: 권오민 | J51: FR-25 밀리초 시각·대상·내용, 센서와 동작 구분 기록 저장은 EventLogger, 패널은 표시만 (10/12) | K51: 46307 | L51: 46307 | M51: 46307 | N51: 46307 | O51: =IF(OR(K51="",L51=""),"",IF(L51<K51,"날짜 확인",NETWORKDAYS(K51,L51,휴일!$A$2:$A$2))) -> 1 | P51: =IF(OR(M51="",N51=""),"",IF(N51<M51,"날짜 확인",NETWORKDAYS(M51,N51,휴일!$A$2:$A$2))) -> 1 | Q51: =IF(O51="","",IF($L$1<K51,0,NETWORKDAYS(K51,MIN($L$1,L51),휴일!$A$2:$A$2))) -> 1 | R51: =IF(M51="","",IF($L$1<M51,0,NETWORKDAYS(M51,IF(N51="",$L$1,MIN($L$1,N51)),휴일!$A$2:$A$2))) -> 1 | S51: =IF(O51="","",IF(O51=0,0,Q51/O51)) -> 1 | T51: =IF(OR(AND(AG51<>"",OR(NOT(ISNUMBER(AG51)),AG51<=0)),AND(AH51<>"",OR(NOT(ISNUMBER(AH51)),AH51<0)),AND(ISNUMBER(AG51),ISNUMBER(AH51),AH51>AG51)),"수량 확인",IF(AF51="완료",1,IF(AF51="미착수",0,IF(AND(ISNUMBER(AG51),ISNUMBER(AH51)),AH51/AG51,"")))) -> 1 | U51: =IF(T51="","",T51) -> 1 | V51: =IF(OR(U51="",S51=""),"",U51-S51) -> 0 | W51: =IF(AND(ISNUMBER($M51),W$5>=$M51,W$5<=IF($N51="",$L$1,$N51),WEEKDAY(W$5,2)<6,COUNTIF(휴일!$A$2:$A$2,W$5)=0),2,IF(AND(ISNUMBER($K51),W$5>=$K51,W$5<=$L51,WEEKDAY(W$5,2)<6,COUNTIF(휴일!$A$2:$A$2,W$5)=0),1,"")) | X51: =IF(AND(ISNUMBER($M51),X$5>=$M51,X$5<=IF($N51="",$L$1,$N51),WEEKDAY(X$5,2)<6,COUNTIF(휴일!$A$2:$A$2,X$5)=0),2,IF(AND(ISNUMBER($K51),X$5>=$K51,X$5<=$L51,WEEKDAY(X$5,2)<6,COUNTIF(휴일!$A$2:$A$2,X$5)=0),1,"")) | Y51: =IF(AND(ISNUMBER($M51),Y$5>=$M51,Y$5<=IF($N51="",$L$1,$N51),WEEKDAY(Y$5,2)<6,COUNTIF(휴일!$A$2:$A$2,Y$5)=0),2,IF(AND(ISNUMBER($K51),Y$5>=$K51,Y$5<=$L51,WEEKDAY(Y$5,2)<6,COUNTIF(휴일!$A$2:$A$2,Y$5)=0),1,"")) | Z51: =IF(AND(ISNUMBER($M51),Z$5>=$M51,Z$5<=IF($N51="",$L$1,$N51),WEEKDAY(Z$5,2)<6,COUNTIF(휴일!$A$2:$A$2,Z$5)=0),2,IF(AND(ISNUMBER($K51),Z$5>=$K51,Z$5<=$L51,WEEKDAY(Z$5,2)<6,COUNTIF(휴일!$A$2:$A$2,Z$5)=0),1,"")) | AA51: =IF(AND(ISNUMBER($M51),AA$5>=$M51,AA$5<=IF($N51="",$L$1,$N51),WEEKDAY(AA$5,2)<6,COUNTIF(휴일!$A$2:$A$2,AA$5)=0),2,IF(AND(ISNUMBER($K51),AA$5>=$K51,AA$5<=$L51,WEEKDAY(AA$5,2)<6,COUNTIF(휴일!$A$2:$A$2,AA$5)=0),1,"")) | AB51: =IF(AND(ISNUMBER($M51),AB$5>=$M51,AB$5<=IF($N51="",$L$1,$N51),WEEKDAY(AB$5,2)<6,COUNTIF(휴일!$A$2:$A$2,AB$5)=0),2,IF(AND(ISNUMBER($K51),AB$5>=$K51,AB$5<=$L51,WEEKDAY(AB$5,2)<6,COUNTIF(휴일!$A$2:$A$2,AB$5)=0),1,"")) | AC51: =IF(AND(ISNUMBER($M51),AC$5>=$M51,AC$5<=IF($N51="",$L$1,$N51),WEEKDAY(AC$5,2)<6,COUNTIF(휴일!$A$2:$A$2,AC$5)=0),2,IF(AND(ISNUMBER($K51),AC$5>=$K51,AC$5<=$L51,WEEKDAY(AC$5,2)<6,COUNTIF(휴일!$A$2:$A$2,AC$5)=0),1,"")) -> 2 | AD51: =IF(AND(ISNUMBER($M51),AD$5>=$M51,AD$5<=IF($N51="",$L$1,$N51),WEEKDAY(AD$5,2)<6,COUNTIF(휴일!$A$2:$A$2,AD$5)=0),2,IF(AND(ISNUMBER($K51),AD$5>=$K51,AD$5<=$L51,WEEKDAY(AD$5,2)<6,COUNTIF(휴일!$A$2:$A$2,AD$5)=0),1,"")) | AE51: =IF(AND(ISNUMBER($M51),AE$5>=$M51,AE$5<=IF($N51="",$L$1,$N51),WEEKDAY(AE$5,2)<6,COUNTIF(휴일!$A$2:$A$2,AE$5)=0),2,IF(AND(ISNUMBER($K51),AE$5>=$K51,AE$5<=$L51,WEEKDAY(AE$5,2)<6,COUNTIF(휴일!$A$2:$A$2,AE$5)=0),1,"")) | AF51: 완료
F52: 4.13 최신순 로그 패널·갱신 구현 | H52: 권오민 | I52: 김찬중 | J52: FR-11/25 최신 기록 위쪽, 패널 중 이동·타이머 계속 | K52: 46307 | L52: 46307 | M52: 46307 | N52: 46307 | O52: =IF(OR(K52="",L52=""),"",IF(L52<K52,"날짜 확인",NETWORKDAYS(K52,L52,휴일!$A$2:$A$2))) -> 1 | P52: =IF(OR(M52="",N52=""),"",IF(N52<M52,"날짜 확인",NETWORKDAYS(M52,N52,휴일!$A$2:$A$2))) -> 1 | Q52: =IF(O52="","",IF($L$1<K52,0,NETWORKDAYS(K52,MIN($L$1,L52),휴일!$A$2:$A$2))) -> 1 | R52: =IF(M52="","",IF($L$1<M52,0,NETWORKDAYS(M52,IF(N52="",$L$1,MIN($L$1,N52)),휴일!$A$2:$A$2))) -> 1 | S52: =IF(O52="","",IF(O52=0,0,Q52/O52)) -> 1 | T52: =IF(OR(AND(AG52<>"",OR(NOT(ISNUMBER(AG52)),AG52<=0)),AND(AH52<>"",OR(NOT(ISNUMBER(AH52)),AH52<0)),AND(ISNUMBER(AG52),ISNUMBER(AH52),AH52>AG52)),"수량 확인",IF(AF52="완료",1,IF(AF52="미착수",0,IF(AND(ISNUMBER(AG52),ISNUMBER(AH52)),AH52/AG52,"")))) -> 1 | U52: =IF(T52="","",T52) -> 1 | V52: =IF(OR(U52="",S52=""),"",U52-S52) -> 0 | W52: =IF(AND(ISNUMBER($M52),W$5>=$M52,W$5<=IF($N52="",$L$1,$N52),WEEKDAY(W$5,2)<6,COUNTIF(휴일!$A$2:$A$2,W$5)=0),2,IF(AND(ISNUMBER($K52),W$5>=$K52,W$5<=$L52,WEEKDAY(W$5,2)<6,COUNTIF(휴일!$A$2:$A$2,W$5)=0),1,"")) | X52: =IF(AND(ISNUMBER($M52),X$5>=$M52,X$5<=IF($N52="",$L$1,$N52),WEEKDAY(X$5,2)<6,COUNTIF(휴일!$A$2:$A$2,X$5)=0),2,IF(AND(ISNUMBER($K52),X$5>=$K52,X$5<=$L52,WEEKDAY(X$5,2)<6,COUNTIF(휴일!$A$2:$A$2,X$5)=0),1,"")) | Y52: =IF(AND(ISNUMBER($M52),Y$5>=$M52,Y$5<=IF($N52="",$L$1,$N52),WEEKDAY(Y$5,2)<6,COUNTIF(휴일!$A$2:$A$2,Y$5)=0),2,IF(AND(ISNUMBER($K52),Y$5>=$K52,Y$5<=$L52,WEEKDAY(Y$5,2)<6,COUNTIF(휴일!$A$2:$A$2,Y$5)=0),1,"")) | Z52: =IF(AND(ISNUMBER($M52),Z$5>=$M52,Z$5<=IF($N52="",$L$1,$N52),WEEKDAY(Z$5,2)<6,COUNTIF(휴일!$A$2:$A$2,Z$5)=0),2,IF(AND(ISNUMBER($K52),Z$5>=$K52,Z$5<=$L52,WEEKDAY(Z$5,2)<6,COUNTIF(휴일!$A$2:$A$2,Z$5)=0),1,"")) | AA52: =IF(AND(ISNUMBER($M52),AA$5>=$M52,AA$5<=IF($N52="",$L$1,$N52),WEEKDAY(AA$5,2)<6,COUNTIF(휴일!$A$2:$A$2,AA$5)=0),2,IF(AND(ISNUMBER($K52),AA$5>=$K52,AA$5<=$L52,WEEKDAY(AA$5,2)<6,COUNTIF(휴일!$A$2:$A$2,AA$5)=0),1,"")) | AB52: =IF(AND(ISNUMBER($M52),AB$5>=$M52,AB$5<=IF($N52="",$L$1,$N52),WEEKDAY(AB$5,2)<6,COUNTIF(휴일!$A$2:$A$2,AB$5)=0),2,IF(AND(ISNUMBER($K52),AB$5>=$K52,AB$5<=$L52,WEEKDAY(AB$5,2)<6,COUNTIF(휴일!$A$2:$A$2,AB$5)=0),1,"")) | AC52: =IF(AND(ISNUMBER($M52),AC$5>=$M52,AC$5<=IF($N52="",$L$1,$N52),WEEKDAY(AC$5,2)<6,COUNTIF(휴일!$A$2:$A$2,AC$5)=0),2,IF(AND(ISNUMBER($K52),AC$5>=$K52,AC$5<=$L52,WEEKDAY(AC$5,2)<6,COUNTIF(휴일!$A$2:$A$2,AC$5)=0),1,"")) -> 2 | AD52: =IF(AND(ISNUMBER($M52),AD$5>=$M52,AD$5<=IF($N52="",$L$1,$N52),WEEKDAY(AD$5,2)<6,COUNTIF(휴일!$A$2:$A$2,AD$5)=0),2,IF(AND(ISNUMBER($K52),AD$5>=$K52,AD$5<=$L52,WEEKDAY(AD$5,2)<6,COUNTIF(휴일!$A$2:$A$2,AD$5)=0),1,"")) | AE52: =IF(AND(ISNUMBER($M52),AE$5>=$M52,AE$5<=IF($N52="",$L$1,$N52),WEEKDAY(AE$5,2)<6,COUNTIF(휴일!$A$2:$A$2,AE$5)=0),2,IF(AND(ISNUMBER($K52),AE$5>=$K52,AE$5<=$L52,WEEKDAY(AE$5,2)<6,COUNTIF(휴일!$A$2:$A$2,AE$5)=0),1,"")) | AF52: 완료
... F60: 4.21 퇴실·재진입 경계 시험 | H60: 김찬중 | I60: 권오민 | J60: FR-04/05 2초·3.5초 재진입 검증 10/13 자동 점검 통과: 2초 재진입 유지, 3.5초 재진입 0.52초에 100% (TC-05/06/07) | K60: 46307 | L60: 46307 | M60: 46308 | N60: 46308 | O60: =IF(OR(K60="",L60=""),"",IF(L60<K60,"날짜 확인",NETWORKDAYS(K60,L60,휴일!$A$2:$A$2))) -> 1 | P60: =IF(OR(M60="",N60=""),"",IF(N60<M60,"날짜 확인",NETWORKDAYS(M60,N60,휴일!$A$2:$A$2))) -> 1 | Q60: =IF(O60="","",IF($L$1<K60,0,NETWORKDAYS(K60,MIN($L$1,L60),휴일!$A$2:$A$2))) -> 1 | R60: =IF(M60="","",IF($L$1<M60,0,NETWORKDAYS(M60,IF(N60="",$L$1,MIN($L$1,N60)),휴일!$A$2:$A$2))) -> 1 | S60: =IF(O60="","",IF(O60=0,0,Q60/O60)) -> 1 | T60: =IF(OR(AND(AG60<>"",OR(NOT(ISNUMBER(AG60)),AG60<=0)),AND(AH60<>"",OR(NOT(ISNUMBER(AH60)),AH60<0)),AND(ISNUMBER(AG60),ISNUMBER(AH60),AH60>AG60)),"수량 확인",IF(AF60="완료",1,IF(AF60="미착수",0,IF(AND(ISNUMBER(AG60),ISNUMBER(AH60)),AH60/AG60,"")))) -> 1 | U60: =IF(T60="","",T60) -> 1 | V60: =IF(OR(U60="",S60=""),"",U60-S60) -> 0 | W60: =IF(AND(ISNUMBER($M60),W$5>=$M60,W$5<=IF($N60="",$L$1,$N60),WEEKDAY(W$5,2)<6,COUNTIF(휴일!$A$2:$A$2,W$5)=0),2,IF(AND(ISNUMBER($K60),W$5>=$K60,W$5<=$L60,WEEKDAY(W$5,2)<6,COUNTIF(휴일!$A$2:$A$2,W$5)=0),1,"")) | X60: =IF(AND(ISNUMBER($M60),X$5>=$M60,X$5<=IF($N60="",$L$1,$N60),WEEKDAY(X$5,2)<6,COUNTIF(휴일!$A$2:$A$2,X$5)=0),2,IF(AND(ISNUMBER($K60),X$5>=$K60,X$5<=$L60,WEEKDAY(X$5,2)<6,COUNTIF(휴일!$A$2:$A$2,X$5)=0),1,"")) | Y60: =IF(AND(ISNUMBER($M60),Y$5>=$M60,Y$5<=IF($N60="",$L$1,$N60),WEEKDAY(Y$5,2)<6,COUNTIF(휴일!$A$2:$A$2,Y$5)=0),2,IF(AND(ISNUMBER($K60),Y$5>=$K60,Y$5<=$L60,WEEKDAY(Y$5,2)<6,COUNTIF(휴일!$A$2:$A$2,Y$5)=0),1,"")) | Z60: =IF(AND(ISNUMBER($M60),Z$5>=$M60,Z$5<=IF($N60="",$L$1,$N60),WEEKDAY(Z$5,2)<6,COUNTIF(휴일!$A$2:$A$2,Z$5)=0),2,IF(AND(ISNUMBER($K60),Z$5>=$K60,Z$5<=$L60,WEEKDAY(Z$5,2)<6,COUNTIF(휴일!$A$2:$A$2,Z$5)=0),1,"")) | AA60: =IF(AND(ISNUMBER($M60),AA$5>=$M60,AA$5<=IF($N60="",$L$1,$N60),WEEKDAY(AA$5,2)<6,COUNTIF(휴일!$A$2:$A$2,AA$5)=0),2,IF(AND(ISNUMBER($K60),AA$5>=$K60,AA$5<=$L60,WEEKDAY(AA$5,2)<6,COUNTIF(휴일!$A$2:$A$2,AA$5)=0),1,"")) | AB60: =IF(AND(ISNUMBER($M60),AB$5>=$M60,AB$5<=IF($N60="",$L$1,$N60),WEEKDAY(AB$5,2)<6,COUNTIF(휴일!$A$2:$A$2,AB$5)=0),2,IF(AND(ISNUMBER($K60),AB$5>=$K60,AB$5<=$L60,WEEKDAY(AB$5,2)<6,COUNTIF(휴일!$A$2:$A$2,AB$5)=0),1,"")) | AC60: =IF(AND(ISNUMBER($M60),AC$5>=$M60,AC$5<=IF($N60="",$L$1,$N60),WEEKDAY(AC$5,2)<6,COUNTIF(휴일!$A$2:$A$2,AC$5)=0),2,IF(AND(ISNUMBER($K60),AC$5>=$K60,AC$5<=$L60,WEEKDAY(AC$5,2)<6,COUNTIF(휴일!$A$2:$A$2,AC$5)=0),1,"")) -> 1 | AD60: =IF(AND(ISNUMBER($M60),AD$5>=$M60,AD$5<=IF($N60="",$L$1,$N60),WEEKDAY(AD$5,2)<6,COUNTIF(휴일!$A$2:$A$2,AD$5)=0),2,IF(AND(ISNUMBER($K60),AD$5>=$K60,AD$5<=$L60,WEEKDAY(AD$5,2)<6,COUNTIF(휴일!$A$2:$A$2,AD$5)=0),1,"")) -> 2 | AE60: =IF(AND(ISNUMBER($M60),AE$5>=$M60,AE$5<=IF($N60="",$L$1,$N60),WEEKDAY(AE$5,2)<6,COUNTIF(휴일!$A$2:$A$2,AE$5)=0),2,IF(AND(ISNUMBER($K60),AE$5>=$K60,AE$5<=$L60,WEEKDAY(AE$5,2)<6,COUNTIF(휴일!$A$2:$A$2,AE$5)=0),1,"")) | AF60: 완료
F61: 4.22 필수 기능 전체 시나리오 점검 | H61: 권오민 | I61: 김찬중 | J61: Must 전체 Must 13개 실행 증거 확보, 실패 항목 등록 | K61: 46307 | L61: 46307 | M61: 46307 | O61: =IF(OR(K61="",L61=""),"",IF(L61<K61,"날짜 확인",NETWORKDAYS(K61,L61,휴일!$A$2:$A$2))) -> 1 | P61: =IF(OR(M61="",N61=""),"",IF(N61<M61,"날짜 확인",NETWORKDAYS(M61,N61,휴일!$A$2:$A$2))) | Q61: =IF(O61="","",IF($L$1<K61,0,NETWORKDAYS(K61,MIN($L$1,L61),휴일!$A$2:$A$2))) -> 1 | R61: =IF(M61="","",IF($L$1<M61,0,NETWORKDAYS(M61,IF(N61="",$L$1,MIN($L$1,N61)),휴일!$A$2:$A$2))) -> 2 | S61: =IF(O61="","",IF(O61=0,0,Q61/O61)) -> 1 | T61: =IF(OR(AND(AG61<>"",OR(NOT(ISNUMBER(AG61)),AG61<=0)),AND(AH61<>"",OR(NOT(ISNUMBER(AH61)),AH61<0)),AND(ISNUMBER(AG61),ISNUMBER(AH61),AH61>AG61)),"수량 확인",IF(AF61="완료",1,IF(AF61="미착수",0,IF(AND(ISNUMBER(AG61),ISNUMBER(AH61)),AH61/AG61,"")))) -> 0.33333333 | U61: =IF(T61="","",T61) -> 0.33333333 | V61: =IF(OR(U61="",S61=""),"",U61-S61) -> -0.66666667 | W61: =IF(AND(ISNUMBER($M61),W$5>=$M61,W$5<=IF($N61="",$L$1,$N61),WEEKDAY(W$5,2)<6,COUNTIF(휴일!$A$2:$A$2,W$5)=0),2,IF(AND(ISNUMBER($K61),W$5>=$K61,W$5<=$L61,WEEKDAY(W$5,2)<6,COUNTIF(휴일!$A$2:$A$2,W$5)=0),1,"")) | X61: =IF(AND(ISNUMBER($M61),X$5>=$M61,X$5<=IF($N61="",$L$1,$N61),WEEKDAY(X$5,2)<6,COUNTIF(휴일!$A$2:$A$2,X$5)=0),2,IF(AND(ISNUMBER($K61),X$5>=$K61,X$5<=$L61,WEEKDAY(X$5,2)<6,COUNTIF(휴일!$A$2:$A$2,X$5)=0),1,"")) | Y61: =IF(AND(ISNUMBER($M61),Y$5>=$M61,Y$5<=IF($N61="",$L$1,$N61),WEEKDAY(Y$5,2)<6,COUNTIF(휴일!$A$2:$A$2,Y$5)=0),2,IF(AND(ISNUMBER($K61),Y$5>=$K61,Y$5<=$L61,WEEKDAY(Y$5,2)<6,COUNTIF(휴일!$A$2:$A$2,Y$5)=0),1,"")) | Z61: =IF(AND(ISNUMBER($M61),Z$5>=$M61,Z$5<=IF($N61="",$L$1,$N61),WEEKDAY(Z$5,2)<6,COUNTIF(휴일!$A$2:$A$2,Z$5)=0),2,IF(AND(ISNUMBER($K61),Z$5>=$K61,Z$5<=$L61,WEEKDAY(Z$5,2)<6,COUNTIF(휴일!$A$2:$A$2,Z$5)=0),1,"")) | AA61: =IF(AND(ISNUMBER($M61),AA$5>=$M61,AA$5<=IF($N61="",$L$1,$N61),WEEKDAY(AA$5,2)<6,COUNTIF(휴일!$A$2:$A$2,AA$5)=0),2,IF(AND(ISNUMBER($K61),AA$5>=$K61,AA$5<=$L61,WEEKDAY(AA$5,2)<6,COUNTIF(휴일!$A$2:$A$2,AA$5)=0),1,"")) | AB61: =IF(AND(ISNUMBER($M61),AB$5>=$M61,AB$5<=IF($N61="",$L$1,$N61),WEEKDAY(AB$5,2)<6,COUNTIF(휴일!$A$2:$A$2,AB$5)=0),2,IF(AND(ISNUMBER($K61),AB$5>=$K61,AB$5<=$L61,WEEKDAY(AB$5,2)<6,COUNTIF(휴일!$A$2:$A$2,AB$5)=0),1,"")) | AC61: =IF(AND(ISNUMBER($M61),AC$5>=$M61,AC$5<=IF($N61="",$L$1,$N61),WEEKDAY(AC$5,2)<6,COUNTIF(휴일!$A$2:$A$2,AC$5)=0),2,IF(AND(ISNUMBER($K61),AC$5>=$K61,AC$5<=$L61,WEEKDAY(AC$5,2)<6,COUNTIF(휴일!$A$2:$A$2,AC$5)=0),1,"")) -> 2 | AD61: =IF(AND(ISNUMBER($M61),AD$5>=$M61,AD$5<=IF($N61="",$L$1,$N61),WEEKDAY(AD$5,2)<6,COUNTIF(휴일!$A$2:$A$2,AD$5)=0),2,IF(AND(ISNUMBER($K61),AD$5>=$K61,AD$5<=$L61,WEEKDAY(AD$5,2)<6,COUNTIF(휴일!$A$2:$A$2,AD$5)=0),1,"")) -> 2 | AE61: =IF(AND(ISNUMBER($M61),AE$5>=$M61,AE$5<=IF($N61="",$L$1,$N61),WEEKDAY(AE$5,2)<6,COUNTIF(휴일!$A$2:$A$2,AE$5)=0),2,IF(AND(ISNUMBER($K61),AE$5>=$K61,AE$5<=$L61,WEEKDAY(AE$5,2)<6,COUNTIF(휴일!$A$2:$A$2,AE$5)=0),1,"")) | AF61: 검토 중 | AG61: 12 | AH61: 4
F62: 4.23 이벤트·커피·비용 통합 결함 수정 | H62: 김찬중 | I62: 권오민 | J62: Must 전체 MVP를 막는 결함 해결 또는 영향·담당 기록 코드 리뷰 반영 PR #7·#8·#9 머지 (10/12) | K62: 46307 | L62: 46307 | M62: 46307 | N62: 46307 | O62: =IF(OR(K62="",L62=""),"",IF(L62<K62,"날짜 확인",NETWORKDAYS(K62,L62,휴일!$A$2:$A$2))) -> 1 | P62: =IF(OR(M62="",N62=""),"",IF(N62<M62,"날짜 확인",NETWORKDAYS(M62,N62,휴일!$A$2:$A$2))) -> 1 | Q62: =IF(O62="","",IF($L$1<K62,0,NETWORKDAYS(K62,MIN($L$1,L62),휴일!$A$2:$A$2))) -> 1 | R62: =IF(M62="","",IF($L$1<M62,0,NETWORKDAYS(M62,IF(N62="",$L$1,MIN($L$1,N62)),휴일!$A$2:$A$2))) -> 1 | S62: =IF(O62="","",IF(O62=0,0,Q62/O62)) -> 1 | T62: =IF(OR(AND(AG62<>"",OR(NOT(ISNUMBER(AG62)),AG62<=0)),AND(AH62<>"",OR(NOT(ISNUMBER(AH62)),AH62<0)),AND(ISNUMBER(AG62),ISNUMBER(AH62),AH62>AG62)),"수량 확인",IF(AF62="완료",1,IF(AF62="미착수",0,IF(AND(ISNUMBER(AG62),ISNUMBER(AH62)),AH62/AG62,"")))) -> 1 | U62: =IF(T62="","",T62) -> 1 | V62: =IF(OR(U62="",S62=""),"",U62-S62) -> 0 | W62: =IF(AND(ISNUMBER($M62),W$5>=$M62,W$5<=IF($N62="",$L$1,$N62),WEEKDAY(W$5,2)<6,COUNTIF(휴일!$A$2:$A$2,W$5)=0),2,IF(AND(ISNUMBER($K62),W$5>=$K62,W$5<=$L62,WEEKDAY(W$5,2)<6,COUNTIF(휴일!$A$2:$A$2,W$5)=0),1,"")) | X62: =IF(AND(ISNUMBER($M62),X$5>=$M62,X$5<=IF($N62="",$L$1,$N62),WEEKDAY(X$5,2)<6,COUNTIF(휴일!$A$2:$A$2,X$5)=0),2,IF(AND(ISNUMBER($K62),X$5>=$K62,X$5<=$L62,WEEKDAY(X$5,2)<6,COUNTIF(휴일!$A$2:$A$2,X$5)=0),1,"")) | Y62: =IF(AND(ISNUMBER($M62),Y$5>=$M62,Y$5<=IF($N62="",$L$1,$N62),WEEKDAY(Y$5,2)<6,COUNTIF(휴일!$A$2:$A$2,Y$5)=0),2,IF(AND(ISNUMBER($K62),Y$5>=$K62,Y$5<=$L62,WEEKDAY(Y$5,2)<6,COUNTIF(휴일!$A$2:$A$2,Y$5)=0),1,"")) | Z62: =IF(AND(ISNUMBER($M62),Z$5>=$M62,Z$5<=IF($N62="",$L$1,$N62),WEEKDAY(Z$5,2)<6,COUNTIF(휴일!$A$2:$A$2,Z$5)=0),2,IF(AND(ISNUMBER($K62),Z$5>=$K62,Z$5<=$L62,WEEKDAY(Z$5,2)<6,COUNTIF(휴일!$A$2:$A$2,Z$5)=0),1,"")) | AA62: =IF(AND(ISNUMBER($M62),AA$5>=$M62,AA$5<=IF($N62="",$L$1,$N62),WEEKDAY(AA$5,2)<6,COUNTIF(휴일!$A$2:$A$2,AA$5)=0),2,IF(AND(ISNUMBER($K62),AA$5>=$K62,AA$5<=$L62,WEEKDAY(AA$5,2)<6,COUNTIF(휴일!$A$2:$A$2,AA$5)=0),1,"")) | AB62: =IF(AND(ISNUMBER($M62),AB$5>=$M62,AB$5<=IF($N62="",$L$1,$N62),WEEKDAY(AB$5,2)<6,COUNTIF(휴일!$A$2:$A$2,AB$5)=0),2,IF(AND(ISNUMBER($K62),AB$5>=$K62,AB$5<=$L62,WEEKDAY(AB$5,2)<6,COUNTIF(휴일!$A$2:$A$2,AB$5)=0),1,"")) | AC62: =IF(AND(ISNUMBER($M62),AC$5>=$M62,AC$5<=IF($N62="",$L$1,$N62),WEEKDAY(AC$5,2)<6,COUNTIF(휴일!$A$2:$A$2,AC$5)=0),2,IF(AND(ISNUMBER($K62),AC$5>=$K62,AC$5<=$L62,WEEKDAY(AC$5,2)<6,COUNTIF(휴일!$A$2:$A$2,AC$5)=0),1,"")) -> 2 | AD62: =IF(AND(ISNUMBER($M62),AD$5>=$M62,AD$5<=IF($N62="",$L$1,$N62),WEEKDAY(AD$5,2)<6,COUNTIF(휴일!$A$2:$A$2,AD$5)=0),2,IF(AND(ISNUMBER($K62),AD$5>=$K62,AD$5<=$L62,WEEKDAY(AD$5,2)<6,COUNTIF(휴일!$A$2:$A$2,AD$5)=0),1,"")) | AE62: =IF(AND(ISNUMBER($M62),AE$5>=$M62,AE$5<=IF($N62="",$L$1,$N62),WEEKDAY(AE$5,2)<6,COUNTIF(휴일!$A$2:$A$2,AE$5)=0),2,IF(AND(ISNUMBER($K62),AE$5>=$K62,AE$5<=$L62,WEEKDAY(AE$5,2)<6,COUNTIF(휴일!$A$2:$A$2,AE$5)=0),1,"")) | AF62: 완료
F63: 4.24 선택 기능 채택 여부 판단·PR 마감 | H63: 권오민 | I63: 김찬중 | J63: 관리 Should/Could 착수 조건과 동결 전 잔여 시간 확인 | K63: 46307 | L63: 46307 | M63: 46307 | N63: 46307 | O63: =IF(OR(K63="",L63=""),"",IF(L63<K63,"날짜 확인",NETWORKDAYS(K63,L63,휴일!$A$2:$A$2))) -> 1 | P63: =IF(OR(M63="",N63=""),"",IF(N63<M63,"날짜 확인",NETWORKDAYS(M63,N63,휴일!$A$2:$A$2))) -> 1 | Q63: =IF(O63="","",IF($L$1<K63,0,NETWORKDAYS(K63,MIN($L$1,L63),휴일!$A$2:$A$2))) -> 1 | R63: =IF(M63="","",IF($L$1<M63,0,NETWORKDAYS(M63,IF(N63="",$L$1,MIN($L$1,N63)),휴일!$A$2:$A$2))) -> 1 | S63: =IF(O63="","",IF(O63=0,0,Q63/O63)) -> 1 | T63: =IF(OR(AND(AG63<>"",OR(NOT(ISNUMBER(AG63)),AG63<=0)),AND(AH63<>"",OR(NOT(ISNUMBER(AH63)),AH63<0)),AND(ISNUMBER(AG63),ISNUMBER(AH63),AH63>AG63)),"수량 확인",IF(AF63="완료",1,IF(AF63="미착수",0,IF(AND(ISNUMBER(AG63),ISNUMBER(AH63)),AH63/AG63,"")))) -> 1 | U63: =IF(T63="","",T63) -> 1 | V63: =IF(OR(U63="",S63=""),"",U63-S63) -> 0 | W63: =IF(AND(ISNUMBER($M63),W$5>=$M63,W$5<=IF($N63="",$L$1,$N63),WEEKDAY(W$5,2)<6,COUNTIF(휴일!$A$2:$A$2,W$5)=0),2,IF(AND(ISNUMBER($K63),W$5>=$K63,W$5<=$L63,WEEKDAY(W$5,2)<6,COUNTIF(휴일!$A$2:$A$2,W$5)=0),1,"")) | X63: =IF(AND(ISNUMBER($M63),X$5>=$M63,X$5<=IF($N63="",$L$1,$N63),WEEKDAY(X$5,2)<6,COUNTIF(휴일!$A$2:$A$2,X$5)=0),2,IF(AND(ISNUMBER($K63),X$5>=$K63,X$5<=$L63,WEEKDAY(X$5,2)<6,COUNTIF(휴일!$A$2:$A$2,X$5)=0),1,"")) | Y63: =IF(AND(ISNUMBER($M63),Y$5>=$M63,Y$5<=IF($N63="",$L$1,$N63),WEEKDAY(Y$5,2)<6,COUNTIF(휴일!$A$2:$A$2,Y$5)=0),2,IF(AND(ISNUMBER($K63),Y$5>=$K63,Y$5<=$L63,WEEKDAY(Y$5,2)<6,COUNTIF(휴일!$A$2:$A$2,Y$5)=0),1,"")) | Z63: =IF(AND(ISNUMBER($M63),Z$5>=$M63,Z$5<=IF($N63="",$L$1,$N63),WEEKDAY(Z$5,2)<6,COUNTIF(휴일!$A$2:$A$2,Z$5)=0),2,IF(AND(ISNUMBER($K63),Z$5>=$K63,Z$5<=$L63,WEEKDAY(Z$5,2)<6,COUNTIF(휴일!$A$2:$A$2,Z$5)=0),1,"")) | AA63: =IF(AND(ISNUMBER($M63),AA$5>=$M63,AA$5<=IF($N63="",$L$1,$N63),WEEKDAY(AA$5,2)<6,COUNTIF(휴일!$A$2:$A$2,AA$5)=0),2,IF(AND(ISNUMBER($K63),AA$5>=$K63,AA$5<=$L63,WEEKDAY(AA$5,2)<6,COUNTIF(휴일!$A$2:$A$2,AA$5)=0),1,"")) | AB63: =IF(AND(ISNUMBER($M63),AB$5>=$M63,AB$5<=IF($N63="",$L$1,$N63),WEEKDAY(AB$5,2)<6,COUNTIF(휴일!$A$2:$A$2,AB$5)=0),2,IF(AND(ISNUMBER($K63),AB$5>=$K63,AB$5<=$L63,WEEKDAY(AB$5,2)<6,COUNTIF(휴일!$A$2:$A$2,AB$5)=0),1,"")) | AC63: =IF(AND(ISNUMBER($M63),AC$5>=$M63,AC$5<=IF($N63="",$L$1,$N63),WEEKDAY(AC$5,2)<6,COUNTIF(휴일!$A$2:$A$2,AC$5)=0),2,IF(AND(ISNUMBER($K63),AC$5>=$K63,AC$5<=$L63,WEEKDAY(AC$5,2)<6,COUNTIF(휴일!$A$2:$A$2,AC$5)=0),1,"")) -> 2 | AD63: =IF(AND(ISNUMBER($M63),AD$5>=$M63,AD$5<=IF($N63="",$L$1,$N63),WEEKDAY(AD$5,2)<6,COUNTIF(휴일!$A$2:$A$2,AD$5)=0),2,IF(AND(ISNUMBER($K63),AD$5>=$K63,AD$5<=$L63,WEEKDAY(AD$5,2)<6,COUNTIF(휴일!$A$2:$A$2,AD$5)=0),1,"")) | AE63: =IF(AND(ISNUMBER($M63),AE$5>=$M63,AE$5<=IF($N63="",$L$1,$N63),WEEKDAY(AE$5,2)<6,COUNTIF(휴일!$A$2:$A$2,AE$5)=0),2,IF(AND(ISNUMBER($K63),AE$5>=$K63,AE$5<=$L63,WEEKDAY(AE$5,2)<6,COUNTIF(휴일!$A$2:$A$2,AE$5)=0),1,"")) | AF63: 완료
B64: 5 | C64: 0.16528926 | D64: 동결·품질·검증 | F64: 5.01 이동·옵션·UI 회귀와 결함 수정 | H64: 권오민 | I64: 김찬중 | J64: FR-01/02/03/11/29/31/34 필수 사용자 흐름 통과,12:20 이전 종료 | K64: 46308 | L64: 46308 | O64: =IF(OR(K64="",L64=""),"",IF(L64<K64,"날짜 확인",NETWORKDAYS(K64,L64,휴일!$A$2:$A$2))) -> 1 | P64: =IF(OR(M64="",N64=""),"",IF(N64<M64,"날짜 확인",NETWORKDAYS(M64,N64,휴일!$A$2:$A$2))) | Q64: =IF(O64="","",IF($L$1<K64,0,NETWORKDAYS(K64,MIN($L$1,L64),휴일!$A$2:$A$2))) -> 1 | R64: =IF(M64="","",IF($L$1<M64,0,NETWORKDAYS(M64,IF(N64="",$L$1,MIN($L$1,N64)),휴일!$A$2:$A$2))) | S64: =IF(O64="","",IF(O64=0,0,Q64/O64)) -> 1 | T64: =IF(OR(AND(AG64<>"",OR(NOT(ISNUMBER(AG64)),AG64<=0)),AND(AH64<>"",OR(NOT(ISNUMBER(AH64)),AH64<0)),AND(ISNUMBER(AG64),ISNUMBER(AH64),AH64>AG64)),"수량 확인",IF(AF64="완료",1,IF(AF64="미착수",0,IF(AND(ISNUMBER(AG64),ISNUMBER(AH64)),AH64/AG64,"")))) -> 0 | U64: =IF(T64="","",T64) -> 0 | V64: =IF(OR(U64="",S64=""),"",U64-S64) -> -1 | W64: =IF(AND(ISNUMBER($M64),W$5>=$M64,W$5<=IF($N64="",$L$1,$N64),WEEKDAY(W$5,2)<6,COUNTIF(휴일!$A$2:$A$2,W$5)=0),2,IF(AND(ISNUMBER($K64),W$5>=$K64,W$5<=$L64,WEEKDAY(W$5,2)<6,COUNTIF(휴일!$A$2:$A$2,W$5)=0),1,"")) | X64: =IF(AND(ISNUMBER($M64),X$5>=$M64,X$5<=IF($N64="",$L$1,$N64),WEEKDAY(X$5,2)<6,COUNTIF(휴일!$A$2:$A$2,X$5)=0),2,IF(AND(ISNUMBER($K64),X$5>=$K64,X$5<=$L64,WEEKDAY(X$5,2)<6,COUNTIF(휴일!$A$2:$A$2,X$5)=0),1,"")) | Y64: =IF(AND(ISNUMBER($M64),Y$5>=$M64,Y$5<=IF($N64="",$L$1,$N64),WEEKDAY(Y$5,2)<6,COUNTIF(휴일!$A$2:$A$2,Y$5)=0),2,IF(AND(ISNUMBER($K64),Y$5>=$K64,Y$5<=$L64,WEEKDAY(Y$5,2)<6,COUNTIF(휴일!$A$2:$A$2,Y$5)=0),1,"")) | Z64: =IF(AND(ISNUMBER($M64),Z$5>=$M64,Z$5<=IF($N64="",$L$1,$N64),WEEKDAY(Z$5,2)<6,COUNTIF(휴일!$A$2:$A$2,Z$5)=0),2,IF(AND(ISNUMBER($K64),Z$5>=$K64,Z$5<=$L64,WEEKDAY(Z$5,2)<6,COUNTIF(휴일!$A$2:$A$2,Z$5)=0),1,"")) | AA64: =IF(AND(ISNUMBER($M64),AA$5>=$M64,AA$5<=IF($N64="",$L$1,$N64),WEEKDAY(AA$5,2)<6,COUNTIF(휴일!$A$2:$A$2,AA$5)=0),2,IF(AND(ISNUMBER($K64),AA$5>=$K64,AA$5<=$L64,WEEKDAY(AA$5,2)<6,COUNTIF(휴일!$A$2:$A$2,AA$5)=0),1,"")) | AB64: =IF(AND(ISNUMBER($M64),AB$5>=$M64,AB$5<=IF($N64="",$L$1,$N64),WEEKDAY(AB$5,2)<6,COUNTIF(휴일!$A$2:$A$2,AB$5)=0),2,IF(AND(ISNUMBER($K64),AB$5>=$K64,AB$5<=$L64,WEEKDAY(AB$5,2)<6,COUNTIF(휴일!$A$2:$A$2,AB$5)=0),1,"")) | AC64: =IF(AND(ISNUMBER($M64),AC$5>=$M64,AC$5<=IF($N64="",$L$1,$N64),WEEKDAY(AC$5,2)<6,COUNTIF(휴일!$A$2:$A$2,AC$5)=0),2,IF(AND(ISNUMBER($K64),AC$5>=$K64,AC$5<=$L64,WEEKDAY(AC$5,2)<6,COUNTIF(휴일!$A$2:$A$2,AC$5)=0),1,"")) | AD64: =IF(AND(ISNUMBER($M64),AD$5>=$M64,AD$5<=IF($N64="",$L$1,$N64),WEEKDAY(AD$5,2)<6,COUNTIF(휴일!$A$2:$A$2,AD$5)=0),2,IF(AND(ISNUMBER($K64),AD$5>=$K64,AD$5<=$L64,WEEKDAY(AD$5,2)<6,COUNTIF(휴일!$A$2:$A$2,AD$5)=0),1,"")) -> 1 | AE64: =IF(AND(ISNUMBER($M64),AE$5>=$M64,AE$5<=IF($N64="",$L$1,$N64),WEEKDAY(AE$5,2)<6,COUNTIF(휴일!$A$2:$A$2,AE$5)=0),2,IF(AND(ISNUMBER($K64),AE$5>=$K64,AE$5<=$L64,WEEKDAY(AE$5,2)<6,COUNTIF(휴일!$A$2:$A$2,AE$5)=0),1,"")) | AF64: 미착수
F65: 5.02 커피·센서·초기화 회귀와 수정 | H65: 김찬중 | I65: 권오민 | J65: FR-04/05/07/13/15/25/26/30 전체 커피30초 이내,12:20 이전 종료 10/13 QA 자동 점검(Tools → COM → QA 자동 점검) 22/22 통과 | K65: 46308 | L65: 46308 | M65: 46308 | N65: 46308 | O65: =IF(OR(K65="",L65=""),"",IF(L65<K65,"날짜 확인",NETWORKDAYS(K65,L65,휴일!$A$2:$A$2))) -> 1 | P65: =IF(OR(M65="",N65=""),"",IF(N65<M65,"날짜 확인",NETWORKDAYS(M65,N65,휴일!$A$2:$A$2))) -> 1 | Q65: =IF(O65="","",IF($L$1<K65,0,NETWORKDAYS(K65,MIN($L$1,L65),휴일!$A$2:$A$2))) -> 1 | R65: =IF(M65="","",IF($L$1<M65,0,NETWORKDAYS(M65,IF(N65="",$L$1,MIN($L$1,N65)),휴일!$A$2:$A$2))) -> 1 | S65: =IF(O65="","",IF(O65=0,0,Q65/O65)) -> 1 | T65: =IF(OR(AND(AG65<>"",OR(NOT(ISNUMBER(AG65)),AG65<=0)),AND(AH65<>"",OR(NOT(ISNUMBER(AH65)),AH65<0)),AND(ISNUMBER(AG65),ISNUMBER(AH65),AH65>AG65)),"수량 확인",IF(AF65="완료",1,IF(AF65="미착수",0,IF(AND(ISNUMBER(AG65),ISNUMBER(AH65)),AH65/AG65,"")))) -> 1 | U65: =IF(T65="","",T65) -> 1 | V65: =IF(OR(U65="",S65=""),"",U65-S65) -> 0 | W65: =IF(AND(ISNUMBER($M65),W$5>=$M65,W$5<=IF($N65="",$L$1,$N65),WEEKDAY(W$5,2)<6,COUNTIF(휴일!$A$2:$A$2,W$5)=0),2,IF(AND(ISNUMBER($K65),W$5>=$K65,W$5<=$L65,WEEKDAY(W$5,2)<6,COUNTIF(휴일!$A$2:$A$2,W$5)=0),1,"")) | X65: =IF(AND(ISNUMBER($M65),X$5>=$M65,X$5<=IF($N65="",$L$1,$N65),WEEKDAY(X$5,2)<6,COUNTIF(휴일!$A$2:$A$2,X$5)=0),2,IF(AND(ISNUMBER($K65),X$5>=$K65,X$5<=$L65,WEEKDAY(X$5,2)<6,COUNTIF(휴일!$A$2:$A$2,X$5)=0),1,"")) | Y65: =IF(AND(ISNUMBER($M65),Y$5>=$M65,Y$5<=IF($N65="",$L$1,$N65),WEEKDAY(Y$5,2)<6,COUNTIF(휴일!$A$2:$A$2,Y$5)=0),2,IF(AND(ISNUMBER($K65),Y$5>=$K65,Y$5<=$L65,WEEKDAY(Y$5,2)<6,COUNTIF(휴일!$A$2:$A$2,Y$5)=0),1,"")) | Z65: =IF(AND(ISNUMBER($M65),Z$5>=$M65,Z$5<=IF($N65="",$L$1,$N65),WEEKDAY(Z$5,2)<6,COUNTIF(휴일!$A$2:$A$2,Z$5)=0),2,IF(AND(ISNUMBER($K65),Z$5>=$K65,Z$5<=$L65,WEEKDAY(Z$5,2)<6,COUNTIF(휴일!$A$2:$A$2,Z$5)=0),1,"")) | AA65: =IF(AND(ISNUMBER($M65),AA$5>=$M65,AA$5<=IF($N65="",$L$1,$N65),WEEKDAY(AA$5,2)<6,COUNTIF(휴일!$A$2:$A$2,AA$5)=0),2,IF(AND(ISNUMBER($K65),AA$5>=$K65,AA$5<=$L65,WEEKDAY(AA$5,2)<6,COUNTIF(휴일!$A$2:$A$2,AA$5)=0),1,"")) | AB65: =IF(AND(ISNUMBER($M65),AB$5>=$M65,AB$5<=IF($N65="",$L$1,$N65),WEEKDAY(AB$5,2)<6,COUNTIF(휴일!$A$2:$A$2,AB$5)=0),2,IF(AND(ISNUMBER($K65),AB$5>=$K65,AB$5<=$L65,WEEKDAY(AB$5,2)<6,COUNTIF(휴일!$A$2:$A$2,AB$5)=0),1,"")) | AC65: =IF(AND(ISNUMBER($M65),AC$5>=$M65,AC$5<=IF($N65="",$L$1,$N65),WEEKDAY(AC$5,2)<6,COUNTIF(휴일!$A$2:$A$2,AC$5)=0),2,IF(AND(ISNUMBER($K65),AC$5>=$K65,AC$5<=$L65,WEEKDAY(AC$5,2)<6,COUNTIF(휴일!$A$2:$A$2,AC$5)=0),1,"")) | AD65: =IF(AND(ISNUMBER($M65),AD$5>=$M65,AD$5<=IF($N65="",$L$1,$N65),WEEKDAY(AD$5,2)<6,COUNTIF(휴일!$A$2:$A$2,AD$5)=0),2,IF(AND(ISNUMBER($K65),AD$5>=$K65,AD$5<=$L65,WEEKDAY(AD$5,2)<6,COUNTIF(휴일!$A$2:$A$2,AD$5)=0),1,"")) -> 2 | AE65: =IF(AND(ISNUMBER($M65),AE$5>=$M65,AE$5<=IF($N65="",$L$1,$N65),WEEKDAY(AE$5,2)<6,COUNTIF(휴일!$A$2:$A$2,AE$5)=0),2,IF(AND(ISNUMBER($K65),AE$5>=$K65,AE$5<=$L65,WEEKDAY(AE$5,2)<6,COUNTIF(휴일!$A$2:$A$2,AE$5)=0),1,"")) | AF65: 완료
F66: 5.03 12:30 기능 동결·태그 확정 | H66: 권오민 | I66: 김찬중 | J66: 관리 추가 기능 종료, 대상 커밋·잔여 결함 목록 확정 | K66: 46308 | L66: 46308 | O66: =IF(OR(K66="",L66=""),"",IF(L66<K66,"날짜 확인",NETWORKDAYS(K66,L66,휴일!$A$2:$A$2))) -> 1 | P66: =IF(OR(M66="",N66=""),"",IF(N66<M66,"날짜 확인",NETWORKDAYS(M66,N66,휴일!$A$2:$A$2))) | Q66: =IF(O66="","",IF($L$1<K66,0,NETWORKDAYS(K66,MIN($L$1,L66),휴일!$A$2:$A$2))) -> 1 | R66: =IF(M66="","",IF($L$1<M66,0,NETWORKDAYS(M66,IF(N66="",$L$1,MIN($L$1,N66)),휴일!$A$2:$A$2))) | S66: =IF(O66="","",IF(O66=0,0,Q66/O66)) -> 1 | T66: =IF(OR(AND(AG66<>"",OR(NOT(ISNUMBER(AG66)),AG66<=0)),AND(AH66<>"",OR(NOT(ISNUMBER(AH66)),AH66<0)),AND(ISNUMBER(AG66),ISNUMBER(AH66),AH66>AG66)),"수량 확인",IF(AF66="완료",1,IF(AF66="미착수",0,IF(AND(ISNUMBER(AG66),ISNUMBER(AH66)),AH66/AG66,"")))) -> 0 | U66: =IF(T66="","",T66) -> 0 | V66: =IF(OR(U66="",S66=""),"",U66-S66) -> -1 | W66: =IF(AND(ISNUMBER($M66),W$5>=$M66,W$5<=IF($N66="",$L$1,$N66),WEEKDAY(W$5,2)<6,COUNTIF(휴일!$A$2:$A$2,W$5)=0),2,IF(AND(ISNUMBER($K66),W$5>=$K66,W$5<=$L66,WEEKDAY(W$5,2)<6,COUNTIF(휴일!$A$2:$A$2,W$5)=0),1,"")) | X66: =IF(AND(ISNUMBER($M66),X$5>=$M66,X$5<=IF($N66="",$L$1,$N66),WEEKDAY(X$5,2)<6,COUNTIF(휴일!$A$2:$A$2,X$5)=0),2,IF(AND(ISNUMBER($K66),X$5>=$K66,X$5<=$L66,WEEKDAY(X$5,2)<6,COUNTIF(휴일!$A$2:$A$2,X$5)=0),1,"")) | Y66: =IF(AND(ISNUMBER($M66),Y$5>=$M66,Y$5<=IF($N66="",$L$1,$N66),WEEKDAY(Y$5,2)<6,COUNTIF(휴일!$A$2:$A$2,Y$5)=0),2,IF(AND(ISNUMBER($K66),Y$5>=$K66,Y$5<=$L66,WEEKDAY(Y$5,2)<6,COUNTIF(휴일!$A$2:$A$2,Y$5)=0),1,"")) | Z66: =IF(AND(ISNUMBER($M66),Z$5>=$M66,Z$5<=IF($N66="",$L$1,$N66),WEEKDAY(Z$5,2)<6,COUNTIF(휴일!$A$2:$A$2,Z$5)=0),2,IF(AND(ISNUMBER($K66),Z$5>=$K66,Z$5<=$L66,WEEKDAY(Z$5,2)<6,COUNTIF(휴일!$A$2:$A$2,Z$5)=0),1,"")) | AA66: =IF(AND(ISNUMBER($M66),AA$5>=$M66,AA$5<=IF($N66="",$L$1,$N66),WEEKDAY(AA$5,2)<6,COUNTIF(휴일!$A$2:$A$2,AA$5)=0),2,IF(AND(ISNUMBER($K66),AA$5>=$K66,AA$5<=$L66,WEEKDAY(AA$5,2)<6,COUNTIF(휴일!$A$2:$A$2,AA$5)=0),1,"")) | AB66: =IF(AND(ISNUMBER($M66),AB$5>=$M66,AB$5<=IF($N66="",$L$1,$N66),WEEKDAY(AB$5,2)<6,COUNTIF(휴일!$A$2:$A$2,AB$5)=0),2,IF(AND(ISNUMBER($K66),AB$5>=$K66,AB$5<=$L66,WEEKDAY(AB$5,2)<6,COUNTIF(휴일!$A$2:$A$2,AB$5)=0),1,"")) | AC66: =IF(AND(ISNUMBER($M66),AC$5>=$M66,AC$5<=IF($N66="",$L$1,$N66),WEEKDAY(AC$5,2)<6,COUNTIF(휴일!$A$2:$A$2,AC$5)=0),2,IF(AND(ISNUMBER($K66),AC$5>=$K66,AC$5<=$L66,WEEKDAY(AC$5,2)<6,COUNTIF(휴일!$A$2:$A$2,AC$5)=0),1,"")) | AD66: =IF(AND(ISNUMBER($M66),AD$5>=$M66,AD$5<=IF($N66="",$L$1,$N66),WEEKDAY(AD$5,2)<6,COUNTIF(휴일!$A$2:$A$2,AD$5)=0),2,IF(AND(ISNUMBER($K66),AD$5>=$K66,AD$5<=$L66,WEEKDAY(AD$5,2)<6,COUNTIF(휴일!$A$2:$A$2,AD$5)=0),1,"")) -> 1 | AE66: =IF(AND(ISNUMBER($M66),AE$5>=$M66,AE$5<=IF($N66="",$L$1,$N66),WEEKDAY(AE$5,2)<6,COUNTIF(휴일!$A$2:$A$2,AE$5)=0),2,IF(AND(ISNUMBER($K66),AE$5>=$K66,AE$5<=$L66,WEEKDAY(AE$5,2)<6,COUNTIF(휴일!$A$2:$A$2,AE$5)=0),1,"")) | AF66: 미착수
F67: 5.04 간접광 베이크·반사·후처리 정리 | H67: 권오민 | I67: 김찬중 | J67: NFR-10 Baked Indirect·프로브·톤매핑·Bloom·SSAO 확인 | K67: 46308 | L67: 46308 | O67: =IF(OR(K67="",L67=""),"",IF(L67<K67,"날짜 확인",NETWORKDAYS(K67,L67,휴일!$A$2:$A$2))) -> 1 | P67: =IF(OR(M67="",N67=""),"",IF(N67<M67,"날짜 확인",NETWORKDAYS(M67,N67,휴일!$A$2:$A$2))) | Q67: =IF(O67="","",IF($L$1<K67,0,NETWORKDAYS(K67,MIN($L$1,L67),휴일!$A$2:$A$2))) -> 1 | R67: =IF(M67="","",IF($L$1<M67,0,NETWORKDAYS(M67,IF(N67="",$L$1,MIN($L$1,N67)),휴일!$A$2:$A$2))) | S67: =IF(O67="","",IF(O67=0,0,Q67/O67)) -> 1 | T67: =IF(OR(AND(AG67<>"",OR(NOT(ISNUMBER(AG67)),AG67<=0)),AND(AH67<>"",OR(NOT(ISNUMBER(AH67)),AH67<0)),AND(ISNUMBER(AG67),ISNUMBER(AH67),AH67>AG67)),"수량 확인",IF(AF67="완료",1,IF(AF67="미착수",0,IF(AND(ISNUMBER(AG67),ISNUMBER(AH67)),AH67/AG67,"")))) -> 0 | U67: =IF(T67="","",T67) -> 0 | V67: =IF(OR(U67="",S67=""),"",U67-S67) -> -1 | W67: =IF(AND(ISNUMBER($M67),W$5>=$M67,W$5<=IF($N67="",$L$1,$N67),WEEKDAY(W$5,2)<6,COUNTIF(휴일!$A$2:$A$2,W$5)=0),2,IF(AND(ISNUMBER($K67),W$5>=$K67,W$5<=$L67,WEEKDAY(W$5,2)<6,COUNTIF(휴일!$A$2:$A$2,W$5)=0),1,"")) | X67: =IF(AND(ISNUMBER($M67),X$5>=$M67,X$5<=IF($N67="",$L$1,$N67),WEEKDAY(X$5,2)<6,COUNTIF(휴일!$A$2:$A$2,X$5)=0),2,IF(AND(ISNUMBER($K67),X$5>=$K67,X$5<=$L67,WEEKDAY(X$5,2)<6,COUNTIF(휴일!$A$2:$A$2,X$5)=0),1,"")) | Y67: =IF(AND(ISNUMBER($M67),Y$5>=$M67,Y$5<=IF($N67="",$L$1,$N67),WEEKDAY(Y$5,2)<6,COUNTIF(휴일!$A$2:$A$2,Y$5)=0),2,IF(AND(ISNUMBER($K67),Y$5>=$K67,Y$5<=$L67,WEEKDAY(Y$5,2)<6,COUNTIF(휴일!$A$2:$A$2,Y$5)=0),1,"")) | Z67: =IF(AND(ISNUMBER($M67),Z$5>=$M67,Z$5<=IF($N67="",$L$1,$N67),WEEKDAY(Z$5,2)<6,COUNTIF(휴일!$A$2:$A$2,Z$5)=0),2,IF(AND(ISNUMBER($K67),Z$5>=$K67,Z$5<=$L67,WEEKDAY(Z$5,2)<6,COUNTIF(휴일!$A$2:$A$2,Z$5)=0),1,"")) | AA67: =IF(AND(ISNUMBER($M67),AA$5>=$M67,AA$5<=IF($N67="",$L$1,$N67),WEEKDAY(AA$5,2)<6,COUNTIF(휴일!$A$2:$A$2,AA$5)=0),2,IF(AND(ISNUMBER($K67),AA$5>=$K67,AA$5<=$L67,WEEKDAY(AA$5,2)<6,COUNTIF(휴일!$A$2:$A$2,AA$5)=0),1,"")) | AB67: =IF(AND(ISNUMBER($M67),AB$5>=$M67,AB$5<=IF($N67="",$L$1,$N67),WEEKDAY(AB$5,2)<6,COUNTIF(휴일!$A$2:$A$2,AB$5)=0),2,IF(AND(ISNUMBER($K67),AB$5>=$K67,AB$5<=$L67,WEEKDAY(AB$5,2)<6,COUNTIF(휴일!$A$2:$A$2,AB$5)=0),1,"")) | AC67: =IF(AND(ISNUMBER($M67),AC$5>=$M67,AC$5<=IF($N67="",$L$1,$N67),WEEKDAY(AC$5,2)<6,COUNTIF(휴일!$A$2:$A$2,AC$5)=0),2,IF(AND(ISNUMBER($K67),AC$5>=$K67,AC$5<=$L67,WEEKDAY(AC$5,2)<6,COUNTIF(휴일!$A$2:$A$2,AC$5)=0),1,"")) | AD67: =IF(AND(ISNUMBER($M67),AD$5>=$M67,AD$5<=IF($N67="",$L$1,$N67),WEEKDAY(AD$5,2)<6,COUNTIF(휴일!$A$2:$A$2,AD$5)=0),2,IF(AND(ISNUMBER($K67),AD$5>=$K67,AD$5<=$L67,WEEKDAY(AD$5,2)<6,COUNTIF(휴일!$A$2:$A$2,AD$5)=0),1,"")) -> 1 | AE67: =IF(AND(ISNUMBER($M67),AE$5>=$M67,AE$5<=IF($N67="",$L$1,$N67),WEEKDAY(AE$5,2)<6,COUNTIF(휴일!$A$2:$A$2,AE$5)=0),2,IF(AND(ISNUMBER($K67),AE$5>=$K67,AE$5<=$L67,WEEKDAY(AE$5,2)<6,COUNTIF(휴일!$A$2:$A$2,AE$5)=0),1,"")) | AF67: 미착수
F68: 5.05 Profiler 측정·병목 수정 | H68: 김찬중 | I68: 권오민 | J68: NFR-01 1920x1080 Windows 평균60·최저30FPS 목표 확인 | K68: 46308 | L68: 46308 | O68: =IF(OR(K68="",L68=""),"",IF(L68<K68,"날짜 확인",NETWORKDAYS(K68,L68,휴일!$A$2:$A$2))) -> 1 | P68: =IF(OR(M68="",N68=""),"",IF(N68<M68,"날짜 확인",NETWORKDAYS(M68,N68,휴일!$A$2:$A$2))) | Q68: =IF(O68="","",IF($L$1<K68,0,NETWORKDAYS(K68,MIN($L$1,L68),휴일!$A$2:$A$2))) -> 1 | R68: =IF(M68="","",IF($L$1<M68,0,NETWORKDAYS(M68,IF(N68="",$L$1,MIN($L$1,N68)),휴일!$A$2:$A$2))) | S68: =IF(O68="","",IF(O68=0,0,Q68/O68)) -> 1 | T68: =IF(OR(AND(AG68<>"",OR(NOT(ISNUMBER(AG68)),AG68<=0)),AND(AH68<>"",OR(NOT(ISNUMBER(AH68)),AH68<0)),AND(ISNUMBER(AG68),ISNUMBER(AH68),AH68>AG68)),"수량 확인",IF(AF68="완료",1,IF(AF68="미착수",0,IF(AND(ISNUMBER(AG68),ISNUMBER(AH68)),AH68/AG68,"")))) -> 0 | U68: =IF(T68="","",T68) -> 0 | V68: =IF(OR(U68="",S68=""),"",U68-S68) -> -1 | W68: =IF(AND(ISNUMBER($M68),W$5>=$M68,W$5<=IF($N68="",$L$1,$N68),WEEKDAY(W$5,2)<6,COUNTIF(휴일!$A$2:$A$2,W$5)=0),2,IF(AND(ISNUMBER($K68),W$5>=$K68,W$5<=$L68,WEEKDAY(W$5,2)<6,COUNTIF(휴일!$A$2:$A$2,W$5)=0),1,"")) | X68: =IF(AND(ISNUMBER($M68),X$5>=$M68,X$5<=IF($N68="",$L$1,$N68),WEEKDAY(X$5,2)<6,COUNTIF(휴일!$A$2:$A$2,X$5)=0),2,IF(AND(ISNUMBER($K68),X$5>=$K68,X$5<=$L68,WEEKDAY(X$5,2)<6,COUNTIF(휴일!$A$2:$A$2,X$5)=0),1,"")) | Y68: =IF(AND(ISNUMBER($M68),Y$5>=$M68,Y$5<=IF($N68="",$L$1,$N68),WEEKDAY(Y$5,2)<6,COUNTIF(휴일!$A$2:$A$2,Y$5)=0),2,IF(AND(ISNUMBER($K68),Y$5>=$K68,Y$5<=$L68,WEEKDAY(Y$5,2)<6,COUNTIF(휴일!$A$2:$A$2,Y$5)=0),1,"")) | Z68: =IF(AND(ISNUMBER($M68),Z$5>=$M68,Z$5<=IF($N68="",$L$1,$N68),WEEKDAY(Z$5,2)<6,COUNTIF(휴일!$A$2:$A$2,Z$5)=0),2,IF(AND(ISNUMBER($K68),Z$5>=$K68,Z$5<=$L68,WEEKDAY(Z$5,2)<6,COUNTIF(휴일!$A$2:$A$2,Z$5)=0),1,"")) | AA68: =IF(AND(ISNUMBER($M68),AA$5>=$M68,AA$5<=IF($N68="",$L$1,$N68),WEEKDAY(AA$5,2)<6,COUNTIF(휴일!$A$2:$A$2,AA$5)=0),2,IF(AND(ISNUMBER($K68),AA$5>=$K68,AA$5<=$L68,WEEKDAY(AA$5,2)<6,COUNTIF(휴일!$A$2:$A$2,AA$5)=0),1,"")) | AB68: =IF(AND(ISNUMBER($M68),AB$5>=$M68,AB$5<=IF($N68="",$L$1,$N68),WEEKDAY(AB$5,2)<6,COUNTIF(휴일!$A$2:$A$2,AB$5)=0),2,IF(AND(ISNUMBER($K68),AB$5>=$K68,AB$5<=$L68,WEEKDAY(AB$5,2)<6,COUNTIF(휴일!$A$2:$A$2,AB$5)=0),1,"")) | AC68: =IF(AND(ISNUMBER($M68),AC$5>=$M68,AC$5<=IF($N68="",$L$1,$N68),WEEKDAY(AC$5,2)<6,COUNTIF(휴일!$A$2:$A$2,AC$5)=0),2,IF(AND(ISNUMBER($K68),AC$5>=$K68,AC$5<=$L68,WEEKDAY(AC$5,2)<6,COUNTIF(휴일!$A$2:$A$2,AC$5)=0),1,"")) | AD68: =IF(AND(ISNUMBER($M68),AD$5>=$M68,AD$5<=IF($N68="",$L$1,$N68),WEEKDAY(AD$5,2)<6,COUNTIF(휴일!$A$2:$A$2,AD$5)=0),2,IF(AND(ISNUMBER($K68),AD$5>=$K68,AD$5<=$L68,WEEKDAY(AD$5,2)<6,COUNTIF(휴일!$A$2:$A$2,AD$5)=0),1,"")) -> 1 | AE68: =IF(AND(ISNUMBER($M68),AE$5>=$M68,AE$5<=IF($N68="",$L$1,$N68),WEEKDAY(AE$5,2)<6,COUNTIF(휴일!$A$2:$A$2,AE$5)=0),2,IF(AND(ISNUMBER($K68),AE$5>=$K68,AE$5<=$L68,WEEKDAY(AE$5,2)<6,COUNTIF(휴일!$A$2:$A$2,AE$5)=0),1,"")) | AF68: 미착수
F69: 5.06 이벤트 반응 시간 측정 | H69: 김찬중 | I69: 권오민 | J69: NFR-02 입실부터 동작 시작0.5초 이내, 의도된 지연 별도 10/13 방 진입 → 조명 켜기 시작 1ms (TC-38) | K69: 46308 | L69: 46308 | M69: 46308 | N69: 46308 | O69: =IF(OR(K69="",L69=""),"",IF(L69<K69,"날짜 확인",NETWORKDAYS(K69,L69,휴일!$A$2:$A$2))) -> 1 | P69: =IF(OR(M69="",N69=""),"",IF(N69<M69,"날짜 확인",NETWORKDAYS(M69,N69,휴일!$A$2:$A$2))) -> 1 | Q69: =IF(O69="","",IF($L$1<K69,0,NETWORKDAYS(K69,MIN($L$1,L69),휴일!$A$2:$A$2))) -> 1 | R69: =IF(M69="","",IF($L$1<M69,0,NETWORKDAYS(M69,IF(N69="",$L$1,MIN($L$1,N69)),휴일!$A$2:$A$2))) -> 1 | S69: =IF(O69="","",IF(O69=0,0,Q69/O69)) -> 1 | T69: =IF(OR(AND(AG69<>"",OR(NOT(ISNUMBER(AG69)),AG69<=0)),AND(AH69<>"",OR(NOT(ISNUMBER(AH69)),AH69<0)),AND(ISNUMBER(AG69),ISNUMBER(AH69),AH69>AG69)),"수량 확인",IF(AF69="완료",1,IF(AF69="미착수",0,IF(AND(ISNUMBER(AG69),ISNUMBER(AH69)),AH69/AG69,"")))) -> 1 | U69: =IF(T69="","",T69) -> 1 | V69: =IF(OR(U69="",S69=""),"",U69-S69) -> 0 | W69: =IF(AND(ISNUMBER($M69),W$5>=$M69,W$5<=IF($N69="",$L$1,$N69),WEEKDAY(W$5,2)<6,COUNTIF(휴일!$A$2:$A$2,W$5)=0),2,IF(AND(ISNUMBER($K69),W$5>=$K69,W$5<=$L69,WEEKDAY(W$5,2)<6,COUNTIF(휴일!$A$2:$A$2,W$5)=0),1,"")) | X69: =IF(AND(ISNUMBER($M69),X$5>=$M69,X$5<=IF($N69="",$L$1,$N69),WEEKDAY(X$5,2)<6,COUNTIF(휴일!$A$2:$A$2,X$5)=0),2,IF(AND(ISNUMBER($K69),X$5>=$K69,X$5<=$L69,WEEKDAY(X$5,2)<6,COUNTIF(휴일!$A$2:$A$2,X$5)=0),1,"")) | Y69: =IF(AND(ISNUMBER($M69),Y$5>=$M69,Y$5<=IF($N69="",$L$1,$N69),WEEKDAY(Y$5,2)<6,COUNTIF(휴일!$A$2:$A$2,Y$5)=0),2,IF(AND(ISNUMBER($K69),Y$5>=$K69,Y$5<=$L69,WEEKDAY(Y$5,2)<6,COUNTIF(휴일!$A$2:$A$2,Y$5)=0),1,"")) | Z69: =IF(AND(ISNUMBER($M69),Z$5>=$M69,Z$5<=IF($N69="",$L$1,$N69),WEEKDAY(Z$5,2)<6,COUNTIF(휴일!$A$2:$A$2,Z$5)=0),2,IF(AND(ISNUMBER($K69),Z$5>=$K69,Z$5<=$L69,WEEKDAY(Z$5,2)<6,COUNTIF(휴일!$A$2:$A$2,Z$5)=0),1,"")) | AA69: =IF(AND(ISNUMBER($M69),AA$5>=$M69,AA$5<=IF($N69="",$L$1,$N69),WEEKDAY(AA$5,2)<6,COUNTIF(휴일!$A$2:$A$2,AA$5)=0),2,IF(AND(ISNUMBER($K69),AA$5>=$K69,AA$5<=$L69,WEEKDAY(AA$5,2)<6,COUNTIF(휴일!$A$2:$A$2,AA$5)=0),1,"")) | AB69: =IF(AND(ISNUMBER($M69),AB$5>=$M69,AB$5<=IF($N69="",$L$1,$N69),WEEKDAY(AB$5,2)<6,COUNTIF(휴일!$A$2:$A$2,AB$5)=0),2,IF(AND(ISNUMBER($K69),AB$5>=$K69,AB$5<=$L69,WEEKDAY(AB$5,2)<6,COUNTIF(휴일!$A$2:$A$2,AB$5)=0),1,"")) | AC69: =IF(AND(ISNUMBER($M69),AC$5>=$M69,AC$5<=IF($N69="",$L$1,$N69),WEEKDAY(AC$5,2)<6,COUNTIF(휴일!$A$2:$A$2,AC$5)=0),2,IF(AND(ISNUMBER($K69),AC$5>=$K69,AC$5<=$L69,WEEKDAY(AC$5,2)<6,COUNTIF(휴일!$A$2:$A$2,AC$5)=0),1,"")) | AD69: =IF(AND(ISNUMBER($M69),AD$5>=$M69,AD$5<=IF($N69="",$L$1,$N69),WEEKDAY(AD$5,2)<6,COUNTIF(휴일!$A$2:$A$2,AD$5)=0),2,IF(AND(ISNUMBER($K69),AD$5>=$K69,AD$5<=$L69,WEEKDAY(AD$5,2)<6,COUNTIF(휴일!$A$2:$A$2,AD$5)=0),1,"")) -> 2 | AE69: =IF(AND(ISNUMBER($M69),AE$5>=$M69,AE$5<=IF($N69="",$L$1,$N69),WEEKDAY(AE$5,2)<6,COUNTIF(휴일!$A$2:$A$2,AE$5)=0),2,IF(AND(ISNUMBER($K69),AE$5>=$K69,AE$5<=$L69,WEEKDAY(AE$5,2)<6,COUNTIF(휴일!$A$2:$A$2,AE$5)=0),1,"")) | AF69: 완료
F70: 5.07 데이터 소스·로봇 교체 시험 | H70: 김찬중 | I70: 권오민 | J70: NFR-05/06 소스·로봇 교체 시 소비자 코드 수정 없음 | K70: 46308 | L70: 46308 | O70: =IF(OR(K70="",L70=""),"",IF(L70<K70,"날짜 확인",NETWORKDAYS(K70,L70,휴일!$A$2:$A$2))) -> 1 | P70: =IF(OR(M70="",N70=""),"",IF(N70<M70,"날짜 확인",NETWORKDAYS(M70,N70,휴일!$A$2:$A$2))) | Q70: =IF(O70="","",IF($L$1<K70,0,NETWORKDAYS(K70,MIN($L$1,L70),휴일!$A$2:$A$2))) -> 1 | R70: =IF(M70="","",IF($L$1<M70,0,NETWORKDAYS(M70,IF(N70="",$L$1,MIN($L$1,N70)),휴일!$A$2:$A$2))) | S70: =IF(O70="","",IF(O70=0,0,Q70/O70)) -> 1 | T70: =IF(OR(AND(AG70<>"",OR(NOT(ISNUMBER(AG70)),AG70<=0)),AND(AH70<>"",OR(NOT(ISNUMBER(AH70)),AH70<0)),AND(ISNUMBER(AG70),ISNUMBER(AH70),AH70>AG70)),"수량 확인",IF(AF70="완료",1,IF(AF70="미착수",0,IF(AND(ISNUMBER(AG70),ISNUMBER(AH70)),AH70/AG70,"")))) -> 0 | U70: =IF(T70="","",T70) -> 0 | V70: =IF(OR(U70="",S70=""),"",U70-S70) -> -1 | W70: =IF(AND(ISNUMBER($M70),W$5>=$M70,W$5<=IF($N70="",$L$1,$N70),WEEKDAY(W$5,2)<6,COUNTIF(휴일!$A$2:$A$2,W$5)=0),2,IF(AND(ISNUMBER($K70),W$5>=$K70,W$5<=$L70,WEEKDAY(W$5,2)<6,COUNTIF(휴일!$A$2:$A$2,W$5)=0),1,"")) | X70: =IF(AND(ISNUMBER($M70),X$5>=$M70,X$5<=IF($N70="",$L$1,$N70),WEEKDAY(X$5,2)<6,COUNTIF(휴일!$A$2:$A$2,X$5)=0),2,IF(AND(ISNUMBER($K70),X$5>=$K70,X$5<=$L70,WEEKDAY(X$5,2)<6,COUNTIF(휴일!$A$2:$A$2,X$5)=0),1,"")) | Y70: =IF(AND(ISNUMBER($M70),Y$5>=$M70,Y$5<=IF($N70="",$L$1,$N70),WEEKDAY(Y$5,2)<6,COUNTIF(휴일!$A$2:$A$2,Y$5)=0),2,IF(AND(ISNUMBER($K70),Y$5>=$K70,Y$5<=$L70,WEEKDAY(Y$5,2)<6,COUNTIF(휴일!$A$2:$A$2,Y$5)=0),1,"")) | Z70: =IF(AND(ISNUMBER($M70),Z$5>=$M70,Z$5<=IF($N70="",$L$1,$N70),WEEKDAY(Z$5,2)<6,COUNTIF(휴일!$A$2:$A$2,Z$5)=0),2,IF(AND(ISNUMBER($K70),Z$5>=$K70,Z$5<=$L70,WEEKDAY(Z$5,2)<6,COUNTIF(휴일!$A$2:$A$2,Z$5)=0),1,"")) | AA70: =IF(AND(ISNUMBER($M70),AA$5>=$M70,AA$5<=IF($N70="",$L$1,$N70),WEEKDAY(AA$5,2)<6,COUNTIF(휴일!$A$2:$A$2,AA$5)=0),2,IF(AND(ISNUMBER($K70),AA$5>=$K70,AA$5<=$L70,WEEKDAY(AA$5,2)<6,COUNTIF(휴일!$A$2:$A$2,AA$5)=0),1,"")) | AB70: =IF(AND(ISNUMBER($M70),AB$5>=$M70,AB$5<=IF($N70="",$L$1,$N70),WEEKDAY(AB$5,2)<6,COUNTIF(휴일!$A$2:$A$2,AB$5)=0),2,IF(AND(ISNUMBER($K70),AB$5>=$K70,AB$5<=$L70,WEEKDAY(AB$5,2)<6,COUNTIF(휴일!$A$2:$A$2,AB$5)=0),1,"")) | AC70: =IF(AND(ISNUMBER($M70),AC$5>=$M70,AC$5<=IF($N70="",$L$1,$N70),WEEKDAY(AC$5,2)<6,COUNTIF(휴일!$A$2:$A$2,AC$5)=0),2,IF(AND(ISNUMBER($K70),AC$5>=$K70,AC$5<=$L70,WEEKDAY(AC$5,2)<6,COUNTIF(휴일!$A$2:$A$2,AC$5)=0),1,"")) | AD70: =IF(AND(ISNUMBER($M70),AD$5>=$M70,AD$5<=IF($N70="",$L$1,$N70),WEEKDAY(AD$5,2)<6,COUNTIF(휴일!$A$2:$A$2,AD$5)=0),2,IF(AND(ISNUMBER($K70),AD$5>=$K70,AD$5<=$L70,WEEKDAY(AD$5,2)<6,COUNTIF(휴일!$A$2:$A$2,AD$5)=0),1,"")) -> 1 | AE70: =IF(AND(ISNUMBER($M70),AE$5>=$M70,AE$5<=IF($N70="",$L$1,$N70),WEEKDAY(AE$5,2)<6,COUNTIF(휴일!$A$2:$A$2,AE$5)=0),2,IF(AND(ISNUMBER($K70),AE$5>=$K70,AE$5<=$L70,WEEKDAY(AE$5,2)<6,COUNTIF(휴일!$A$2:$A$2,AE$5)=0),1,"")) | AF70: 미착수
F71: 5.08 3클릭·해상도·문구 점검 | H71: 권오민 | I71: 김찬중 | J71: NFR-07 옵션 변경·커피 실행 각각3클릭 이내 | K71: 46308 | L71: 46308 | O71: =IF(OR(K71="",L71=""),"",IF(L71<K71,"날짜 확인",NETWORKDAYS(K71,L71,휴일!$A$2:$A$2))) -> 1 | P71: =IF(OR(M71="",N71=""),"",IF(N71<M71,"날짜 확인",NETWORKDAYS(M71,N71,휴일!$A$2:$A$2))) | Q71: =IF(O71="","",IF($L$1<K71,0,NETWORKDAYS(K71,MIN($L$1,L71),휴일!$A$2:$A$2))) -> 1 | R71: =IF(M71="","",IF($L$1<M71,0,NETWORKDAYS(M71,IF(N71="",$L$1,MIN($L$1,N71)),휴일!$A$2:$A$2))) | S71: =IF(O71="","",IF(O71=0,0,Q71/O71)) -> 1 | T71: =IF(OR(AND(AG71<>"",OR(NOT(ISNUMBER(AG71)),AG71<=0)),AND(AH71<>"",OR(NOT(ISNUMBER(AH71)),AH71<0)),AND(ISNUMBER(AG71),ISNUMBER(AH71),AH71>AG71)),"수량 확인",IF(AF71="완료",1,IF(AF71="미착수",0,IF(AND(ISNUMBER(AG71),ISNUMBER(AH71)),AH71/AG71,"")))) -> 0 | U71: =IF(T71="","",T71) -> 0 | V71: =IF(OR(U71="",S71=""),"",U71-S71) -> -1 | W71: =IF(AND(ISNUMBER($M71),W$5>=$M71,W$5<=IF($N71="",$L$1,$N71),WEEKDAY(W$5,2)<6,COUNTIF(휴일!$A$2:$A$2,W$5)=0),2,IF(AND(ISNUMBER($K71),W$5>=$K71,W$5<=$L71,WEEKDAY(W$5,2)<6,COUNTIF(휴일!$A$2:$A$2,W$5)=0),1,"")) | X71: =IF(AND(ISNUMBER($M71),X$5>=$M71,X$5<=IF($N71="",$L$1,$N71),WEEKDAY(X$5,2)<6,COUNTIF(휴일!$A$2:$A$2,X$5)=0),2,IF(AND(ISNUMBER($K71),X$5>=$K71,X$5<=$L71,WEEKDAY(X$5,2)<6,COUNTIF(휴일!$A$2:$A$2,X$5)=0),1,"")) | Y71: =IF(AND(ISNUMBER($M71),Y$5>=$M71,Y$5<=IF($N71="",$L$1,$N71),WEEKDAY(Y$5,2)<6,COUNTIF(휴일!$A$2:$A$2,Y$5)=0),2,IF(AND(ISNUMBER($K71),Y$5>=$K71,Y$5<=$L71,WEEKDAY(Y$5,2)<6,COUNTIF(휴일!$A$2:$A$2,Y$5)=0),1,"")) | Z71: =IF(AND(ISNUMBER($M71),Z$5>=$M71,Z$5<=IF($N71="",$L$1,$N71),WEEKDAY(Z$5,2)<6,COUNTIF(휴일!$A$2:$A$2,Z$5)=0),2,IF(AND(ISNUMBER($K71),Z$5>=$K71,Z$5<=$L71,WEEKDAY(Z$5,2)<6,COUNTIF(휴일!$A$2:$A$2,Z$5)=0),1,"")) | AA71: =IF(AND(ISNUMBER($M71),AA$5>=$M71,AA$5<=IF($N71="",$L$1,$N71),WEEKDAY(AA$5,2)<6,COUNTIF(휴일!$A$2:$A$2,AA$5)=0),2,IF(AND(ISNUMBER($K71),AA$5>=$K71,AA$5<=$L71,WEEKDAY(AA$5,2)<6,COUNTIF(휴일!$A$2:$A$2,AA$5)=0),1,"")) | AB71: =IF(AND(ISNUMBER($M71),AB$5>=$M71,AB$5<=IF($N71="",$L$1,$N71),WEEKDAY(AB$5,2)<6,COUNTIF(휴일!$A$2:$A$2,AB$5)=0),2,IF(AND(ISNUMBER($K71),AB$5>=$K71,AB$5<=$L71,WEEKDAY(AB$5,2)<6,COUNTIF(휴일!$A$2:$A$2,AB$5)=0),1,"")) | AC71: =IF(AND(ISNUMBER($M71),AC$5>=$M71,AC$5<=IF($N71="",$L$1,$N71),WEEKDAY(AC$5,2)<6,COUNTIF(휴일!$A$2:$A$2,AC$5)=0),2,IF(AND(ISNUMBER($K71),AC$5>=$K71,AC$5<=$L71,WEEKDAY(AC$5,2)<6,COUNTIF(휴일!$A$2:$A$2,AC$5)=0),1,"")) | AD71: =IF(AND(ISNUMBER($M71),AD$5>=$M71,AD$5<=IF($N71="",$L$1,$N71),WEEKDAY(AD$5,2)<6,COUNTIF(휴일!$A$2:$A$2,AD$5)=0),2,IF(AND(ISNUMBER($K71),AD$5>=$K71,AD$5<=$L71,WEEKDAY(AD$5,2)<6,COUNTIF(휴일!$A$2:$A$2,AD$5)=0),1,"")) -> 1 | AE71: =IF(AND(ISNUMBER($M71),AE$5>=$M71,AE$5<=IF($N71="",$L$1,$N71),WEEKDAY(AE$5,2)<6,COUNTIF(휴일!$A$2:$A$2,AE$5)=0),2,IF(AND(ISNUMBER($K71),AE$5>=$K71,AE$5<=$L71,WEEKDAY(AE$5,2)<6,COUNTIF(휴일!$A$2:$A$2,AE$5)=0),1,"")) | AF71: 미착수
F72: 5.09 Windows 1차 빌드·실행 확인 | H72: 김찬중 | I72: 권오민 | J72: NFR-08 플레이어 빌드 실행, 누락 리소스·예외 없음 | K72: 46308 | L72: 46308 | O72: =IF(OR(K72="",L72=""),"",IF(L72<K72,"날짜 확인",NETWORKDAYS(K72,L72,휴일!$A$2:$A$2))) -> 1 | P72: =IF(OR(M72="",N72=""),"",IF(N72<M72,"날짜 확인",NETWORKDAYS(M72,N72,휴일!$A$2:$A$2))) | Q72: =IF(O72="","",IF($L$1<K72,0,NETWORKDAYS(K72,MIN($L$1,L72),휴일!$A$2:$A$2))) -> 1 | R72: =IF(M72="","",IF($L$1<M72,0,NETWORKDAYS(M72,IF(N72="",$L$1,MIN($L$1,N72)),휴일!$A$2:$A$2))) | S72: =IF(O72="","",IF(O72=0,0,Q72/O72)) -> 1 | T72: =IF(OR(AND(AG72<>"",OR(NOT(ISNUMBER(AG72)),AG72<=0)),AND(AH72<>"",OR(NOT(ISNUMBER(AH72)),AH72<0)),AND(ISNUMBER(AG72),ISNUMBER(AH72),AH72>AG72)),"수량 확인",IF(AF72="완료",1,IF(AF72="미착수",0,IF(AND(ISNUMBER(AG72),ISNUMBER(AH72)),AH72/AG72,"")))) -> 0 | U72: =IF(T72="","",T72) -> 0 | V72: =IF(OR(U72="",S72=""),"",U72-S72) -> -1 | W72: =IF(AND(ISNUMBER($M72),W$5>=$M72,W$5<=IF($N72="",$L$1,$N72),WEEKDAY(W$5,2)<6,COUNTIF(휴일!$A$2:$A$2,W$5)=0),2,IF(AND(ISNUMBER($K72),W$5>=$K72,W$5<=$L72,WEEKDAY(W$5,2)<6,COUNTIF(휴일!$A$2:$A$2,W$5)=0),1,"")) | X72: =IF(AND(ISNUMBER($M72),X$5>=$M72,X$5<=IF($N72="",$L$1,$N72),WEEKDAY(X$5,2)<6,COUNTIF(휴일!$A$2:$A$2,X$5)=0),2,IF(AND(ISNUMBER($K72),X$5>=$K72,X$5<=$L72,WEEKDAY(X$5,2)<6,COUNTIF(휴일!$A$2:$A$2,X$5)=0),1,"")) | Y72: =IF(AND(ISNUMBER($M72),Y$5>=$M72,Y$5<=IF($N72="",$L$1,$N72),WEEKDAY(Y$5,2)<6,COUNTIF(휴일!$A$2:$A$2,Y$5)=0),2,IF(AND(ISNUMBER($K72),Y$5>=$K72,Y$5<=$L72,WEEKDAY(Y$5,2)<6,COUNTIF(휴일!$A$2:$A$2,Y$5)=0),1,"")) | Z72: =IF(AND(ISNUMBER($M72),Z$5>=$M72,Z$5<=IF($N72="",$L$1,$N72),WEEKDAY(Z$5,2)<6,COUNTIF(휴일!$A$2:$A$2,Z$5)=0),2,IF(AND(ISNUMBER($K72),Z$5>=$K72,Z$5<=$L72,WEEKDAY(Z$5,2)<6,COUNTIF(휴일!$A$2:$A$2,Z$5)=0),1,"")) | AA72: =IF(AND(ISNUMBER($M72),AA$5>=$M72,AA$5<=IF($N72="",$L$1,$N72),WEEKDAY(AA$5,2)<6,COUNTIF(휴일!$A$2:$A$2,AA$5)=0),2,IF(AND(ISNUMBER($K72),AA$5>=$K72,AA$5<=$L72,WEEKDAY(AA$5,2)<6,COUNTIF(휴일!$A$2:$A$2,AA$5)=0),1,"")) | AB72: =IF(AND(ISNUMBER($M72),AB$5>=$M72,AB$5<=IF($N72="",$L$1,$N72),WEEKDAY(AB$5,2)<6,COUNTIF(휴일!$A$2:$A$2,AB$5)=0),2,IF(AND(ISNUMBER($K72),AB$5>=$K72,AB$5<=$L72,WEEKDAY(AB$5,2)<6,COUNTIF(휴일!$A$2:$A$2,AB$5)=0),1,"")) | AC72: =IF(AND(ISNUMBER($M72),AC$5>=$M72,AC$5<=IF($N72="",$L$1,$N72),WEEKDAY(AC$5,2)<6,COUNTIF(휴일!$A$2:$A$2,AC$5)=0),2,IF(AND(ISNUMBER($K72),AC$5>=$K72,AC$5<=$L72,WEEKDAY(AC$5,2)<6,COUNTIF(휴일!$A$2:$A$2,AC$5)=0),1,"")) | AD72: =IF(AND(ISNUMBER($M72),AD$5>=$M72,AD$5<=IF($N72="",$L$1,$N72),WEEKDAY(AD$5,2)<6,COUNTIF(휴일!$A$2:$A$2,AD$5)=0),2,IF(AND(ISNUMBER($K72),AD$5>=$K72,AD$5<=$L72,WEEKDAY(AD$5,2)<6,COUNTIF(휴일!$A$2:$A$2,AD$5)=0),1,"")) -> 1 | AE72: =IF(AND(ISNUMBER($M72),AE$5>=$M72,AE$5<=IF($N72="",$L$1,$N72),WEEKDAY(AE$5,2)<6,COUNTIF(휴일!$A$2:$A$2,AE$5)=0),2,IF(AND(ISNUMBER($K72),AE$5>=$K72,AE$5<=$L72,WEEKDAY(AE$5,2)<6,COUNTIF(휴일!$A$2:$A$2,AE$5)=0),1,"")) | AF72: 미착수
F73: 5.10 1차 전체 TC 수행·증거 수집 | H73: 권오민 | I73: 김찬중 | J73: 검증표 검증표 결과와 화면·로그 경로 입력 | K73: 46308 | L73: 46308 | O73: =IF(OR(K73="",L73=""),"",IF(L73<K73,"날짜 확인",NETWORKDAYS(K73,L73,휴일!$A$2:$A$2))) -> 1 | P73: =IF(OR(M73="",N73=""),"",IF(N73<M73,"날짜 확인",NETWORKDAYS(M73,N73,휴일!$A$2:$A$2))) | Q73: =IF(O73="","",IF($L$1<K73,0,NETWORKDAYS(K73,MIN($L$1,L73),휴일!$A$2:$A$2))) -> 1 | R73: =IF(M73="","",IF($L$1<M73,0,NETWORKDAYS(M73,IF(N73="",$L$1,MIN($L$1,N73)),휴일!$A$2:$A$2))) | S73: =IF(O73="","",IF(O73=0,0,Q73/O73)) -> 1 | T73: =IF(OR(AND(AG73<>"",OR(NOT(ISNUMBER(AG73)),AG73<=0)),AND(AH73<>"",OR(NOT(ISNUMBER(AH73)),AH73<0)),AND(ISNUMBER(AG73),ISNUMBER(AH73),AH73>AG73)),"수량 확인",IF(AF73="완료",1,IF(AF73="미착수",0,IF(AND(ISNUMBER(AG73),ISNUMBER(AH73)),AH73/AG73,"")))) -> 0 | U73: =IF(T73="","",T73) -> 0 | V73: =IF(OR(U73="",S73=""),"",U73-S73) -> -1 | W73: =IF(AND(ISNUMBER($M73),W$5>=$M73,W$5<=IF($N73="",$L$1,$N73),WEEKDAY(W$5,2)<6,COUNTIF(휴일!$A$2:$A$2,W$5)=0),2,IF(AND(ISNUMBER($K73),W$5>=$K73,W$5<=$L73,WEEKDAY(W$5,2)<6,COUNTIF(휴일!$A$2:$A$2,W$5)=0),1,"")) | X73: =IF(AND(ISNUMBER($M73),X$5>=$M73,X$5<=IF($N73="",$L$1,$N73),WEEKDAY(X$5,2)<6,COUNTIF(휴일!$A$2:$A$2,X$5)=0),2,IF(AND(ISNUMBER($K73),X$5>=$K73,X$5<=$L73,WEEKDAY(X$5,2)<6,COUNTIF(휴일!$A$2:$A$2,X$5)=0),1,"")) | Y73: =IF(AND(ISNUMBER($M73),Y$5>=$M73,Y$5<=IF($N73="",$L$1,$N73),WEEKDAY(Y$5,2)<6,COUNTIF(휴일!$A$2:$A$2,Y$5)=0),2,IF(AND(ISNUMBER($K73),Y$5>=$K73,Y$5<=$L73,WEEKDAY(Y$5,2)<6,COUNTIF(휴일!$A$2:$A$2,Y$5)=0),1,"")) | Z73: =IF(AND(ISNUMBER($M73),Z$5>=$M73,Z$5<=IF($N73="",$L$1,$N73),WEEKDAY(Z$5,2)<6,COUNTIF(휴일!$A$2:$A$2,Z$5)=0),2,IF(AND(ISNUMBER($K73),Z$5>=$K73,Z$5<=$L73,WEEKDAY(Z$5,2)<6,COUNTIF(휴일!$A$2:$A$2,Z$5)=0),1,"")) | AA73: =IF(AND(ISNUMBER($M73),AA$5>=$M73,AA$5<=IF($N73="",$L$1,$N73),WEEKDAY(AA$5,2)<6,COUNTIF(휴일!$A$2:$A$2,AA$5)=0),2,IF(AND(ISNUMBER($K73),AA$5>=$K73,AA$5<=$L73,WEEKDAY(AA$5,2)<6,COUNTIF(휴일!$A$2:$A$2,AA$5)=0),1,"")) | AB73: =IF(AND(ISNUMBER($M73),AB$5>=$M73,AB$5<=IF($N73="",$L$1,$N73),WEEKDAY(AB$5,2)<6,COUNTIF(휴일!$A$2:$A$2,AB$5)=0),2,IF(AND(ISNUMBER($K73),AB$5>=$K73,AB$5<=$L73,WEEKDAY(AB$5,2)<6,COUNTIF(휴일!$A$2:$A$2,AB$5)=0),1,"")) | AC73: =IF(AND(ISNUMBER($M73),AC$5>=$M73,AC$5<=IF($N73="",$L$1,$N73),WEEKDAY(AC$5,2)<6,COUNTIF(휴일!$A$2:$A$2,AC$5)=0),2,IF(AND(ISNUMBER($K73),AC$5>=$K73,AC$5<=$L73,WEEKDAY(AC$5,2)<6,COUNTIF(휴일!$A$2:$A$2,AC$5)=0),1,"")) | AD73: =IF(AND(ISNUMBER($M73),AD$5>=$M73,AD$5<=IF($N73="",$L$1,$N73),WEEKDAY(AD$5,2)<6,COUNTIF(휴일!$A$2:$A$2,AD$5)=0),2,IF(AND(ISNUMBER($K73),AD$5>=$K73,AD$5<=$L73,WEEKDAY(AD$5,2)<6,COUNTIF(휴일!$A$2:$A$2,AD$5)=0),1,"")) -> 1 | AE73: =IF(AND(ISNUMBER($M73),AE$5>=$M73,AE$5<=IF($N73="",$L$1,$N73),WEEKDAY(AE$5,2)<6,COUNTIF(휴일!$A$2:$A$2,AE$5)=0),2,IF(AND(ISNUMBER($K73),AE$5>=$K73,AE$5<=$L73,WEEKDAY(AE$5,2)<6,COUNTIF(휴일!$A$2:$A$2,AE$5)=0),1,"")) | AF73: 미착수
F74: 5.11 1차 결함 재현·수정·재시험 | H74: 김찬중 | I74: 권오민 | J74: 전체 실패 TC마다 수정 커밋·재시험 결과 연결 | K74: 46308 | L74: 46308 | O74: =IF(OR(K74="",L74=""),"",IF(L74<K74,"날짜 확인",NETWORKDAYS(K74,L74,휴일!$A$2:$A$2))) -> 1 | P74: =IF(OR(M74="",N74=""),"",IF(N74<M74,"날짜 확인",NETWORKDAYS(M74,N74,휴일!$A$2:$A$2))) | Q74: =IF(O74="","",IF($L$1<K74,0,NETWORKDAYS(K74,MIN($L$1,L74),휴일!$A$2:$A$2))) -> 1 | R74: =IF(M74="","",IF($L$1<M74,0,NETWORKDAYS(M74,IF(N74="",$L$1,MIN($L$1,N74)),휴일!$A$2:$A$2))) | S74: =IF(O74="","",IF(O74=0,0,Q74/O74)) -> 1 | T74: =IF(OR(AND(AG74<>"",OR(NOT(ISNUMBER(AG74)),AG74<=0)),AND(AH74<>"",OR(NOT(ISNUMBER(AH74)),AH74<0)),AND(ISNUMBER(AG74),ISNUMBER(AH74),AH74>AG74)),"수량 확인",IF(AF74="완료",1,IF(AF74="미착수",0,IF(AND(ISNUMBER(AG74),ISNUMBER(AH74)),AH74/AG74,"")))) -> 0 | U74: =IF(T74="","",T74) -> 0 | V74: =IF(OR(U74="",S74=""),"",U74-S74) -> -1 | W74: =IF(AND(ISNUMBER($M74),W$5>=$M74,W$5<=IF($N74="",$L$1,$N74),WEEKDAY(W$5,2)<6,COUNTIF(휴일!$A$2:$A$2,W$5)=0),2,IF(AND(ISNUMBER($K74),W$5>=$K74,W$5<=$L74,WEEKDAY(W$5,2)<6,COUNTIF(휴일!$A$2:$A$2,W$5)=0),1,"")) | X74: =IF(AND(ISNUMBER($M74),X$5>=$M74,X$5<=IF($N74="",$L$1,$N74),WEEKDAY(X$5,2)<6,COUNTIF(휴일!$A$2:$A$2,X$5)=0),2,IF(AND(ISNUMBER($K74),X$5>=$K74,X$5<=$L74,WEEKDAY(X$5,2)<6,COUNTIF(휴일!$A$2:$A$2,X$5)=0),1,"")) | Y74: =IF(AND(ISNUMBER($M74),Y$5>=$M74,Y$5<=IF($N74="",$L$1,$N74),WEEKDAY(Y$5,2)<6,COUNTIF(휴일!$A$2:$A$2,Y$5)=0),2,IF(AND(ISNUMBER($K74),Y$5>=$K74,Y$5<=$L74,WEEKDAY(Y$5,2)<6,COUNTIF(휴일!$A$2:$A$2,Y$5)=0),1,"")) | Z74: =IF(AND(ISNUMBER($M74),Z$5>=$M74,Z$5<=IF($N74="",$L$1,$N74),WEEKDAY(Z$5,2)<6,COUNTIF(휴일!$A$2:$A$2,Z$5)=0),2,IF(AND(ISNUMBER($K74),Z$5>=$K74,Z$5<=$L74,WEEKDAY(Z$5,2)<6,COUNTIF(휴일!$A$2:$A$2,Z$5)=0),1,"")) | AA74: =IF(AND(ISNUMBER($M74),AA$5>=$M74,AA$5<=IF($N74="",$L$1,$N74),WEEKDAY(AA$5,2)<6,COUNTIF(휴일!$A$2:$A$2,AA$5)=0),2,IF(AND(ISNUMBER($K74),AA$5>=$K74,AA$5<=$L74,WEEKDAY(AA$5,2)<6,COUNTIF(휴일!$A$2:$A$2,AA$5)=0),1,"")) | AB74: =IF(AND(ISNUMBER($M74),AB$5>=$M74,AB$5<=IF($N74="",$L$1,$N74),WEEKDAY(AB$5,2)<6,COUNTIF(휴일!$A$2:$A$2,AB$5)=0),2,IF(AND(ISNUMBER($K74),AB$5>=$K74,AB$5<=$L74,WEEKDAY(AB$5,2)<6,COUNTIF(휴일!$A$2:$A$2,AB$5)=0),1,"")) | AC74: =IF(AND(ISNUMBER($M74),AC$5>=$M74,AC$5<=IF($N74="",$L$1,$N74),WEEKDAY(AC$5,2)<6,COUNTIF(휴일!$A$2:$A$2,AC$5)=0),2,IF(AND(ISNUMBER($K74),AC$5>=$K74,AC$5<=$L74,WEEKDAY(AC$5,2)<6,COUNTIF(휴일!$A$2:$A$2,AC$5)=0),1,"")) | AD74: =IF(AND(ISNUMBER($M74),AD$5>=$M74,AD$5<=IF($N74="",$L$1,$N74),WEEKDAY(AD$5,2)<6,COUNTIF(휴일!$A$2:$A$2,AD$5)=0),2,IF(AND(ISNUMBER($K74),AD$5>=$K74,AD$5<=$L74,WEEKDAY(AD$5,2)<6,COUNTIF(휴일!$A$2:$A$2,AD$5)=0),1,"")) -> 1 | AE74: =IF(AND(ISNUMBER($M74),AE$5>=$M74,AE$5<=IF($N74="",$L$1,$N74),WEEKDAY(AE$5,2)<6,COUNTIF(휴일!$A$2:$A$2,AE$5)=0),2,IF(AND(ISNUMBER($K74),AE$5>=$K74,AE$5<=$L74,WEEKDAY(AE$5,2)<6,COUNTIF(휴일!$A$2:$A$2,AE$5)=0),1,"")) | AF74: 미착수
B75: 6 | C75: 0.18181818 | D75: 빌드·문서·발표 | F75: 6.01 최종 후보 빌드·버전 보관 | H75: 김찬중 | I75: 권오민 | J75: NFR-08 확정 커밋·빌드 버전·실행 파일 보관 | K75: 46309 | L75: 46309 | O75: =IF(OR(K75="",L75=""),"",IF(L75<K75,"날짜 확인",NETWORKDAYS(K75,L75,휴일!$A$2:$A$2))) -> 1 | P75: =IF(OR(M75="",N75=""),"",IF(N75<M75,"날짜 확인",NETWORKDAYS(M75,N75,휴일!$A$2:$A$2))) | Q75: =IF(O75="","",IF($L$1<K75,0,NETWORKDAYS(K75,MIN($L$1,L75),휴일!$A$2:$A$2))) -> 0 | R75: =IF(M75="","",IF($L$1<M75,0,NETWORKDAYS(M75,IF(N75="",$L$1,MIN($L$1,N75)),휴일!$A$2:$A$2))) | S75: =IF(O75="","",IF(O75=0,0,Q75/O75)) -> 0 | T75: =IF(OR(AND(AG75<>"",OR(NOT(ISNUMBER(AG75)),AG75<=0)),AND(AH75<>"",OR(NOT(ISNUMBER(AH75)),AH75<0)),AND(ISNUMBER(AG75),ISNUMBER(AH75),AH75>AG75)),"수량 확인",IF(AF75="완료",1,IF(AF75="미착수",0,IF(AND(ISNUMBER(AG75),ISNUMBER(AH75)),AH75/AG75,"")))) -> 0 | U75: =IF(T75="","",T75) -> 0 | V75: =IF(OR(U75="",S75=""),"",U75-S75) -> 0 | W75: =IF(AND(ISNUMBER($M75),W$5>=$M75,W$5<=IF($N75="",$L$1,$N75),WEEKDAY(W$5,2)<6,COUNTIF(휴일!$A$2:$A$2,W$5)=0),2,IF(AND(ISNUMBER($K75),W$5>=$K75,W$5<=$L75,WEEKDAY(W$5,2)<6,COUNTIF(휴일!$A$2:$A$2,W$5)=0),1,"")) | X75: =IF(AND(ISNUMBER($M75),X$5>=$M75,X$5<=IF($N75="",$L$1,$N75),WEEKDAY(X$5,2)<6,COUNTIF(휴일!$A$2:$A$2,X$5)=0),2,IF(AND(ISNUMBER($K75),X$5>=$K75,X$5<=$L75,WEEKDAY(X$5,2)<6,COUNTIF(휴일!$A$2:$A$2,X$5)=0),1,"")) | Y75: =IF(AND(ISNUMBER($M75),Y$5>=$M75,Y$5<=IF($N75="",$L$1,$N75),WEEKDAY(Y$5,2)<6,COUNTIF(휴일!$A$2:$A$2,Y$5)=0),2,IF(AND(ISNUMBER($K75),Y$5>=$K75,Y$5<=$L75,WEEKDAY(Y$5,2)<6,COUNTIF(휴일!$A$2:$A$2,Y$5)=0),1,"")) | Z75: =IF(AND(ISNUMBER($M75),Z$5>=$M75,Z$5<=IF($N75="",$L$1,$N75),WEEKDAY(Z$5,2)<6,COUNTIF(휴일!$A$2:$A$2,Z$5)=0),2,IF(AND(ISNUMBER($K75),Z$5>=$K75,Z$5<=$L75,WEEKDAY(Z$5,2)<6,COUNTIF(휴일!$A$2:$A$2,Z$5)=0),1,"")) | AA75: =IF(AND(ISNUMBER($M75),AA$5>=$M75,AA$5<=IF($N75="",$L$1,$N75),WEEKDAY(AA$5,2)<6,COUNTIF(휴일!$A$2:$A$2,AA$5)=0),2,IF(AND(ISNUMBER($K75),AA$5>=$K75,AA$5<=$L75,WEEKDAY(AA$5,2)<6,COUNTIF(휴일!$A$2:$A$2,AA$5)=0),1,"")) | AB75: =IF(AND(ISNUMBER($M75),AB$5>=$M75,AB$5<=IF($N75="",$L$1,$N75),WEEKDAY(AB$5,2)<6,COUNTIF(휴일!$A$2:$A$2,AB$5)=0),2,IF(AND(ISNUMBER($K75),AB$5>=$K75,AB$5<=$L75,WEEKDAY(AB$5,2)<6,COUNTIF(휴일!$A$2:$A$2,AB$5)=0),1,"")) | AC75: =IF(AND(ISNUMBER($M75),AC$5>=$M75,AC$5<=IF($N75="",$L$1,$N75),WEEKDAY(AC$5,2)<6,COUNTIF(휴일!$A$2:$A$2,AC$5)=0),2,IF(AND(ISNUMBER($K75),AC$5>=$K75,AC$5<=$L75,WEEKDAY(AC$5,2)<6,COUNTIF(휴일!$A$2:$A$2,AC$5)=0),1,"")) | AD75: =IF(AND(ISNUMBER($M75),AD$5>=$M75,AD$5<=IF($N75="",$L$1,$N75),WEEKDAY(AD$5,2)<6,COUNTIF(휴일!$A$2:$A$2,AD$5)=0),2,IF(AND(ISNUMBER($K75),AD$5>=$K75,AD$5<=$L75,WEEKDAY(AD$5,2)<6,COUNTIF(휴일!$A$2:$A$2,AD$5)=0),1,"")) | AE75: =IF(AND(ISNUMBER($M75),AE$5>=$M75,AE$5<=IF($N75="",$L$1,$N75),WEEKDAY(AE$5,2)<6,COUNTIF(휴일!$A$2:$A$2,AE$5)=0),2,IF(AND(ISNUMBER($K75),AE$5>=$K75,AE$5<=$L75,WEEKDAY(AE$5,2)<6,COUNTIF(휴일!$A$2:$A$2,AE$5)=0),1,"")) -> 1 | AF75: 미착수
F76: 6.02 Windows 10/11 실행 호환 확인 | H76: 김찬중 | I76: 권오민 | J76: NFR-08 두 OS 실제 실행, 미확보 시 미검증 명시 | K76: 46309 | L76: 46309 | O76: =IF(OR(K76="",L76=""),"",IF(L76<K76,"날짜 확인",NETWORKDAYS(K76,L76,휴일!$A$2:$A$2))) -> 1 | P76: =IF(OR(M76="",N76=""),"",IF(N76<M76,"날짜 확인",NETWORKDAYS(M76,N76,휴일!$A$2:$A$2))) | Q76: =IF(O76="","",IF($L$1<K76,0,NETWORKDAYS(K76,MIN($L$1,L76),휴일!$A$2:$A$2))) -> 0 | R76: =IF(M76="","",IF($L$1<M76,0,NETWORKDAYS(M76,IF(N76="",$L$1,MIN($L$1,N76)),휴일!$A$2:$A$2))) | S76: =IF(O76="","",IF(O76=0,0,Q76/O76)) -> 0 | T76: =IF(OR(AND(AG76<>"",OR(NOT(ISNUMBER(AG76)),AG76<=0)),AND(AH76<>"",OR(NOT(ISNUMBER(AH76)),AH76<0)),AND(ISNUMBER(AG76),ISNUMBER(AH76),AH76>AG76)),"수량 확인",IF(AF76="완료",1,IF(AF76="미착수",0,IF(AND(ISNUMBER(AG76),ISNUMBER(AH76)),AH76/AG76,"")))) -> 0 | U76: =IF(T76="","",T76) -> 0 | V76: =IF(OR(U76="",S76=""),"",U76-S76) -> 0 | W76: =IF(AND(ISNUMBER($M76),W$5>=$M76,W$5<=IF($N76="",$L$1,$N76),WEEKDAY(W$5,2)<6,COUNTIF(휴일!$A$2:$A$2,W$5)=0),2,IF(AND(ISNUMBER($K76),W$5>=$K76,W$5<=$L76,WEEKDAY(W$5,2)<6,COUNTIF(휴일!$A$2:$A$2,W$5)=0),1,"")) | X76: =IF(AND(ISNUMBER($M76),X$5>=$M76,X$5<=IF($N76="",$L$1,$N76),WEEKDAY(X$5,2)<6,COUNTIF(휴일!$A$2:$A$2,X$5)=0),2,IF(AND(ISNUMBER($K76),X$5>=$K76,X$5<=$L76,WEEKDAY(X$5,2)<6,COUNTIF(휴일!$A$2:$A$2,X$5)=0),1,"")) | Y76: =IF(AND(ISNUMBER($M76),Y$5>=$M76,Y$5<=IF($N76="",$L$1,$N76),WEEKDAY(Y$5,2)<6,COUNTIF(휴일!$A$2:$A$2,Y$5)=0),2,IF(AND(ISNUMBER($K76),Y$5>=$K76,Y$5<=$L76,WEEKDAY(Y$5,2)<6,COUNTIF(휴일!$A$2:$A$2,Y$5)=0),1,"")) | Z76: =IF(AND(ISNUMBER($M76),Z$5>=$M76,Z$5<=IF($N76="",$L$1,$N76),WEEKDAY(Z$5,2)<6,COUNTIF(휴일!$A$2:$A$2,Z$5)=0),2,IF(AND(ISNUMBER($K76),Z$5>=$K76,Z$5<=$L76,WEEKDAY(Z$5,2)<6,COUNTIF(휴일!$A$2:$A$2,Z$5)=0),1,"")) | AA76: =IF(AND(ISNUMBER($M76),AA$5>=$M76,AA$5<=IF($N76="",$L$1,$N76),WEEKDAY(AA$5,2)<6,COUNTIF(휴일!$A$2:$A$2,AA$5)=0),2,IF(AND(ISNUMBER($K76),AA$5>=$K76,AA$5<=$L76,WEEKDAY(AA$5,2)<6,COUNTIF(휴일!$A$2:$A$2,AA$5)=0),1,"")) | AB76: =IF(AND(ISNUMBER($M76),AB$5>=$M76,AB$5<=IF($N76="",$L$1,$N76),WEEKDAY(AB$5,2)<6,COUNTIF(휴일!$A$2:$A$2,AB$5)=0),2,IF(AND(ISNUMBER($K76),AB$5>=$K76,AB$5<=$L76,WEEKDAY(AB$5,2)<6,COUNTIF(휴일!$A$2:$A$2,AB$5)=0),1,"")) | AC76: =IF(AND(ISNUMBER($M76),AC$5>=$M76,AC$5<=IF($N76="",$L$1,$N76),WEEKDAY(AC$5,2)<6,COUNTIF(휴일!$A$2:$A$2,AC$5)=0),2,IF(AND(ISNUMBER($K76),AC$5>=$K76,AC$5<=$L76,WEEKDAY(AC$5,2)<6,COUNTIF(휴일!$A$2:$A$2,AC$5)=0),1,"")) | AD76: =IF(AND(ISNUMBER($M76),AD$5>=$M76,AD$5<=IF($N76="",$L$1,$N76),WEEKDAY(AD$5,2)<6,COUNTIF(휴일!$A$2:$A$2,AD$5)=0),2,IF(AND(ISNUMBER($K76),AD$5>=$K76,AD$5<=$L76,WEEKDAY(AD$5,2)<6,COUNTIF(휴일!$A$2:$A$2,AD$5)=0),1,"")) | AE76: =IF(AND(ISNUMBER($M76),AE$5>=$M76,AE$5<=IF($N76="",$L$1,$N76),WEEKDAY(AE$5,2)<6,COUNTIF(휴일!$A$2:$A$2,AE$5)=0),2,IF(AND(ISNUMBER($K76),AE$5>=$K76,AE$5<=$L76,WEEKDAY(AE$5,2)<6,COUNTIF(휴일!$A$2:$A$2,AE$5)=0),1,"")) -> 1 | AF76: 미착수
F77: 6.03 10분 연속 시연·초기화 반복 | H77: 권오민 | I77: 김찬중 | J77: NFR-09,FR-26 강제 종료·중복 실행 없이 반복 동작 | K77: 46309 | L77: 46309 | O77: =IF(OR(K77="",L77=""),"",IF(L77<K77,"날짜 확인",NETWORKDAYS(K77,L77,휴일!$A$2:$A$2))) -> 1 | P77: =IF(OR(M77="",N77=""),"",IF(N77<M77,"날짜 확인",NETWORKDAYS(M77,N77,휴일!$A$2:$A$2))) | Q77: =IF(O77="","",IF($L$1<K77,0,NETWORKDAYS(K77,MIN($L$1,L77),휴일!$A$2:$A$2))) -> 0 | R77: =IF(M77="","",IF($L$1<M77,0,NETWORKDAYS(M77,IF(N77="",$L$1,MIN($L$1,N77)),휴일!$A$2:$A$2))) | S77: =IF(O77="","",IF(O77=0,0,Q77/O77)) -> 0 | T77: =IF(OR(AND(AG77<>"",OR(NOT(ISNUMBER(AG77)),AG77<=0)),AND(AH77<>"",OR(NOT(ISNUMBER(AH77)),AH77<0)),AND(ISNUMBER(AG77),ISNUMBER(AH77),AH77>AG77)),"수량 확인",IF(AF77="완료",1,IF(AF77="미착수",0,IF(AND(ISNUMBER(AG77),ISNUMBER(AH77)),AH77/AG77,"")))) -> 0 | U77: =IF(T77="","",T77) -> 0 | V77: =IF(OR(U77="",S77=""),"",U77-S77) -> 0 | W77: =IF(AND(ISNUMBER($M77),W$5>=$M77,W$5<=IF($N77="",$L$1,$N77),WEEKDAY(W$5,2)<6,COUNTIF(휴일!$A$2:$A$2,W$5)=0),2,IF(AND(ISNUMBER($K77),W$5>=$K77,W$5<=$L77,WEEKDAY(W$5,2)<6,COUNTIF(휴일!$A$2:$A$2,W$5)=0),1,"")) | X77: =IF(AND(ISNUMBER($M77),X$5>=$M77,X$5<=IF($N77="",$L$1,$N77),WEEKDAY(X$5,2)<6,COUNTIF(휴일!$A$2:$A$2,X$5)=0),2,IF(AND(ISNUMBER($K77),X$5>=$K77,X$5<=$L77,WEEKDAY(X$5,2)<6,COUNTIF(휴일!$A$2:$A$2,X$5)=0),1,"")) | Y77: =IF(AND(ISNUMBER($M77),Y$5>=$M77,Y$5<=IF($N77="",$L$1,$N77),WEEKDAY(Y$5,2)<6,COUNTIF(휴일!$A$2:$A$2,Y$5)=0),2,IF(AND(ISNUMBER($K77),Y$5>=$K77,Y$5<=$L77,WEEKDAY(Y$5,2)<6,COUNTIF(휴일!$A$2:$A$2,Y$5)=0),1,"")) | Z77: =IF(AND(ISNUMBER($M77),Z$5>=$M77,Z$5<=IF($N77="",$L$1,$N77),WEEKDAY(Z$5,2)<6,COUNTIF(휴일!$A$2:$A$2,Z$5)=0),2,IF(AND(ISNUMBER($K77),Z$5>=$K77,Z$5<=$L77,WEEKDAY(Z$5,2)<6,COUNTIF(휴일!$A$2:$A$2,Z$5)=0),1,"")) | AA77: =IF(AND(ISNUMBER($M77),AA$5>=$M77,AA$5<=IF($N77="",$L$1,$N77),WEEKDAY(AA$5,2)<6,COUNTIF(휴일!$A$2:$A$2,AA$5)=0),2,IF(AND(ISNUMBER($K77),AA$5>=$K77,AA$5<=$L77,WEEKDAY(AA$5,2)<6,COUNTIF(휴일!$A$2:$A$2,AA$5)=0),1,"")) | AB77: =IF(AND(ISNUMBER($M77),AB$5>=$M77,AB$5<=IF($N77="",$L$1,$N77),WEEKDAY(AB$5,2)<6,COUNTIF(휴일!$A$2:$A$2,AB$5)=0),2,IF(AND(ISNUMBER($K77),AB$5>=$K77,AB$5<=$L77,WEEKDAY(AB$5,2)<6,COUNTIF(휴일!$A$2:$A$2,AB$5)=0),1,"")) | AC77: =IF(AND(ISNUMBER($M77),AC$5>=$M77,AC$5<=IF($N77="",$L$1,$N77),WEEKDAY(AC$5,2)<6,COUNTIF(휴일!$A$2:$A$2,AC$5)=0),2,IF(AND(ISNUMBER($K77),AC$5>=$K77,AC$5<=$L77,WEEKDAY(AC$5,2)<6,COUNTIF(휴일!$A$2:$A$2,AC$5)=0),1,"")) | AD77: =IF(AND(ISNUMBER($M77),AD$5>=$M77,AD$5<=IF($N77="",$L$1,$N77),WEEKDAY(AD$5,2)<6,COUNTIF(휴일!$A$2:$A$2,AD$5)=0),2,IF(AND(ISNUMBER($K77),AD$5>=$K77,AD$5<=$L77,WEEKDAY(AD$5,2)<6,COUNTIF(휴일!$A$2:$A$2,AD$5)=0),1,"")) | AE77: =IF(AND(ISNUMBER($M77),AE$5>=$M77,AE$5<=IF($N77="",$L$1,$N77),WEEKDAY(AE$5,2)<6,COUNTIF(휴일!$A$2:$A$2,AE$5)=0),2,IF(AND(ISNUMBER($K77),AE$5>=$K77,AE$5<=$L77,WEEKDAY(AE$5,2)<6,COUNTIF(휴일!$A$2:$A$2,AE$5)=0),1,"")) -> 1 | AF77: 미착수
F78: 6.04 회귀·성능 결과 최종 정리 | H78: 김찬중 | I78: 권오민 | J78: 전체 미검증·실패 숨기지 않고 최종 결과 기재 | K78: 46309 | L78: 46309 | O78: =IF(OR(K78="",L78=""),"",IF(L78<K78,"날짜 확인",NETWORKDAYS(K78,L78,휴일!$A$2:$A$2))) -> 1 | P78: =IF(OR(M78="",N78=""),"",IF(N78<M78,"날짜 확인",NETWORKDAYS(M78,N78,휴일!$A$2:$A$2))) | Q78: =IF(O78="","",IF($L$1<K78,0,NETWORKDAYS(K78,MIN($L$1,L78),휴일!$A$2:$A$2))) -> 0 | R78: =IF(M78="","",IF($L$1<M78,0,NETWORKDAYS(M78,IF(N78="",$L$1,MIN($L$1,N78)),휴일!$A$2:$A$2))) | S78: =IF(O78="","",IF(O78=0,0,Q78/O78)) -> 0 | T78: =IF(OR(AND(AG78<>"",OR(NOT(ISNUMBER(AG78)),AG78<=0)),AND(AH78<>"",OR(NOT(ISNUMBER(AH78)),AH78<0)),AND(ISNUMBER(AG78),ISNUMBER(AH78),AH78>AG78)),"수량 확인",IF(AF78="완료",1,IF(AF78="미착수",0,IF(AND(ISNUMBER(AG78),ISNUMBER(AH78)),AH78/AG78,"")))) -> 0 | U78: =IF(T78="","",T78) -> 0 | V78: =IF(OR(U78="",S78=""),"",U78-S78) -> 0 | W78: =IF(AND(ISNUMBER($M78),W$5>=$M78,W$5<=IF($N78="",$L$1,$N78),WEEKDAY(W$5,2)<6,COUNTIF(휴일!$A$2:$A$2,W$5)=0),2,IF(AND(ISNUMBER($K78),W$5>=$K78,W$5<=$L78,WEEKDAY(W$5,2)<6,COUNTIF(휴일!$A$2:$A$2,W$5)=0),1,"")) | X78: =IF(AND(ISNUMBER($M78),X$5>=$M78,X$5<=IF($N78="",$L$1,$N78),WEEKDAY(X$5,2)<6,COUNTIF(휴일!$A$2:$A$2,X$5)=0),2,IF(AND(ISNUMBER($K78),X$5>=$K78,X$5<=$L78,WEEKDAY(X$5,2)<6,COUNTIF(휴일!$A$2:$A$2,X$5)=0),1,"")) | Y78: =IF(AND(ISNUMBER($M78),Y$5>=$M78,Y$5<=IF($N78="",$L$1,$N78),WEEKDAY(Y$5,2)<6,COUNTIF(휴일!$A$2:$A$2,Y$5)=0),2,IF(AND(ISNUMBER($K78),Y$5>=$K78,Y$5<=$L78,WEEKDAY(Y$5,2)<6,COUNTIF(휴일!$A$2:$A$2,Y$5)=0),1,"")) | Z78: =IF(AND(ISNUMBER($M78),Z$5>=$M78,Z$5<=IF($N78="",$L$1,$N78),WEEKDAY(Z$5,2)<6,COUNTIF(휴일!$A$2:$A$2,Z$5)=0),2,IF(AND(ISNUMBER($K78),Z$5>=$K78,Z$5<=$L78,WEEKDAY(Z$5,2)<6,COUNTIF(휴일!$A$2:$A$2,Z$5)=0),1,"")) | AA78: =IF(AND(ISNUMBER($M78),AA$5>=$M78,AA$5<=IF($N78="",$L$1,$N78),WEEKDAY(AA$5,2)<6,COUNTIF(휴일!$A$2:$A$2,AA$5)=0),2,IF(AND(ISNUMBER($K78),AA$5>=$K78,AA$5<=$L78,WEEKDAY(AA$5,2)<6,COUNTIF(휴일!$A$2:$A$2,AA$5)=0),1,"")) | AB78: =IF(AND(ISNUMBER($M78),AB$5>=$M78,AB$5<=IF($N78="",$L$1,$N78),WEEKDAY(AB$5,2)<6,COUNTIF(휴일!$A$2:$A$2,AB$5)=0),2,IF(AND(ISNUMBER($K78),AB$5>=$K78,AB$5<=$L78,WEEKDAY(AB$5,2)<6,COUNTIF(휴일!$A$2:$A$2,AB$5)=0),1,"")) | AC78: =IF(AND(ISNUMBER($M78),AC$5>=$M78,AC$5<=IF($N78="",$L$1,$N78),WEEKDAY(AC$5,2)<6,COUNTIF(휴일!$A$2:$A$2,AC$5)=0),2,IF(AND(ISNUMBER($K78),AC$5>=$K78,AC$5<=$L78,WEEKDAY(AC$5,2)<6,COUNTIF(휴일!$A$2:$A$2,AC$5)=0),1,"")) | AD78: =IF(AND(ISNUMBER($M78),AD$5>=$M78,AD$5<=IF($N78="",$L$1,$N78),WEEKDAY(AD$5,2)<6,COUNTIF(휴일!$A$2:$A$2,AD$5)=0),2,IF(AND(ISNUMBER($K78),AD$5>=$K78,AD$5<=$L78,WEEKDAY(AD$5,2)<6,COUNTIF(휴일!$A$2:$A$2,AD$5)=0),1,"")) | AE78: =IF(AND(ISNUMBER($M78),AE$5>=$M78,AE$5<=IF($N78="",$L$1,$N78),WEEKDAY(AE$5,2)<6,COUNTIF(휴일!$A$2:$A$2,AE$5)=0),2,IF(AND(ISNUMBER($K78),AE$5>=$K78,AE$5<=$L78,WEEKDAY(AE$5,2)<6,COUNTIF(휴일!$A$2:$A$2,AE$5)=0),1,"")) -> 1 | AF78: 미착수
F79: 6.05 README 설치·실행·조작 최신화 | H79: 권오민 | I79: 김찬중 | J79: 문서 Unity6000.4.0f1 및 실제 채택 기능·에셋 경로 반영 | K79: 46309 | L79: 46309 | M79: 46307 | O79: =IF(OR(K79="",L79=""),"",IF(L79<K79,"날짜 확인",NETWORKDAYS(K79,L79,휴일!$A$2:$A$2))) -> 1 | P79: =IF(OR(M79="",N79=""),"",IF(N79<M79,"날짜 확인",NETWORKDAYS(M79,N79,휴일!$A$2:$A$2))) | Q79: =IF(O79="","",IF($L$1<K79,0,NETWORKDAYS(K79,MIN($L$1,L79),휴일!$A$2:$A$2))) -> 0 | R79: =IF(M79="","",IF($L$1<M79,0,NETWORKDAYS(M79,IF(N79="",$L$1,MIN($L$1,N79)),휴일!$A$2:$A$2))) -> 2 | S79: =IF(O79="","",IF(O79=0,0,Q79/O79)) -> 0 | T79: =IF(OR(AND(AG79<>"",OR(NOT(ISNUMBER(AG79)),AG79<=0)),AND(AH79<>"",OR(NOT(ISNUMBER(AH79)),AH79<0)),AND(ISNUMBER(AG79),ISNUMBER(AH79),AH79>AG79)),"수량 확인",IF(AF79="완료",1,IF(AF79="미착수",0,IF(AND(ISNUMBER(AG79),ISNUMBER(AH79)),AH79/AG79,"")))) -> 0.75 | U79: =IF(T79="","",T79) -> 0.75 | V79: =IF(OR(U79="",S79=""),"",U79-S79) -> 0.75 | W79: =IF(AND(ISNUMBER($M79),W$5>=$M79,W$5<=IF($N79="",$L$1,$N79),WEEKDAY(W$5,2)<6,COUNTIF(휴일!$A$2:$A$2,W$5)=0),2,IF(AND(ISNUMBER($K79),W$5>=$K79,W$5<=$L79,WEEKDAY(W$5,2)<6,COUNTIF(휴일!$A$2:$A$2,W$5)=0),1,"")) | X79: =IF(AND(ISNUMBER($M79),X$5>=$M79,X$5<=IF($N79="",$L$1,$N79),WEEKDAY(X$5,2)<6,COUNTIF(휴일!$A$2:$A$2,X$5)=0),2,IF(AND(ISNUMBER($K79),X$5>=$K79,X$5<=$L79,WEEKDAY(X$5,2)<6,COUNTIF(휴일!$A$2:$A$2,X$5)=0),1,"")) | Y79: =IF(AND(ISNUMBER($M79),Y$5>=$M79,Y$5<=IF($N79="",$L$1,$N79),WEEKDAY(Y$5,2)<6,COUNTIF(휴일!$A$2:$A$2,Y$5)=0),2,IF(AND(ISNUMBER($K79),Y$5>=$K79,Y$5<=$L79,WEEKDAY(Y$5,2)<6,COUNTIF(휴일!$A$2:$A$2,Y$5)=0),1,"")) | Z79: =IF(AND(ISNUMBER($M79),Z$5>=$M79,Z$5<=IF($N79="",$L$1,$N79),WEEKDAY(Z$5,2)<6,COUNTIF(휴일!$A$2:$A$2,Z$5)=0),2,IF(AND(ISNUMBER($K79),Z$5>=$K79,Z$5<=$L79,WEEKDAY(Z$5,2)<6,COUNTIF(휴일!$A$2:$A$2,Z$5)=0),1,"")) | AA79: =IF(AND(ISNUMBER($M79),AA$5>=$M79,AA$5<=IF($N79="",$L$1,$N79),WEEKDAY(AA$5,2)<6,COUNTIF(휴일!$A$2:$A$2,AA$5)=0),2,IF(AND(ISNUMBER($K79),AA$5>=$K79,AA$5<=$L79,WEEKDAY(AA$5,2)<6,COUNTIF(휴일!$A$2:$A$2,AA$5)=0),1,"")) | AB79: =IF(AND(ISNUMBER($M79),AB$5>=$M79,AB$5<=IF($N79="",$L$1,$N79),WEEKDAY(AB$5,2)<6,COUNTIF(휴일!$A$2:$A$2,AB$5)=0),2,IF(AND(ISNUMBER($K79),AB$5>=$K79,AB$5<=$L79,WEEKDAY(AB$5,2)<6,COUNTIF(휴일!$A$2:$A$2,AB$5)=0),1,"")) | AC79: =IF(AND(ISNUMBER($M79),AC$5>=$M79,AC$5<=IF($N79="",$L$1,$N79),WEEKDAY(AC$5,2)<6,COUNTIF(휴일!$A$2:$A$2,AC$5)=0),2,IF(AND(ISNUMBER($K79),AC$5>=$K79,AC$5<=$L79,WEEKDAY(AC$5,2)<6,COUNTIF(휴일!$A$2:$A$2,AC$5)=0),1,"")) -> 2 | AD79: =IF(AND(ISNUMBER($M79),AD$5>=$M79,AD$5<=IF($N79="",$L$1,$N79),WEEKDAY(AD$5,2)<6,COUNTIF(휴일!$A$2:$A$2,AD$5)=0),2,IF(AND(ISNUMBER($K79),AD$5>=$K79,AD$5<=$L79,WEEKDAY(AD$5,2)<6,COUNTIF(휴일!$A$2:$A$2,AD$5)=0),1,"")) -> 2 | AE79: =IF(AND(ISNUMBER($M79),AE$5>=$M79,AE$5<=IF($N79="",$L$1,$N79),WEEKDAY(AE$5,2)<6,COUNTIF(휴일!$A$2:$A$2,AE$5)=0),2,IF(AND(ISNUMBER($K79),AE$5>=$K79,AE$5<=$L79,WEEKDAY(AE$5,2)<6,COUNTIF(휴일!$A$2:$A$2,AE$5)=0),1,"")) -> 1 | AF79: 진행 중 | AG79: 4 | AH79: 3
F80: 6.06 SRS·WBS·TC·잔여 결함 정합성 검토 | H80: 김찬중 | I80: 권오민 | J80: 문서 요구사항 ID·테스트·릴리스 범위 일치 | K80: 46309 | L80: 46309 | M80: 46307 | O80: =IF(OR(K80="",L80=""),"",IF(L80<K80,"날짜 확인",NETWORKDAYS(K80,L80,휴일!$A$2:$A$2))) -> 1 | P80: =IF(OR(M80="",N80=""),"",IF(N80<M80,"날짜 확인",NETWORKDAYS(M80,N80,휴일!$A$2:$A$2))) | Q80: =IF(O80="","",IF($L$1<K80,0,NETWORKDAYS(K80,MIN($L$1,L80),휴일!$A$2:$A$2))) -> 0 | R80: =IF(M80="","",IF($L$1<M80,0,NETWORKDAYS(M80,IF(N80="",$L$1,MIN($L$1,N80)),휴일!$A$2:$A$2))) -> 2 | S80: =IF(O80="","",IF(O80=0,0,Q80/O80)) -> 0 | T80: =IF(OR(AND(AG80<>"",OR(NOT(ISNUMBER(AG80)),AG80<=0)),AND(AH80<>"",OR(NOT(ISNUMBER(AH80)),AH80<0)),AND(ISNUMBER(AG80),ISNUMBER(AH80),AH80>AG80)),"수량 확인",IF(AF80="완료",1,IF(AF80="미착수",0,IF(AND(ISNUMBER(AG80),ISNUMBER(AH80)),AH80/AG80,"")))) -> 0.66666667 | U80: =IF(T80="","",T80) -> 0.66666667 | V80: =IF(OR(U80="",S80=""),"",U80-S80) -> 0.66666667 | W80: =IF(AND(ISNUMBER($M80),W$5>=$M80,W$5<=IF($N80="",$L$1,$N80),WEEKDAY(W$5,2)<6,COUNTIF(휴일!$A$2:$A$2,W$5)=0),2,IF(AND(ISNUMBER($K80),W$5>=$K80,W$5<=$L80,WEEKDAY(W$5,2)<6,COUNTIF(휴일!$A$2:$A$2,W$5)=0),1,"")) | X80: =IF(AND(ISNUMBER($M80),X$5>=$M80,X$5<=IF($N80="",$L$1,$N80),WEEKDAY(X$5,2)<6,COUNTIF(휴일!$A$2:$A$2,X$5)=0),2,IF(AND(ISNUMBER($K80),X$5>=$K80,X$5<=$L80,WEEKDAY(X$5,2)<6,COUNTIF(휴일!$A$2:$A$2,X$5)=0),1,"")) | Y80: =IF(AND(ISNUMBER($M80),Y$5>=$M80,Y$5<=IF($N80="",$L$1,$N80),WEEKDAY(Y$5,2)<6,COUNTIF(휴일!$A$2:$A$2,Y$5)=0),2,IF(AND(ISNUMBER($K80),Y$5>=$K80,Y$5<=$L80,WEEKDAY(Y$5,2)<6,COUNTIF(휴일!$A$2:$A$2,Y$5)=0),1,"")) | Z80: =IF(AND(ISNUMBER($M80),Z$5>=$M80,Z$5<=IF($N80="",$L$1,$N80),WEEKDAY(Z$5,2)<6,COUNTIF(휴일!$A$2:$A$2,Z$5)=0),2,IF(AND(ISNUMBER($K80),Z$5>=$K80,Z$5<=$L80,WEEKDAY(Z$5,2)<6,COUNTIF(휴일!$A$2:$A$2,Z$5)=0),1,"")) | AA80: =IF(AND(ISNUMBER($M80),AA$5>=$M80,AA$5<=IF($N80="",$L$1,$N80),WEEKDAY(AA$5,2)<6,COUNTIF(휴일!$A$2:$A$2,AA$5)=0),2,IF(AND(ISNUMBER($K80),AA$5>=$K80,AA$5<=$L80,WEEKDAY(AA$5,2)<6,COUNTIF(휴일!$A$2:$A$2,AA$5)=0),1,"")) | AB80: =IF(AND(ISNUMBER($M80),AB$5>=$M80,AB$5<=IF($N80="",$L$1,$N80),WEEKDAY(AB$5,2)<6,COUNTIF(휴일!$A$2:$A$2,AB$5)=0),2,IF(AND(ISNUMBER($K80),AB$5>=$K80,AB$5<=$L80,WEEKDAY(AB$5,2)<6,COUNTIF(휴일!$A$2:$A$2,AB$5)=0),1,"")) | AC80: =IF(AND(ISNUMBER($M80),AC$5>=$M80,AC$5<=IF($N80="",$L$1,$N80),WEEKDAY(AC$5,2)<6,COUNTIF(휴일!$A$2:$A$2,AC$5)=0),2,IF(AND(ISNUMBER($K80),AC$5>=$K80,AC$5<=$L80,WEEKDAY(AC$5,2)<6,COUNTIF(휴일!$A$2:$A$2,AC$5)=0),1,"")) -> 2 | AD80: =IF(AND(ISNUMBER($M80),AD$5>=$M80,AD$5<=IF($N80="",$L$1,$N80),WEEKDAY(AD$5,2)<6,COUNTIF(휴일!$A$2:$A$2,AD$5)=0),2,IF(AND(ISNUMBER($K80),AD$5>=$K80,AD$5<=$L80,WEEKDAY(AD$5,2)<6,COUNTIF(휴일!$A$2:$A$2,AD$5)=0),1,"")) -> 2 | AE80: =IF(AND(ISNUMBER($M80),AE$5>=$M80,AE$5<=IF($N80="",$L$1,$N80),WEEKDAY(AE$5,2)<6,COUNTIF(휴일!$A$2:$A$2,AE$5)=0),2,IF(AND(ISNUMBER($K80),AE$5>=$K80,AE$5<=$L80,WEEKDAY(AE$5,2)<6,COUNTIF(휴일!$A$2:$A$2,AE$5)=0),1,"")) -> 1 | AF80: 진행 중 | AG80: 3 | AH80: 2
F81: 6.07 발표 자료·역할·시연 대본 작성 | H81: 권오민 | I81: 김찬중 | J81: 발표 문제·구조·핵심 기능·검증 결과와 역할 설명 | K81: 46309 | L81: 46309 | O81: =IF(OR(K81="",L81=""),"",IF(L81<K81,"날짜 확인",NETWORKDAYS(K81,L81,휴일!$A$2:$A$2))) -> 1 | P81: =IF(OR(M81="",N81=""),"",IF(N81<M81,"날짜 확인",NETWORKDAYS(M81,N81,휴일!$A$2:$A$2))) | Q81: =IF(O81="","",IF($L$1<K81,0,NETWORKDAYS(K81,MIN($L$1,L81),휴일!$A$2:$A$2))) -> 0 | R81: =IF(M81="","",IF($L$1<M81,0,NETWORKDAYS(M81,IF(N81="",$L$1,MIN($L$1,N81)),휴일!$A$2:$A$2))) | S81: =IF(O81="","",IF(O81=0,0,Q81/O81)) -> 0 | T81: =IF(OR(AND(AG81<>"",OR(NOT(ISNUMBER(AG81)),AG81<=0)),AND(AH81<>"",OR(NOT(ISNUMBER(AH81)),AH81<0)),AND(ISNUMBER(AG81),ISNUMBER(AH81),AH81>AG81)),"수량 확인",IF(AF81="완료",1,IF(AF81="미착수",0,IF(AND(ISNUMBER(AG81),ISNUMBER(AH81)),AH81/AG81,"")))) -> 0 | U81: =IF(T81="","",T81) -> 0 | V81: =IF(OR(U81="",S81=""),"",U81-S81) -> 0 | W81: =IF(AND(ISNUMBER($M81),W$5>=$M81,W$5<=IF($N81="",$L$1,$N81),WEEKDAY(W$5,2)<6,COUNTIF(휴일!$A$2:$A$2,W$5)=0),2,IF(AND(ISNUMBER($K81),W$5>=$K81,W$5<=$L81,WEEKDAY(W$5,2)<6,COUNTIF(휴일!$A$2:$A$2,W$5)=0),1,"")) | X81: =IF(AND(ISNUMBER($M81),X$5>=$M81,X$5<=IF($N81="",$L$1,$N81),WEEKDAY(X$5,2)<6,COUNTIF(휴일!$A$2:$A$2,X$5)=0),2,IF(AND(ISNUMBER($K81),X$5>=$K81,X$5<=$L81,WEEKDAY(X$5,2)<6,COUNTIF(휴일!$A$2:$A$2,X$5)=0),1,"")) | Y81: =IF(AND(ISNUMBER($M81),Y$5>=$M81,Y$5<=IF($N81="",$L$1,$N81),WEEKDAY(Y$5,2)<6,COUNTIF(휴일!$A$2:$A$2,Y$5)=0),2,IF(AND(ISNUMBER($K81),Y$5>=$K81,Y$5<=$L81,WEEKDAY(Y$5,2)<6,COUNTIF(휴일!$A$2:$A$2,Y$5)=0),1,"")) | Z81: =IF(AND(ISNUMBER($M81),Z$5>=$M81,Z$5<=IF($N81="",$L$1,$N81),WEEKDAY(Z$5,2)<6,COUNTIF(휴일!$A$2:$A$2,Z$5)=0),2,IF(AND(ISNUMBER($K81),Z$5>=$K81,Z$5<=$L81,WEEKDAY(Z$5,2)<6,COUNTIF(휴일!$A$2:$A$2,Z$5)=0),1,"")) | AA81: =IF(AND(ISNUMBER($M81),AA$5>=$M81,AA$5<=IF($N81="",$L$1,$N81),WEEKDAY(AA$5,2)<6,COUNTIF(휴일!$A$2:$A$2,AA$5)=0),2,IF(AND(ISNUMBER($K81),AA$5>=$K81,AA$5<=$L81,WEEKDAY(AA$5,2)<6,COUNTIF(휴일!$A$2:$A$2,AA$5)=0),1,"")) | AB81: =IF(AND(ISNUMBER($M81),AB$5>=$M81,AB$5<=IF($N81="",$L$1,$N81),WEEKDAY(AB$5,2)<6,COUNTIF(휴일!$A$2:$A$2,AB$5)=0),2,IF(AND(ISNUMBER($K81),AB$5>=$K81,AB$5<=$L81,WEEKDAY(AB$5,2)<6,COUNTIF(휴일!$A$2:$A$2,AB$5)=0),1,"")) | AC81: =IF(AND(ISNUMBER($M81),AC$5>=$M81,AC$5<=IF($N81="",$L$1,$N81),WEEKDAY(AC$5,2)<6,COUNTIF(휴일!$A$2:$A$2,AC$5)=0),2,IF(AND(ISNUMBER($K81),AC$5>=$K81,AC$5<=$L81,WEEKDAY(AC$5,2)<6,COUNTIF(휴일!$A$2:$A$2,AC$5)=0),1,"")) | AD81: =IF(AND(ISNUMBER($M81),AD$5>=$M81,AD$5<=IF($N81="",$L$1,$N81),WEEKDAY(AD$5,2)<6,COUNTIF(휴일!$A$2:$A$2,AD$5)=0),2,IF(AND(ISNUMBER($K81),AD$5>=$K81,AD$5<=$L81,WEEKDAY(AD$5,2)<6,COUNTIF(휴일!$A$2:$A$2,AD$5)=0),1,"")) | AE81: =IF(AND(ISNUMBER($M81),AE$5>=$M81,AE$5<=IF($N81="",$L$1,$N81),WEEKDAY(AE$5,2)<6,COUNTIF(휴일!$A$2:$A$2,AE$5)=0),2,IF(AND(ISNUMBER($K81),AE$5>=$K81,AE$5<=$L81,WEEKDAY(AE$5,2)<6,COUNTIF(휴일!$A$2:$A$2,AE$5)=0),1,"")) -> 1 | AF81: 미착수
F82: 6.08 시연 영상·백업 실행본 확보 | H82: 김찬중 | I82: 권오민 | J82: 발표 실행 장애 대비 영상·빌드 로컬 재생 확인 | K82: 46309 | L82: 46309 | O82: =IF(OR(K82="",L82=""),"",IF(L82<K82,"날짜 확인",NETWORKDAYS(K82,L82,휴일!$A$2:$A$2))) -> 1 | P82: =IF(OR(M82="",N82=""),"",IF(N82<M82,"날짜 확인",NETWORKDAYS(M82,N82,휴일!$A$2:$A$2))) | Q82: =IF(O82="","",IF($L$1<K82,0,NETWORKDAYS(K82,MIN($L$1,L82),휴일!$A$2:$A$2))) -> 0 | R82: =IF(M82="","",IF($L$1<M82,0,NETWORKDAYS(M82,IF(N82="",$L$1,MIN($L$1,N82)),휴일!$A$2:$A$2))) | S82: =IF(O82="","",IF(O82=0,0,Q82/O82)) -> 0 | T82: =IF(OR(AND(AG82<>"",OR(NOT(ISNUMBER(AG82)),AG82<=0)),AND(AH82<>"",OR(NOT(ISNUMBER(AH82)),AH82<0)),AND(ISNUMBER(AG82),ISNUMBER(AH82),AH82>AG82)),"수량 확인",IF(AF82="완료",1,IF(AF82="미착수",0,IF(AND(ISNUMBER(AG82),ISNUMBER(AH82)),AH82/AG82,"")))) -> 0 | U82: =IF(T82="","",T82) -> 0 | V82: =IF(OR(U82="",S82=""),"",U82-S82) -> 0 | W82: =IF(AND(ISNUMBER($M82),W$5>=$M82,W$5<=IF($N82="",$L$1,$N82),WEEKDAY(W$5,2)<6,COUNTIF(휴일!$A$2:$A$2,W$5)=0),2,IF(AND(ISNUMBER($K82),W$5>=$K82,W$5<=$L82,WEEKDAY(W$5,2)<6,COUNTIF(휴일!$A$2:$A$2,W$5)=0),1,"")) | X82: =IF(AND(ISNUMBER($M82),X$5>=$M82,X$5<=IF($N82="",$L$1,$N82),WEEKDAY(X$5,2)<6,COUNTIF(휴일!$A$2:$A$2,X$5)=0),2,IF(AND(ISNUMBER($K82),X$5>=$K82,X$5<=$L82,WEEKDAY(X$5,2)<6,COUNTIF(휴일!$A$2:$A$2,X$5)=0),1,"")) | Y82: =IF(AND(ISNUMBER($M82),Y$5>=$M82,Y$5<=IF($N82="",$L$1,$N82),WEEKDAY(Y$5,2)<6,COUNTIF(휴일!$A$2:$A$2,Y$5)=0),2,IF(AND(ISNUMBER($K82),Y$5>=$K82,Y$5<=$L82,WEEKDAY(Y$5,2)<6,COUNTIF(휴일!$A$2:$A$2,Y$5)=0),1,"")) | Z82: =IF(AND(ISNUMBER($M82),Z$5>=$M82,Z$5<=IF($N82="",$L$1,$N82),WEEKDAY(Z$5,2)<6,COUNTIF(휴일!$A$2:$A$2,Z$5)=0),2,IF(AND(ISNUMBER($K82),Z$5>=$K82,Z$5<=$L82,WEEKDAY(Z$5,2)<6,COUNTIF(휴일!$A$2:$A$2,Z$5)=0),1,"")) | AA82: =IF(AND(ISNUMBER($M82),AA$5>=$M82,AA$5<=IF($N82="",$L$1,$N82),WEEKDAY(AA$5,2)<6,COUNTIF(휴일!$A$2:$A$2,AA$5)=0),2,IF(AND(ISNUMBER($K82),AA$5>=$K82,AA$5<=$L82,WEEKDAY(AA$5,2)<6,COUNTIF(휴일!$A$2:$A$2,AA$5)=0),1,"")) | AB82: =IF(AND(ISNUMBER($M82),AB$5>=$M82,AB$5<=IF($N82="",$L$1,$N82),WEEKDAY(AB$5,2)<6,COUNTIF(휴일!$A$2:$A$2,AB$5)=0),2,IF(AND(ISNUMBER($K82),AB$5>=$K82,AB$5<=$L82,WEEKDAY(AB$5,2)<6,COUNTIF(휴일!$A$2:$A$2,AB$5)=0),1,"")) | AC82: =IF(AND(ISNUMBER($M82),AC$5>=$M82,AC$5<=IF($N82="",$L$1,$N82),WEEKDAY(AC$5,2)<6,COUNTIF(휴일!$A$2:$A$2,AC$5)=0),2,IF(AND(ISNUMBER($K82),AC$5>=$K82,AC$5<=$L82,WEEKDAY(AC$5,2)<6,COUNTIF(휴일!$A$2:$A$2,AC$5)=0),1,"")) | AD82: =IF(AND(ISNUMBER($M82),AD$5>=$M82,AD$5<=IF($N82="",$L$1,$N82),WEEKDAY(AD$5,2)<6,COUNTIF(휴일!$A$2:$A$2,AD$5)=0),2,IF(AND(ISNUMBER($K82),AD$5>=$K82,AD$5<=$L82,WEEKDAY(AD$5,2)<6,COUNTIF(휴일!$A$2:$A$2,AD$5)=0),1,"")) | AE82: =IF(AND(ISNUMBER($M82),AE$5>=$M82,AE$5<=IF($N82="",$L$1,$N82),WEEKDAY(AE$5,2)<6,COUNTIF(휴일!$A$2:$A$2,AE$5)=0),2,IF(AND(ISNUMBER($K82),AE$5>=$K82,AE$5<=$L82,WEEKDAY(AE$5,2)<6,COUNTIF(휴일!$A$2:$A$2,AE$5)=0),1,"")) -> 1 | AF82: 미착수
